{"type":"FeatureCollection", "features": [
{"type":"Feature","geometry":{"type":"Polygon","coordinates":[[[180,-16.17],[180,-16.15],[179.55,-16.25],[178.81,-16.63],[179.01,-16.9],[179.93,-16.74],[179.75,-16.45],[180,-16.17]]]},"properties":{"scalerank":0,"featurecla":"Land","min_zoom":1.5}},
{"type":"Feature","geometry":{"type":"Polygon","coordinates":[[[177.23,-17.15],[177.28,-17.1],[177.29,-17.05],[177.21,-17.08],[177.23,-17.15]]]},"properties":{"scalerank":0,"featurecla":"Land","min_zoom":4}},
{"type":"Feature","geometry":{"type":"Polygon","coordinates":[[[127.37,0.79],[127.32,0.86],[127.29,0.81],[127.37,0.79]]]},"properties":{"scalerank":0,"featurecla":"Land","min_zoom":4}},
{"type":"Feature","geometry":{"type":"Polygon","coordinates":[[[-81.33,24.65],[-81.32,24.69],[-81.42,24.73],[-81.36,24.63],[-81.33,24.65]]]},"properties":{"scalerank":0,"featurecla":"Land","min_zoom":3}},
{"type":"Feature","geometry":{"type":"Polygon","coordinates":[[[-80.83,24.8],[-80.79,24.82],[-80.8,24.85],[-80.84,24.82],[-80.83,24.8]]]},"properties":{"scalerank":0,"featurecla":"Land","min_zoom":4}},
{"type":"Feature","geometry":{"type":"Polygon","coordinates":[[[-80.64,24.9],[-80.61,24.94],[-80.63,24.94],[-80.67,24.9],[-80.64,24.9]]]},"properties":{"scalerank":0,"featurecla":"Land","min_zoom":4}},
{"type":"Feature","geometry":{"type":"Polygon","coordinates":[[[143.18,-11.95],[142.87,-11.82],[142.84,-11.31],[142.46,-10.71],[142.17,-10.95],[141.95,-11.9],[141.68,-12.49],[141.65,-13.26],[141.47,-13.8],[141.63,-15.06],[141.22,-16.65],[140.83,-17.41],[140.04,-17.7],[139.25,-17.33],[139.01,-16.9],[138.25,-16.72],[137.7,-16.23],[137,-15.88],[136.78,-15.89],[136.21,-15.4],[135.53,-15],[135.41,-14.76],[135.88,-14.15],[135.93,-13.3],[136.59,-13],[136.54,-12.78],[136.95,-12.35],[136.54,-11.96],[136.08,-12.42],[135.79,-11.91],[135.22,-12.22],[134.73,-11.98],[134.24,-12.01],[133.9,-11.83],[133.19,-11.71],[132.68,-11.51],[132.58,-12.11],[132.37,-12.24],[131.44,-12.28],[130.67,-12.41],[130.17,-12.96],[130.26,-13.3],[129.84,-13.57],[129.71,-13.98],[129.38,-14.39],[129.75,-14.79],[129.46,-14.93],[128.2,-14.75],[127.67,-14.2],[126.9,-13.74],[126.57,-14.16],[126.11,-14.11],[126.02,-14.49],[125.68,-14.39],[125.18,-14.71],[124.38,-15.76],[124.58,-16.11],[123.49,-16.49],[123.78,-16.87],[123.53,-17.49],[122.97,-16.44],[122.16,-17.31],[122.24,-17.97],[121.83,-18.48],[121.49,-19.11],[120.88,-19.67],[119.59,-20.04],[119.1,-20],[118.75,-20.26],[118.2,-20.38],[117.41,-20.72],[116.71,-20.65],[116.01,-21.03],[115.46,-21.49],[114.86,-21.74],[114.38,-22.34],[113.96,-21.94],[113.68,-22.64],[113.76,-23.42],[113.55,-23.73],[113.42,-24.44],[114.21,-25.85],[114.22,-26.29],[113.54,-25.63],[113.58,-26.56],[114.03,-27.35],[114.17,-28.08],[114.54,-28.54],[114.96,-29.43],[114.99,-30.22],[115.18,-30.81],[115.7,-31.69],[115.68,-33.19],[115.18,-33.64],[115.01,-34.26],[115.73,-34.53],[116.52,-34.99],[117.58,-35.1],[118.14,-34.99],[118.9,-34.48],[119.45,-34.37],[119.85,-33.97],[121.41,-33.83],[122.78,-33.89],[123.21,-33.99],[123.65,-33.84],[124.13,-33.13],[125.92,-32.3],[127.32,-32.26],[128.07,-32.07],[128.95,-31.7],[131.14,-31.5],[132.21,-32.01],[132.76,-31.96],[133.55,-32.18],[134.23,-32.55],[134.3,-33.17],[134.79,-33.33],[135.19,-33.91],[135.65,-34.94],[136.43,-34.03],[137.24,-33.63],[137.44,-33.19],[137.85,-33.2],[137.93,-33.58],[137.49,-34.16],[137.39,-34.91],[137.69,-35.14],[138.09,-34.17],[138.49,-34.76],[138.51,-35.02],[138.18,-35.61],[139.04,-35.69],[139.55,-36.1],[139.86,-36.66],[139.78,-37.25],[140.63,-38.03],[141.42,-38.36],[141.73,-38.27],[142.61,-38.45],[143.54,-38.82],[144.67,-38.21],[145.79,-38.67],[145.94,-38.9],[146.86,-38.66],[147.4,-38.22],[148.26,-37.83],[149.3,-37.8],[149.93,-37.53],[149.96,-36.85],[150.2,-35.83],[150.69,-35.18],[150.96,-34.3],[151.23,-34.03],[151.48,-33.35],[151.81,-32.9],[152.47,-32.44],[152.56,-32.05],[152.94,-31.43],[153.03,-30.56],[153.27,-29.89],[153.35,-29.29],[153.6,-28.85],[153.58,-28.24],[153.12,-27.19],[153.08,-26.3],[153.16,-25.96],[152.91,-25.43],[151.9,-24.2],[151.5,-24.01],[150.84,-23.46],[150.76,-22.58],[150.08,-22.16],[149.7,-22.44],[149.2,-21.13],[148.68,-20.58],[148.76,-20.29],[147.92,-19.87],[147.42,-19.38],[147.14,-19.39],[146.48,-19.08],[146.33,-18.55],[146.03,-18.27],[146.13,-17.64],[145.9,-17.07],[145.43,-16.41],[145.46,-16.06],[145.27,-15.48],[145.29,-14.94],[144.65,-14.49],[144.47,-14.23],[143.96,-14.46],[143.76,-14.35],[143.55,-13.74],[143.59,-13.44],[143.4,-12.64],[143.11,-12.3],[143.18,-11.95]]]},"properties":{"scalerank":0,"featurecla":"Land","min_zoom":0}},
{"type":"Feature","geometry":{"type":"Polygon","coordinates":[[[178.28,-17.37],[177.62,-17.46],[177.26,-17.86],[177.32,-18.08],[177.85,-18.25],[178.67,-18.08],[178.59,-17.65],[178.28,-17.37]]]},"properties":{"scalerank":0,"featurecla":"Land","min_zoom":0.5}},
{"type":"Feature","geometry":{"type":"Polygon","coordinates":[[[164.2,-20.25],[164.45,-20.83],[165.24,-21.53],[166.77,-22.38],[166.94,-22.09],[165.66,-21.27],[165.19,-20.77],[164.44,-20.28],[164.2,-20.25]]]},"properties":{"scalerank":0,"featurecla":"Land","min_zoom":1}},
{"type":"Feature","geometry":{"type":"Polygon","coordinates":[[[127.73,0.85],[128.01,1.33],[128.01,1.7],[127.63,1.84],[127.42,1.25],[127.56,0.49],[128.69,0.36],[128.3,0.88],[128.7,1.11],[128.42,1.52],[127.73,0.85]]]},"properties":{"scalerank":0,"featurecla":"Land","min_zoom":1}},
{"type":"Feature","geometry":{"type":"Polygon","coordinates":[[[69.18,-49.11],[68.87,-49.44],[69.61,-49.65],[69.92,-49.35],[69.18,-49.11]]]},"properties":{"scalerank":0,"featurecla":"Land","min_zoom":0.5}},
{"type":"Feature","geometry":{"type":"Polygon","coordinates":[[[63.37,80.7],[64.55,80.76],[65.38,81.06],[63.12,80.97],[63.37,80.7]]]},"properties":{"scalerank":0,"featurecla":"Land","min_zoom":1.5}},
{"type":"Feature","geometry":{"type":"Polygon","coordinates":[[[57.96,80.12],[58.48,80.46],[57.08,80.49],[57.96,80.12]]]},"properties":{"scalerank":0,"featurecla":"Land","min_zoom":2}},
{"type":"Feature","geometry":{"type":"Polygon","coordinates":[[[-25.43,70.92],[-27.71,70.9],[-27.9,70.45],[-25.4,70.65],[-25.43,70.92]]]},"properties":{"scalerank":0,"featurecla":"Land","min_zoom":0}},
{"type":"Feature","geometry":{"type":"Polygon","coordinates":[[[159.75,-9.27],[159.85,-9.79],[160.65,-9.93],[160.63,-9.59],[159.75,-9.27]]]},"properties":{"scalerank":0,"featurecla":"Land","min_zoom":1}},
{"type":"Feature","geometry":{"type":"Polygon","coordinates":[[[117.31,8.44],[118.43,9.26],[118.78,9.92],[119.19,10.06],[119.68,10.55],[119.53,10.95],[118.11,9.35],[117.35,8.71],[117.31,8.44]]]},"properties":{"scalerank":0,"featurecla":"Land","min_zoom":1}},
{"type":"Feature","geometry":{"type":"Polygon","coordinates":[[[122.5,11.62],[122.1,11.64],[121.96,10.87],[122.2,10.62],[122.77,10.82],[123.16,11.54],[122.5,11.62]]]},"properties":{"scalerank":0,"featurecla":"Land","min_zoom":1}},
{"type":"Feature","geometry":{"type":"Polygon","coordinates":[[[123.13,9.06],[123.31,9.36],[123.16,9.86],[123.57,10.78],[123.26,10.99],[122.98,10.89],[122.82,10.5],[122.86,10.09],[122.47,9.96],[122.56,9.48],[123.13,9.06]]]},"properties":{"scalerank":0,"featurecla":"Land","min_zoom":1}},
{"type":"Feature","geometry":{"type":"Polygon","coordinates":[[[124.57,11.34],[124.45,10.92],[124.79,10.78],[124.78,10.17],[125.25,10.26],[125.01,10.79],[124.93,11.37],[124.57,11.34]]]},"properties":{"scalerank":0,"featurecla":"Land","min_zoom":0}},
{"type":"Feature","geometry":{"type":"Polygon","coordinates":[[[125.24,12.53],[124.29,12.57],[124.38,12.24],[124.88,11.78],[125.23,11.15],[125.63,11.13],[125.46,11.95],[125.54,12.19],[125.24,12.53]]]},"properties":{"scalerank":0,"featurecla":"Land","min_zoom":0}},
{"type":"Feature","geometry":{"type":"Polygon","coordinates":[[[120.7,13.48],[120.51,13.26],[120.92,12.51],[121.24,12.22],[121.54,12.64],[121.52,13.13],[121.2,13.43],[120.7,13.48]]]},"properties":{"scalerank":0,"featurecla":"Land","min_zoom":1.5}},
{"type":"Feature","geometry":{"type":"Polygon","coordinates":[[[155.96,-6.69],[155,-5.54],[154.78,-5.97],[155.2,-6.31],[155.34,-6.72],[155.72,-6.86],[155.96,-6.69]]]},"properties":{"scalerank":0,"featurecla":"Land","min_zoom":1}},
{"type":"Feature","geometry":{"type":"Polygon","coordinates":[[[152.97,-4.76],[153.12,-4.25],[152.6,-3.99],[152.68,-4.5],[152.97,-4.76]]]},"properties":{"scalerank":0,"featurecla":"Land","min_zoom":1.5}},
{"type":"Feature","geometry":{"type":"Polygon","coordinates":[[[138.54,-8.27],[138.99,-7.7],[138.77,-7.39],[138.3,-7.44],[138.01,-7.64],[137.69,-8.26],[138.3,-8.41],[138.54,-8.27]]]},"properties":{"scalerank":0,"featurecla":"Land","min_zoom":0.5}},
{"type":"Feature","geometry":{"type":"Polygon","coordinates":[[[129.75,-2.87],[129.43,-2.79],[128.2,-2.87],[128.08,-3.18],[128.42,-3.42],[128.97,-3.33],[129.47,-3.45],[129.84,-3.33],[130.81,-3.86],[130.86,-3.57],[130.38,-2.99],[129.75,-2.87]]]},"properties":{"scalerank":0,"featurecla":"Land","min_zoom":1}},
{"type":"Feature","geometry":{"type":"Polygon","coordinates":[[[126.86,-3.09],[126.03,-3.17],[126.21,-3.61],[126.69,-3.82],[127.23,-3.63],[127.23,-3.39],[126.86,-3.09]]]},"properties":{"scalerank":0,"featurecla":"Land","min_zoom":1.5}},
{"type":"Feature","geometry":{"type":"Polygon","coordinates":[[[122.78,-8.61],[122.26,-8.62],[121.97,-8.46],[121.44,-8.58],[120.61,-8.24],[119.92,-8.45],[119.81,-8.7],[121.04,-8.94],[121.65,-8.9],[122.78,-8.61]]]},"properties":{"scalerank":0,"featurecla":"Land","min_zoom":1}},
{"type":"Feature","geometry":{"type":"Polygon","coordinates":[[[120.01,-9.37],[119.19,-9.38],[119.09,-9.71],[119.6,-9.77],[120.44,-10.29],[120.83,-10.04],[120.5,-9.67],[120.01,-9.37]]]},"properties":{"scalerank":0,"featurecla":"Land","min_zoom":1.5}},
{"type":"Feature","geometry":{"type":"Polygon","coordinates":[[[118.24,-8.32],[118.12,-8.12],[117.57,-8.43],[117.16,-8.37],[116.84,-8.53],[116.79,-9.01],[117.06,-9.1],[118.19,-8.84],[119.01,-8.75],[118.99,-8.34],[118.24,-8.32]]]},"properties":{"scalerank":0,"featurecla":"Land","min_zoom":1}},
{"type":"Feature","geometry":{"type":"Polygon","coordinates":[[[116.64,-8.61],[116.4,-8.2],[116.06,-8.44],[116.08,-8.74],[116.38,-8.93],[116.64,-8.61]]]},"properties":{"scalerank":0,"featurecla":"Land","min_zoom":2}},
{"type":"Feature","geometry":{"type":"Polygon","coordinates":[[[115.45,-8.16],[114.48,-8.12],[115.24,-8.8],[115.7,-8.41],[115.45,-8.16]]]},"properties":{"scalerank":0,"featurecla":"Land","min_zoom":0.5}},
{"type":"Feature","geometry":{"type":"Polygon","coordinates":[[[106.05,-1.67],[105.59,-1.53],[105.13,-2.04],[105.79,-2.18],[106,-2.82],[106.55,-3.06],[106.68,-2.7],[106.37,-2.46],[106.05,-1.67]]]},"properties":{"scalerank":0,"featurecla":"Land","min_zoom":2}},
{"type":"Feature","geometry":{"type":"Polygon","coordinates":[[[22.62,58.62],[22.08,58.48],[22.15,58.12],[23.29,58.48],[22.62,58.62]]]},"properties":{"scalerank":0,"featurecla":"Land","min_zoom":2}},
{"type":"Feature","geometry":{"type":"Polygon","coordinates":[[[21.61,78.6],[20.23,78.48],[22.06,77.5],[23.84,77.5],[21.61,78.6]]]},"properties":{"scalerank":0,"featurecla":"Land","min_zoom":1}},
{"type":"Feature","geometry":{"type":"Polygon","coordinates":[[[62.17,80.83],[59.59,80.82],[59.3,80.52],[61.05,80.42],[62.17,80.83]]]},"properties":{"scalerank":0,"featurecla":"Land","min_zoom":1.5}},
{"type":"Feature","geometry":{"type":"Polygon","coordinates":[[[47.44,80.85],[45.12,80.65],[46.14,80.45],[47.3,80.61],[47.44,80.85]]]},"properties":{"scalerank":0,"featurecla":"Land","min_zoom":1}},
{"type":"Feature","geometry":{"type":"Polygon","coordinates":[[[50.28,80.93],[48.9,80.37],[51.7,80.69],[50.28,80.93]]]},"properties":{"scalerank":0,"featurecla":"Land","min_zoom":1}},
{"type":"Feature","geometry":{"type":"Polygon","coordinates":[[[50.27,69.19],[49.23,69.51],[48.28,69.04],[48.67,68.73],[49.63,68.86],[50.27,69.19]]]},"properties":{"scalerank":0,"featurecla":"Land","min_zoom":2}},
{"type":"Feature","geometry":{"type":"Polygon","coordinates":[[[60.45,69.93],[59.01,70.47],[58.47,70.27],[59.58,69.74],[60.45,69.93]]]},"properties":{"scalerank":0,"featurecla":"Land","min_zoom":2}},
{"type":"Feature","geometry":{"type":"Polygon","coordinates":[[[70.67,73.1],[71.63,73.17],[70.94,73.51],[70,73.36],[70.67,73.1]]]},"properties":{"scalerank":0,"featurecla":"Land","min_zoom":2}},
{"type":"Feature","geometry":{"type":"Polygon","coordinates":[[[92.68,79.69],[93.8,79.9],[92.17,80.05],[91.13,79.9],[92.68,79.69]]]},"properties":{"scalerank":0,"featurecla":"Land","min_zoom":2}},
{"type":"Feature","geometry":{"type":"Polygon","coordinates":[[[113.39,74.4],[112.08,74.55],[111.64,74.27],[112.78,74.1],[113.39,74.4]]]},"properties":{"scalerank":0,"featurecla":"Land","min_zoom":2}},
{"type":"Feature","geometry":{"type":"Polygon","coordinates":[[[141.01,74],[140.85,74.27],[140.1,74.18],[140.51,73.92],[141.01,74]]]},"properties":{"scalerank":0,"featurecla":"Land","min_zoom":2}},
{"type":"Feature","geometry":{"type":"Polygon","coordinates":[[[23.85,35.54],[23.56,35.3],[24.46,35.16],[24.8,34.93],[25.48,35.31],[24.72,35.42],[24.31,35.36],[23.85,35.54]]]},"properties":{"scalerank":0,"featurecla":"Land","min_zoom":1}},
{"type":"Feature","geometry":{"type":"Polygon","coordinates":[[[23.42,38.96],[23.76,38.4],[24.1,38.67],[23.42,38.96]]]},"properties":{"scalerank":0,"featurecla":"Land","min_zoom":0}},
{"type":"Feature","geometry":{"type":"Polygon","coordinates":[[[34.46,35.59],[33.46,35.34],[32.94,35.39],[32.32,34.95],[32.94,34.58],[34.05,34.99],[33.94,35.29],[34.46,35.59]]]},"properties":{"scalerank":0,"featurecla":"Land","min_zoom":1}},
{"type":"Feature","geometry":{"type":"Polygon","coordinates":[[[19.08,57.84],[18.14,57.56],[18.7,57.24],[19.08,57.84]]]},"properties":{"scalerank":0,"featurecla":"Land","min_zoom":2}},
{"type":"Feature","geometry":{"type":"Polygon","coordinates":[[[12.57,55.79],[12.22,56.12],[10.98,55.72],[11.29,55.2],[11.65,55.19],[12.57,55.79]]]},"properties":{"scalerank":0,"featurecla":"Land","min_zoom":1}},
{"type":"Feature","geometry":{"type":"Polygon","coordinates":[[[10.65,55.61],[9.86,55.52],[9.99,55.16],[10.79,55.13],[10.65,55.61]]]},"properties":{"scalerank":0,"featurecla":"Land","min_zoom":2}},
{"type":"Feature","geometry":{"type":"Polygon","coordinates":[[[3.15,39.79],[2.78,39.85],[2.37,39.61],[3.07,39.3],[3.15,39.79]]]},"properties":{"scalerank":0,"featurecla":"Land","min_zoom":2}},
{"type":"Feature","geometry":{"type":"Polygon","coordinates":[[[-120.56,-73.76],[-123.11,-73.68],[-122.86,-74.34],[-121.06,-74.34],[-120.56,-73.76]]]},"properties":{"scalerank":0,"featurecla":"Land","min_zoom":1}},
{"type":"Feature","geometry":{"type":"Polygon","coordinates":[[[-126.33,-73.29],[-127.41,-73.52],[-124.87,-74.21],[-124.99,-73.83],[-126.33,-73.29]]]},"properties":{"scalerank":0,"featurecla":"Land","min_zoom":1}},
{"type":"Feature","geometry":{"type":"Polygon","coordinates":[[[-66.17,-80.08],[-65.5,-79.95],[-66.01,-79.62],[-66.98,-79.57],[-66.9,-79.91],[-66.17,-80.08]]]},"properties":{"scalerank":0,"featurecla":"Land","min_zoom":2}},
{"type":"Feature","geometry":{"type":"Polygon","coordinates":[[[-57.85,-64.05],[-58.3,-64.31],[-57.33,-64.24],[-57.85,-64.05]]]},"properties":{"scalerank":0,"featurecla":"Land","min_zoom":0}},
{"type":"Feature","geometry":{"type":"Polygon","coordinates":[[[-63.18,-64.47],[-64.17,-64.58],[-63.65,-64.8],[-63.18,-64.47]]]},"properties":{"scalerank":0,"featurecla":"Land","min_zoom":2}},
{"type":"Feature","geometry":{"type":"Polygon","coordinates":[[[-73.71,-70.64],[-75.01,-70.61],[-76.5,-70.94],[-76.18,-71.13],[-74.21,-70.92],[-73.71,-70.64]]]},"properties":{"scalerank":0,"featurecla":"Land","min_zoom":2}},
{"type":"Feature","geometry":{"type":"Polygon","coordinates":[[[-74.99,-69.73],[-75.73,-70.1],[-74.85,-70.18],[-74.99,-69.73]]]},"properties":{"scalerank":0,"featurecla":"Land","min_zoom":2}},
{"type":"Feature","geometry":{"type":"Polygon","coordinates":[[[-98.09,-71.91],[-98.62,-71.76],[-102.13,-71.99],[-98.41,-72.55],[-96.05,-72.58],[-95.61,-72.07],[-96.87,-71.85],[-98.09,-71.91]]]},"properties":{"scalerank":0,"featurecla":"Land","min_zoom":1}},
{"type":"Feature","geometry":{"type":"Polygon","coordinates":[[[-74.35,-73.1],[-75.38,-72.82],[-75.9,-73.33],[-74.57,-73.61],[-74.35,-73.1]]]},"properties":{"scalerank":0,"featurecla":"Land","min_zoom":2}},
{"type":"Feature","geometry":{"type":"Polygon","coordinates":[[[-67.99,-67.47],[-67.69,-67.15],[-68.34,-66.8],[-69.08,-67.4],[-67.99,-67.47]]]},"properties":{"scalerank":0,"featurecla":"Land","min_zoom":2}},
{"type":"Feature","geometry":{"type":"Polygon","coordinates":[[[-178.88,71.58],[-180,71.54],[-180,71.46],[-180,71.09],[-180,70.99],[-177.82,71.07],[-177.53,71.26],[-178.88,71.58]]]},"properties":{"scalerank":0,"featurecla":"Land","min_zoom":0}},
{"type":"Feature","geometry":{"type":"Polygon","coordinates":[[[-58.85,-51.27],[-59.06,-51.69],[-59.57,-51.93],[-59.07,-52.17],[-57.84,-51.71],[-58.85,-51.27]]]},"properties":{"scalerank":0,"featurecla":"Land","min_zoom":0.5}},
{"type":"Feature","geometry":{"type":"Polygon","coordinates":[[[-37.1,-54.07],[-36.09,-54.87],[-35.8,-54.76],[-36.33,-54.25],[-37.1,-54.07]]]},"properties":{"scalerank":0,"featurecla":"Land","min_zoom":2}},
{"type":"Feature","geometry":{"type":"Polygon","coordinates":[[[-73.77,-43.35],[-73.44,-42.94],[-73.53,-41.9],[-74.04,-41.8],[-74.35,-43.26],[-73.77,-43.35]]]},"properties":{"scalerank":0,"featurecla":"Land","min_zoom":0}},
{"type":"Feature","geometry":{"type":"Polygon","coordinates":[[[-60.29,-51.46],[-59.92,-51.97],[-59.27,-51.43],[-60.29,-51.46]]]},"properties":{"scalerank":0,"featurecla":"Land","min_zoom":0.5}},
{"type":"Feature","geometry":{"type":"Polygon","coordinates":[[[-74.48,-49.15],[-75.18,-49.08],[-75.3,-49.85],[-74.59,-50.01],[-74.48,-49.15]]]},"properties":{"scalerank":0,"featurecla":"Land","min_zoom":0}},
{"type":"Feature","geometry":{"type":"Polygon","coordinates":[[[-72.99,-44.78],[-72.76,-44.55],[-73.21,-44.33],[-73.45,-44.64],[-72.99,-44.78]]]},"properties":{"scalerank":0,"featurecla":"Land","min_zoom":0}},
{"type":"Feature","geometry":{"type":"Polygon","coordinates":[[[-61.8,49.09],[-61.82,49.28],[-62.86,49.71],[-64.13,49.94],[-63.57,49.4],[-62.22,49.08],[-61.8,49.09]]]},"properties":{"scalerank":0,"featurecla":"Land","min_zoom":1}},
{"type":"Feature","geometry":{"type":"Polygon","coordinates":[[[-61.11,45.94],[-60.58,46.17],[-60.33,46.77],[-60.87,46.8],[-61.5,45.94],[-61.28,45.57],[-60.39,45.65],[-59.87,46.16],[-60.5,46.2],[-60.81,45.74],[-61.11,45.94]]]},"properties":{"scalerank":0,"featurecla":"Land","min_zoom":1}},
{"type":"Feature","geometry":{"type":"Polygon","coordinates":[[[-171.46,63.64],[-169.78,63.09],[-170.43,63.7],[-171.46,63.64]]]},"properties":{"scalerank":0,"featurecla":"Land","min_zoom":1.5}},
{"type":"Feature","geometry":{"type":"Polygon","coordinates":[[[-166.14,60.38],[-167.14,60.01],[-166.19,59.77],[-165.59,59.91],[-166.14,60.38]]]},"properties":{"scalerank":0,"featurecla":"Land","min_zoom":1.5}},
{"type":"Feature","geometry":{"type":"Polygon","coordinates":[[[-163.48,54.98],[-164.53,54.88],[-164.46,54.43],[-163.36,54.74],[-163.48,54.98]]]},"properties":{"scalerank":0,"featurecla":"Land","min_zoom":0}},
{"type":"Feature","geometry":{"type":"Polygon","coordinates":[[[-77.26,18.46],[-78.22,18.45],[-77.77,17.88],[-77.36,17.83],[-76.35,18.15],[-77.26,18.46]]]},"properties":{"scalerank":0,"featurecla":"Land","min_zoom":1}},
{"type":"Feature","geometry":{"type":"Polygon","coordinates":[[[-66.13,18.44],[-67.16,18.5],[-67.2,17.99],[-65.97,17.97],[-65.63,18.38],[-66.13,18.44]]]},"properties":{"scalerank":0,"featurecla":"Land","min_zoom":1}},
{"type":"Feature","geometry":{"type":"Polygon","coordinates":[[[-152.9,57.82],[-154.71,57.34],[-154.34,56.92],[-153.79,56.99],[-153.27,57.23],[-152.68,57.35],[-152.22,57.58],[-152.9,57.82]]]},"properties":{"scalerank":0,"featurecla":"Land","min_zoom":1}},
{"type":"Feature","geometry":{"type":"Polygon","coordinates":[[[-152.42,58.36],[-152.67,58.45],[-153.38,58.09],[-152.98,58],[-152.11,58.16],[-152.42,58.36]]]},"properties":{"scalerank":0,"featurecla":"Land","min_zoom":2}},
{"type":"Feature","geometry":{"type":"Polygon","coordinates":[[[-130.98,55.49],[-131.62,55.83],[-131.81,55.22],[-130.98,55.49]]]},"properties":{"scalerank":0,"featurecla":"Land","min_zoom":0}},
{"type":"Feature","geometry":{"type":"Polygon","coordinates":[[[-133.57,56.34],[-133.45,55.8],[-132.78,55.05],[-131.98,54.8],[-131.98,55.21],[-133.2,56.32],[-133.57,56.34]]]},"properties":{"scalerank":0,"featurecla":"Land","min_zoom":1}},
{"type":"Feature","geometry":{"type":"Polygon","coordinates":[[[-133.37,57],[-133.87,57.07],[-133.6,56.46],[-133.21,56.46],[-132.95,56.88],[-133.37,57]]]},"properties":{"scalerank":0,"featurecla":"Land","min_zoom":2}},
{"type":"Feature","geometry":{"type":"Polygon","coordinates":[[[-134.97,57.35],[-135.79,57.32],[-134.62,56.72],[-134.97,57.35]]]},"properties":{"scalerank":0,"featurecla":"Land","min_zoom":1}},
{"type":"Feature","geometry":{"type":"Polygon","coordinates":[[[-134.68,58.16],[-134.44,57.06],[-133.94,57.58],[-134.68,58.16]]]},"properties":{"scalerank":0,"featurecla":"Land","min_zoom":2}},
{"type":"Feature","geometry":{"type":"Polygon","coordinates":[[[-135.73,58.24],[-136.51,58.1],[-136.08,57.67],[-135.08,57.51],[-135,58.05],[-135.73,58.24]]]},"properties":{"scalerank":0,"featurecla":"Land","min_zoom":1}},
{"type":"Feature","geometry":{"type":"Polygon","coordinates":[[[-128.55,52.94],[-129.03,53.28],[-129.08,52.82],[-128.55,52.94]]]},"properties":{"scalerank":0,"featurecla":"Land","min_zoom":0}},
{"type":"Feature","geometry":{"type":"Polygon","coordinates":[[[-132.66,54.13],[-133.05,53.78],[-132.75,53.31],[-132.01,53.27],[-131.7,53.99],[-132.66,54.13]]]},"properties":{"scalerank":0,"featurecla":"Land","min_zoom":1}},
{"type":"Feature","geometry":{"type":"Polygon","coordinates":[[[-131.75,53.2],[-132.35,53.14],[-132.17,52.78],[-131.73,52.76],[-131.75,53.2]]]},"properties":{"scalerank":0,"featurecla":"Land","min_zoom":1}},
{"type":"Feature","geometry":{"type":"Polygon","coordinates":[[[-63.81,46.47],[-63.64,46.23],[-62.88,46],[-62.16,46.49],[-63.81,46.47]]]},"properties":{"scalerank":0,"featurecla":"Land","min_zoom":1}},
{"type":"Feature","geometry":{"type":"Polygon","coordinates":[[[-72.51,40.99],[-73.57,40.92],[-73.19,40.65],[-72.51,40.99]]]},"properties":{"scalerank":0,"featurecla":"Land","min_zoom":0}},
{"type":"Feature","geometry":{"type":"Polygon","coordinates":[[[151.92,-4.3],[151.55,-4.35],[151.67,-4.88],[151.33,-4.96],[150.95,-5.42],[150.3,-5.54],[148.34,-5.54],[148.4,-5.77],[149.65,-6.29],[150.43,-6.28],[151.23,-5.92],[151.52,-5.55],[152.14,-5.36],[152.01,-5],[152.4,-4.73],[152.41,-4.34],[151.92,-4.3]]]},"properties":{"scalerank":0,"featurecla":"Land","min_zoom":1}},
{"type":"Feature","geometry":{"type":"Polygon","coordinates":[[[127.3,-8.42],[126.97,-8.32],[126.62,-8.46],[125.8,-8.49],[125.18,-8.65],[124.58,-9.16],[123.98,-9.37],[123.59,-9.97],[123.86,-10.34],[124.43,-10.15],[125.41,-9.28],[126.38,-8.96],[127.3,-8.42]]]},"properties":{"scalerank":0,"featurecla":"Land","min_zoom":1}},
{"type":"Feature","geometry":{"type":"Polygon","coordinates":[[[145.04,-40.79],[144.65,-40.98],[144.78,-41.42],[145.24,-42.02],[145.27,-42.54],[146.04,-43.55],[146.87,-43.61],[147.41,-42.89],[147.98,-43.16],[147.92,-42.57],[148.3,-42.04],[148.29,-40.95],[147.97,-40.78],[147.45,-41],[146.32,-41.16],[145.28,-40.77],[145.04,-40.79]]]},"properties":{"scalerank":0,"featurecla":"Land","min_zoom":0}},
{"type":"Feature","geometry":{"type":"Polygon","coordinates":[[[96.53,81.08],[93.07,80.99],[91.52,80.36],[93.87,80.01],[94.57,80.13],[97.18,80.24],[97.83,80.8],[96.53,81.08]]]},"properties":{"scalerank":0,"featurecla":"Land","min_zoom":0}},
{"type":"Feature","geometry":{"type":"Polygon","coordinates":[[[97.67,80.16],[94.99,80.1],[93.07,79.5],[94.65,79.13],[97.56,78.83],[99.44,78.83],[99.93,78.96],[99.68,79.32],[99.78,79.63],[100.06,79.78],[97.67,80.16]]]},"properties":{"scalerank":0,"featurecla":"Land","min_zoom":0}},
{"type":"Feature","geometry":{"type":"Polygon","coordinates":[[[102.88,79.25],[101.59,79.35],[100.28,78.68],[101.2,78.19],[103.72,78.26],[105.31,78.5],[105.15,78.82],[102.88,79.25]]]},"properties":{"scalerank":0,"featurecla":"Land","min_zoom":0.5}},
{"type":"Feature","geometry":{"type":"Polygon","coordinates":[[[140.05,75.83],[138.81,76.2],[137.5,75.91],[137.01,75.24],[138.09,74.8],[139.1,74.66],[141.99,74.99],[144.02,75.04],[145.26,75.59],[142.46,75.9],[140.94,75.7],[140.05,75.83]]]},"properties":{"scalerank":0,"featurecla":"Land","min_zoom":0}},
{"type":"Feature","geometry":{"type":"Polygon","coordinates":[[[142.18,73.9],[141.08,73.87],[140.66,73.45],[143.19,73.22],[143.34,73.57],[142.18,73.9]]]},"properties":{"scalerank":0,"featurecla":"Land","min_zoom":1}},
{"type":"Feature","geometry":{"type":"Polygon","coordinates":[[[146.8,75.37],[146.15,75.2],[148.09,74.83],[149.6,74.77],[150.1,75.22],[146.8,75.37]]]},"properties":{"scalerank":0,"featurecla":"Land","min_zoom":1}},
{"type":"Feature","geometry":{"type":"Polygon","coordinates":[[[173.27,-34.93],[173.12,-35.21],[173.95,-36.18],[174.45,-36.45],[174.48,-36.94],[174.93,-37.8],[174.6,-38.79],[173.84,-39.14],[173.93,-39.51],[175.01,-39.95],[175.25,-40.29],[175.16,-40.62],[174.64,-41.29],[175.31,-41.61],[175.98,-41.21],[176.84,-40.16],[177.11,-39.67],[176.95,-39.37],[177.41,-39.08],[177.97,-39.14],[177.98,-38.72],[178.27,-38.55],[178.54,-37.69],[178.01,-37.55],[177.34,-37.99],[176.11,-37.65],[175.88,-36.96],[175.46,-36.48],[175.3,-36.99],[174.72,-36.84],[174.8,-36.31],[174.39,-35.77],[174.32,-35.25],[173.27,-34.93]]]},"properties":{"scalerank":0,"featurecla":"Land","min_zoom":0}},
{"type":"Feature","geometry":{"type":"Polygon","coordinates":[[[173.12,-41.28],[172.99,-40.85],[172.64,-40.52],[172.14,-40.95],[172.01,-41.44],[171.49,-41.79],[171.26,-42.47],[170.74,-42.93],[169.66,-43.59],[168.37,-44.08],[167.19,-44.96],[167.03,-45.12],[167.13,-45.27],[167.05,-45.38],[166.91,-45.31],[166.73,-45.54],[166.84,-45.77],[166.73,-46.2],[167.68,-46.19],[168.38,-46.61],[169.69,-46.55],[170.7,-45.68],[171.11,-45.04],[171.44,-44.14],[172.39,-43.83],[172.92,-43.89],[172.72,-43.26],[173.22,-42.98],[174.28,-41.74],[174.09,-41.51],[174.3,-41.02],[173.74,-40.99],[173.12,-41.28]]]},"properties":{"scalerank":0,"featurecla":"Land","min_zoom":0}},
{"type":"Feature","geometry":{"type":"Polygon","coordinates":[[[126.01,9.32],[125.52,9.76],[125.53,9.14],[124.87,8.97],[124.73,8.56],[124.45,8.61],[124.23,8.27],[123.43,8.7],[122.91,8.16],[122.34,8.03],[122.13,7.81],[123.39,7.41],[123.49,7.81],[123.97,7.66],[124.21,7.4],[123.99,6.99],[124.08,6.4],[124.64,6],[125.46,5.66],[125.67,5.98],[125.4,6.8],[125.82,7.33],[126.08,6.73],[126.58,7.25],[126.44,7.83],[126.32,8.84],[126.01,9.32]]]},"properties":{"scalerank":0,"featurecla":"Land","min_zoom":0}},
{"type":"Feature","geometry":{"type":"Polygon","coordinates":[[[121.1,18.62],[120.6,18.51],[120.36,17.64],[120.41,16.96],[120.16,16.05],[119.83,16.33],[120.08,14.85],[120.89,14.72],[120.62,14.19],[121.2,13.64],[121.78,13.94],[122.41,13.49],[122.6,13.91],[123.16,13.44],[123.31,13.04],[124.06,12.57],[124.14,13.04],[123.23,13.75],[122.86,14.25],[122.49,14.32],[122.2,14.15],[122.21,13.93],[121.8,14.11],[121.7,14.74],[121.39,15.32],[121.6,15.93],[122.14,16.18],[122.52,17.12],[122.15,17.76],[122.3,18.4],[121.85,18.3],[121.1,18.62]]]},"properties":{"scalerank":0,"featurecla":"Land","min_zoom":0}},
{"type":"Feature","geometry":{"type":"Polygon","coordinates":[[[133.47,-0.73],[132.63,-0.36],[132.13,-0.45],[131.8,-0.7],[131.26,-0.86],[131.29,-1.39],[131.93,-1.56],[132.02,-1.99],[132.31,-2.24],[132.96,-2.27],[133.92,-2.1],[133.61,-2.55],[133.19,-2.44],[132.35,-2.98],[132.75,-3.29],[132.75,-3.7],[132.97,-4.09],[133.25,-4.06],[133.65,-3.36],[134.15,-3.8],[135.2,-4.45],[135.98,-4.53],[137.09,-4.92],[137.76,-5.26],[138.25,-5.69],[138.44,-6.34],[138.86,-6.86],[138.75,-7.25],[139.09,-7.59],[138.86,-8.15],[139.93,-8.1],[140.66,-8.85],[141.13,-9.22],[142.23,-9.17],[142.65,-9.33],[143.37,-8.96],[143.09,-8.31],[143.61,-8.2],[144.51,-7.57],[144.97,-7.8],[146.03,-8.08],[146.7,-9.03],[147.77,-10.07],[149.75,-10.35],[150.02,-10.58],[150.48,-10.64],[150.67,-10.26],[149.87,-10.01],[149.2,-9.41],[149.25,-9.07],[148.58,-9.05],[148.25,-8.55],[148.13,-8.1],[147.72,-7.88],[147.19,-7.38],[146.96,-6.93],[147.12,-6.72],[147.85,-6.66],[147.8,-6.32],[147.38,-5.95],[147.03,-5.92],[146.4,-5.62],[145.85,-5.47],[145.77,-4.82],[145.33,-4.39],[145.09,-4.35],[144.48,-3.83],[144.02,-3.78],[143.51,-3.43],[142.21,-3.08],[140.62,-2.45],[139.79,-2.35],[138.65,-1.79],[137.81,-1.48],[137.12,-1.84],[136.84,-2.2],[136.39,-2.27],[136.24,-2.58],[135.49,-3.35],[135.04,-3.33],[134.16,-2.2],[134.11,-1.72],[134.26,-1.36],[133.97,-0.74],[133.47,-0.73]]]},"properties":{"scalerank":0,"featurecla":"Land","min_zoom":0}},
{"type":"Feature","geometry":{"type":"Polygon","coordinates":[[[124.89,1],[125.23,1.5],[124.99,1.7],[124.27,1.02],[123.85,0.84],[123.28,0.93],[122.89,0.85],[122.44,1.02],[121.59,1.07],[120.91,1.29],[120.52,0.82],[120.27,0.97],[119.81,0.24],[119.77,-0.48],[119.31,-1.41],[119.32,-1.93],[119.09,-2.48],[118.78,-2.76],[118.99,-3.54],[119.42,-3.48],[119.62,-4.03],[119.61,-4.42],[119.38,-5.42],[119.72,-5.69],[120.31,-5.54],[120.42,-4.62],[120.44,-3.71],[120.25,-3.05],[120.65,-2.67],[121.05,-2.75],[120.91,-3.56],[121.62,-4.09],[121.49,-4.58],[121.92,-4.85],[122.21,-4.5],[122.9,-4.35],[122.88,-4.11],[122.25,-3.62],[122.4,-3.2],[121.85,-2.33],[121.72,-1.86],[122.51,-1.35],[122.89,-0.76],[122.28,-0.76],[121.97,-0.93],[121.52,-0.86],[121.03,-1.41],[120.67,-1.37],[120.52,-1.04],[120.1,-0.65],[120.01,-0.2],[120.35,0.45],[121.43,0.49],[121.84,0.44],[123.08,0.49],[123.75,0.31],[124.43,0.47],[124.89,1]]]},"properties":{"scalerank":0,"featurecla":"Land","min_zoom":0}},
{"type":"Feature","geometry":{"type":"Polygon","coordinates":[[[107.37,-6.01],[106.83,-6.1],[106.08,-5.91],[105.48,-6.78],[106.52,-7.05],[106.63,-7.42],[107.28,-7.47],[107.92,-7.72],[108.45,-7.8],[108.74,-7.67],[110.04,-7.89],[110.61,-8.15],[111.51,-8.31],[112.68,-8.41],[113.25,-8.29],[114.58,-8.77],[114.39,-8.41],[114.44,-7.9],[114.07,-7.63],[113.25,-7.72],[112.79,-7.55],[112.54,-6.93],[112.09,-6.89],[111.54,-6.65],[111.15,-6.67],[110.74,-6.47],[110.43,-6.95],[108.68,-6.79],[108.3,-6.27],[107.67,-6.22],[107.37,-6.01]]]},"properties":{"scalerank":0,"featurecla":"Land","min_zoom":0}},
{"type":"Feature","geometry":{"type":"Polygon","coordinates":[[[96.49,5.23],[95.4,5.63],[95.21,5.28],[95.49,4.76],[96.44,3.82],[96.97,3.58],[97.59,2.85],[97.7,2.36],[98.56,1.9],[98.8,1.49],[99.16,0.35],[99.6,0.1],[100.31,-0.83],[100.86,-1.93],[100.85,-2.14],[101.58,-3.17],[102.13,-3.6],[102.54,-4.15],[103.83,-5.08],[104.6,-5.9],[104.64,-5.52],[105.08,-5.75],[105.35,-5.55],[105.82,-5.68],[105.89,-5.01],[105.84,-3.61],[106.04,-3.11],[105.4,-2.38],[104.67,-2.39],[104.36,-1.04],[103.72,-0.89],[103.43,-0.53],[103.43,-0.19],[103.79,0.05],[103.48,0.48],[103.07,0.49],[102.47,0.78],[101.78,1.62],[101.48,1.69],[101.05,2.26],[100.46,2.26],[99.73,3.18],[98.31,4.09],[98.25,4.41],[97.55,5.21],[96.49,5.23]]]},"properties":{"scalerank":0,"featurecla":"Land","min_zoom":0}},
{"type":"Feature","geometry":{"type":"Polygon","coordinates":[[[116.81,6.69],[116.14,6.13],[115.8,5.54],[115.42,5.41],[115.52,5.05],[115,5.02],[114.3,4.61],[113.04,3.21],[111.73,2.85],[111.44,2.63],[111.44,2.38],[111.24,2.44],[111.15,1.74],[110.94,1.52],[110.35,1.72],[109.98,1.72],[109.63,2.03],[109.08,1.5],[108.91,0.79],[108.94,0.36],[109.26,0.03],[109.16,-0.49],[109.45,-0.87],[109.79,-1.01],[110.02,-1.4],[110.23,-2.93],[111.04,-3.06],[111.37,-2.93],[111.82,-3.06],[111.82,-3.53],[112.28,-3.32],[112.6,-3.4],[112.97,-3.19],[113.53,-3.18],[113.8,-3.46],[114.08,-3.28],[114.54,-3.49],[114.69,-4.17],[115.96,-3.6],[116.57,-2.3],[116.42,-2.05],[116.55,-1.47],[117.56,-0.77],[117.46,-0.32],[117.52,0.24],[117.75,0.73],[118.2,0.87],[118.53,0.81],[118.98,0.98],[118.08,1.7],[117.86,1.97],[118.07,2.32],[117.61,3.06],[117.17,3.59],[117.63,3.64],[117.47,4.08],[117.74,4.34],[118.01,4.25],[118.56,4.5],[118.19,4.83],[119.13,5.1],[119.22,5.41],[118.59,5.59],[118,6.05],[117.62,5.94],[117.65,6.47],[117.13,6.97],[116.81,6.69]]]},"properties":{"scalerank":0,"featurecla":"Land","min_zoom":0}},
{"type":"Feature","geometry":{"type":"Polygon","coordinates":[[[67.77,76.24],[68.9,76.57],[67.53,77.01],[65.86,76.61],[62.97,76.24],[58.88,75.85],[57.09,75.38],[54.64,73.96],[53.76,73.77],[55.01,73.45],[56.96,73.37],[58.44,74.13],[58.53,74.5],[60.22,74.8],[61.36,75.31],[66.28,75.98],[67.77,76.24]]]},"properties":{"scalerank":0,"featurecla":"Land","min_zoom":0}},
{"type":"Feature","geometry":{"type":"Polygon","coordinates":[[[55.32,73.31],[53.75,73.29],[52.62,72.3],[51.58,72.07],[51.81,71.49],[53.36,71.54],[53.72,70.81],[54.6,70.68],[57.15,70.59],[55.3,71.94],[55.36,72.47],[56.43,73.2],[55.32,73.31]]]},"properties":{"scalerank":0,"featurecla":"Land","min_zoom":0}},
{"type":"Feature","geometry":{"type":"Polygon","coordinates":[[[142.76,54.39],[142.53,53.45],[141.82,53.34],[141.72,51.74],[142.21,51.22],[142.07,50.51],[142.14,49.57],[141.87,48.75],[142.18,48.01],[141.96,47.59],[142.04,47.14],[141.83,46.45],[142.21,46.09],[142.58,46.7],[143.28,46.56],[143.01,47.22],[142.56,47.74],[142.57,48.07],[143.1,49.2],[144.27,49.31],[143.82,50.28],[143.46,51.47],[143.16,52.08],[143.32,52.61],[143.22,53.3],[142.76,54.39]]]},"properties":{"scalerank":0,"featurecla":"Land","min_zoom":0}},
{"type":"Feature","geometry":{"type":"Polygon","coordinates":[[[143.82,44.12],[142.7,44.82],[141.94,45.51],[141.58,45.16],[141.78,44.72],[141.64,44.02],[141.3,43.2],[140.78,43.21],[139.89,42.65],[139.82,42.39],[140.38,41.52],[140.66,41.82],[140.32,42.33],[140.99,42.34],[141.85,42.58],[143.24,42],[143.43,42.42],[143.97,42.88],[144.63,42.95],[145.35,43.18],[145.1,43.76],[144.8,43.94],[143.82,44.12]]]},"properties":{"scalerank":0,"featurecla":"Land","min_zoom":0}},
{"type":"Feature","geometry":{"type":"Polygon","coordinates":[[[141.23,41.37],[141.12,40.88],[140.28,40.85],[139.92,40.6],[140.05,39.46],[139.4,38.14],[138.89,37.84],[138.32,37.22],[137.51,36.95],[137.34,36.77],[136.7,36.74],[135.68,35.5],[135.17,35.75],[134.21,35.54],[132.92,35.51],[131.35,34.41],[131,34.39],[130.92,33.98],[131.74,34.05],[132.24,34.23],[133.14,34.3],[134.74,34.77],[135.38,34.5],[135.1,34.29],[135.45,33.55],[135.92,33.56],[136.33,34.18],[136.85,34.32],[136.88,34.81],[138.19,34.6],[138.58,35.09],[138.98,34.7],[139.25,35.28],[139.65,35.41],[139.8,34.96],[140.42,35.27],[140.87,35.72],[140.62,36.06],[140.63,36.5],[140.97,37],[140.93,37.95],[141.11,38.34],[141.47,38.4],[141.66,38.97],[141.9,39.11],[141.98,39.84],[141.46,40.61],[141.23,41.37]]]},"properties":{"scalerank":0,"featurecla":"Land","min_zoom":0}},
{"type":"Feature","geometry":{"type":"Polygon","coordinates":[[[134.36,34.26],[134.08,34.36],[133.58,34.02],[132.78,33.99],[132.37,33.51],[132.5,32.92],[132.98,32.84],[133.29,33.36],[133.63,33.51],[134.18,33.25],[134.74,33.82],[134.36,34.26]]]},"properties":{"scalerank":0,"featurecla":"Land","min_zoom":1.5}},
{"type":"Feature","geometry":{"type":"Polygon","coordinates":[[[131.17,33.6],[130.95,33.87],[129.58,33.24],[130.64,32.62],[130.19,32.09],[130.59,31.18],[131.34,31.4],[131.73,32.59],[131.98,32.84],[131.9,33.25],[131.58,33.65],[131.17,33.6]]]},"properties":{"scalerank":0,"featurecla":"Land","min_zoom":0}},
{"type":"Feature","geometry":{"type":"Polygon","coordinates":[[[121.01,22.62],[121.3,22.97],[121.93,24.97],[121.59,25.28],[121.04,25.03],[120.16,23.71],[120.07,23.15],[120.33,22.54],[120.58,22.36],[121.01,22.62]]]},"properties":{"scalerank":0,"featurecla":"Land","min_zoom":1}},
{"type":"Feature","geometry":{"type":"Polygon","coordinates":[[[110.89,19.99],[110.17,20.05],[109.22,19.84],[108.69,19.34],[108.7,18.54],[109.52,18.22],[110.45,18.75],[110.57,19.17],[111.01,19.66],[110.89,19.99]]]},"properties":{"scalerank":0,"featurecla":"Land","min_zoom":1}},
{"type":"Feature","geometry":{"type":"Polygon","coordinates":[[[79.98,9.81],[80.12,9.33],[79.93,8.9],[79.79,7.59],[79.86,6.83],[80.1,6.15],[80.72,5.98],[81.64,6.43],[81.86,6.9],[81.87,7.29],[81.44,8.12],[81.37,8.43],[80.71,9.37],[80.25,9.8],[79.98,9.81]]]},"properties":{"scalerank":0,"featurecla":"Land","min_zoom":1}},
{"type":"Feature","geometry":{"type":"Polygon","coordinates":[[[49.54,-12.43],[49.21,-12.08],[48.9,-12.46],[48.8,-13.27],[48,-13.96],[47.81,-14.54],[46.48,-15.51],[46.33,-15.71],[45.17,-15.98],[44.48,-16.22],[44.42,-16.7],[43.98,-17.39],[44.04,-18.29],[44.24,-19.08],[44.45,-19.43],[44.24,-20.38],[43.8,-21.18],[43.5,-21.36],[43.27,-22.05],[43.4,-22.89],[43.72,-23.53],[43.69,-24.36],[44.04,-25],[45.12,-25.54],[45.51,-25.56],[46.16,-25.23],[46.73,-25.15],[47.18,-24.79],[47.56,-23.87],[47.91,-22.47],[48.35,-21.35],[48.61,-20.46],[49.48,-17.9],[49.44,-17.35],[49.77,-16.82],[49.83,-16.26],[49.65,-15.57],[49.89,-15.46],[50.21,-15.96],[50.48,-15.39],[50.24,-14.73],[50.17,-14.04],[49.94,-13.07],[49.54,-12.43]]]},"properties":{"scalerank":0,"featurecla":"Land","min_zoom":0}},
{"type":"Feature","geometry":{"type":"Polygon","coordinates":[[[53.11,38.8],[53.06,39.04],[53.02,39.05],[53.05,38.9],[53.11,38.8]]]},"properties":{"scalerank":0,"featurecla":"Land","min_zoom":3}},
{"type":"Feature","geometry":{"type":"Polygon","coordinates":[[[50.18,44.85],[50.1,44.88],[50.04,44.95],[50,44.94],[50.1,44.83],[50.18,44.85]]]},"properties":{"scalerank":0,"featurecla":"Land","min_zoom":3}},
{"type":"Feature","geometry":{"type":"Polygon","coordinates":[[[50.31,44.97],[50.35,45.08],[50.29,45.08],[50.26,45.02],[50.31,44.97]]]},"properties":{"scalerank":0,"featurecla":"Land","min_zoom":4}},
{"type":"Feature","geometry":{"type":"Polygon","coordinates":[[[-159.05,-79.81],[-159.68,-79.4],[-161.64,-78.9],[-163.26,-78.72],[-164.23,-79.32],[-161.87,-79.7],[-159.05,-79.81]]]},"properties":{"scalerank":0,"featurecla":"Land","min_zoom":1}},
{"type":"Feature","geometry":{"type":"Polygon","coordinates":[[[-70.33,-79.68],[-67.48,-78.36],[-70.54,-78.88],[-71.78,-79.44],[-70.33,-79.68]]]},"properties":{"scalerank":0,"featurecla":"Land","min_zoom":1.5}},
{"type":"Feature","geometry":{"type":"Polygon","coordinates":[[[-45.22,-78.81],[-43.81,-78.29],[-45.53,-77.88],[-46.83,-77.79],[-49.08,-78.05],[-50.22,-78.61],[-50.34,-79.48],[-52.3,-80.14],[-53.48,-80.19],[-54.16,-80.87],[-49.77,-80.78],[-49.19,-80.64],[-43.53,-80.19],[-42.97,-79.48],[-43.72,-78.82],[-45.22,-78.81]]]},"properties":{"scalerank":0,"featurecla":"Land","min_zoom":0}},
{"type":"Feature","geometry":{"type":"Polygon","coordinates":[[[-59.73,-80.34],[-59.71,-79.88],[-61.34,-79.89],[-64.27,-80.75],[-60.58,-80.95],[-59.73,-80.34]]]},"properties":{"scalerank":0,"featurecla":"Land","min_zoom":1}},
{"type":"Feature","geometry":{"type":"Polygon","coordinates":[[[-70.05,-69.19],[-70.42,-68.79],[-71.87,-68.94],[-71.85,-69.97],[-70.33,-70.36],[-71.06,-70.54],[-71.19,-70.98],[-72.62,-71.39],[-74.19,-71.38],[-75.29,-71.61],[-75.35,-71.88],[-73.9,-72.15],[-72.41,-71.66],[-71.11,-72.05],[-73.09,-72.41],[-72.37,-72.67],[-69.21,-72.53],[-68.24,-71.82],[-68.34,-70.86],[-69.42,-69.58],[-70.05,-69.19]]]},"properties":{"scalerank":0,"featurecla":"Land","min_zoom":1}},
{"type":"Feature","geometry":{"type":"Polygon","coordinates":[[[-69.17,-52.67],[-69.76,-52.73],[-70.39,-53.03],[-70.09,-53.42],[-70.87,-53.88],[-70.9,-54.34],[-71.44,-54.62],[-70.5,-54.81],[-69.72,-54.71],[-69.08,-54.91],[-68.33,-54.82],[-66.51,-55.03],[-65.35,-54.88],[-67.29,-54.05],[-68.01,-53.56],[-68.28,-52.98],[-68.79,-52.58],[-69.17,-52.67]]]},"properties":{"scalerank":0,"featurecla":"Land","min_zoom":0}},
{"type":"Feature","geometry":{"type":"Polygon","coordinates":[[[-81.84,23.16],[-82.1,23.19],[-83.26,22.97],[-84.04,22.67],[-84.36,22.38],[-84.33,22.07],[-83.38,22.22],[-82.74,22.69],[-81.9,22.68],[-81.82,22.2],[-80.5,22.06],[-80.23,21.87],[-79.27,21.56],[-78.64,21.52],[-78.49,21.05],[-78,20.72],[-77.23,20.64],[-77.21,20.3],[-77.72,19.86],[-76.16,19.99],[-75.12,19.9],[-74.25,20.08],[-74.88,20.65],[-75.64,20.73],[-75.72,21.11],[-76.65,21.28],[-77.5,21.87],[-77.87,21.9],[-78.69,22.37],[-79.28,22.41],[-79.68,22.74],[-80.65,23.1],[-81.18,23.06],[-81.84,23.16]]]},"properties":{"scalerank":0,"featurecla":"Land","min_zoom":0}},
{"type":"Feature","geometry":{"type":"Polygon","coordinates":[[[20.9,80.25],[18.34,80.06],[18.73,79.76],[20.86,79.4],[23.95,79.19],[25.64,79.4],[27.2,79.91],[26.86,80.16],[22.45,80.4],[20.9,80.25]]]},"properties":{"scalerank":0,"featurecla":"Land","min_zoom":0}},
{"type":"Feature","geometry":{"type":"Polygon","coordinates":[[[16.79,79.91],[13.38,79.48],[12.75,79.78],[10.87,79.8],[11.77,78.72],[14.92,77.69],[14.37,77.23],[16.7,76.58],[18.44,78.03],[19.77,78.62],[21.39,78.74],[20.46,79.13],[19.09,79.16],[18.58,79.57],[16.79,79.91]]]},"properties":{"scalerank":0,"featurecla":"Land","min_zoom":0}},
{"type":"Feature","geometry":{"type":"Polygon","coordinates":[[[9.63,40.88],[9.28,41.2],[8.19,40.65],[8.47,40.29],[8.42,39.21],[8.88,38.91],[9.06,39.24],[9.56,39.17],[9.81,40.5],[9.63,40.88]]]},"properties":{"scalerank":0,"featurecla":"Land","min_zoom":1}},
{"type":"Feature","geometry":{"type":"Polygon","coordinates":[[[9.48,42.81],[8.71,42.55],[8.81,41.59],[9.19,41.38],[9.55,42.13],[9.48,42.81]]]},"properties":{"scalerank":0,"featurecla":"Land","min_zoom":1}},
{"type":"Feature","geometry":{"type":"Polygon","coordinates":[[[15.58,38.22],[14.51,38.05],[13.68,38],[13.35,38.18],[12.44,37.82],[14.5,36.8],[15.11,36.69],[15.29,37.01],[15.1,37.46],[15.58,38.22]]]},"properties":{"scalerank":0,"featurecla":"Land","min_zoom":1}},
{"type":"Feature","geometry":{"type":"Polygon","coordinates":[[[-52.73,69.94],[-53.38,70.22],[-54.83,70.16],[-54.8,69.63],[-53.58,69.26],[-52.11,69.49],[-52.73,69.94]]]},"properties":{"scalerank":0,"featurecla":"Land","min_zoom":0}},
{"type":"Feature","geometry":{"type":"Polygon","coordinates":[[[-127.2,50.64],[-127.92,50.86],[-128.27,50.61],[-127.11,49.88],[-126.68,49.88],[-126.55,49.42],[-124.69,48.6],[-123.59,48.33],[-123.5,48.58],[-124,49.22],[-124.64,49.43],[-125.48,50.32],[-127.2,50.64]]]},"properties":{"scalerank":0,"featurecla":"Land","min_zoom":1}},
{"type":"Feature","geometry":{"type":"Polygon","coordinates":[[[-71.95,19.72],[-72.64,19.9],[-72.81,19.07],[-72.35,18.67],[-72.79,18.43],[-74.23,18.66],[-74.42,18.35],[-73.88,18.04],[-73.39,18.25],[-72.88,18.15],[-72.06,18.23],[-71.4,17.65],[-71.03,18.27],[-70.18,18.25],[-69.77,18.44],[-68.93,18.41],[-68.66,18.22],[-68.36,18.54],[-68.68,18.9],[-69.74,19.3],[-70.13,19.64],[-70.95,19.91],[-71.56,19.9],[-71.95,19.72]]]},"properties":{"scalerank":0,"featurecla":"Land","min_zoom":0}},
{"type":"Feature","geometry":{"type":"Polygon","coordinates":[[[-49.63,-0.23],[-50.25,-0.12],[-50.65,-0.27],[-50.77,-0.65],[-50.76,-1.24],[-50.51,-1.79],[-49.59,-1.71],[-48.93,-1.48],[-48.38,-0.35],[-49.12,-0.16],[-49.63,-0.23]]]},"properties":{"scalerank":0,"featurecla":"Land","min_zoom":0}},
{"type":"Feature","geometry":{"type":"Polygon","coordinates":[[[-3.11,58.52],[-4.72,58.51],[-5.34,58.24],[-5.82,57.44],[-5.56,57.23],[-5.94,56.61],[-5.39,56.51],[-5.61,56.06],[-4.72,55.42],[-5.14,54.86],[-3.96,54.78],[-2.93,53.73],[-3.06,53.43],[-4.11,53.22],[-3.98,52.54],[-4.38,52.2],[-5.09,52],[-4.9,51.63],[-4.39,51.74],[-3.14,51.21],[-4.19,51.19],[-5.34,50.25],[-4.17,50.39],[-3.79,50.23],[-3.4,50.63],[-2.55,50.62],[-1.52,50.75],[-1.29,50.86],[-0.79,50.77],[0.21,50.76],[0.96,50.93],[1.41,51.36],[0.69,51.39],[0.96,51.81],[1.56,52.09],[1.66,52.75],[0.56,52.97],[-0.67,54.5],[-1.29,54.77],[-1.66,55.57],[-2.65,56.32],[-1.78,57.49],[-2.07,57.7],[-3.4,57.71],[-3.99,57.96],[-3.11,58.52]]]},"properties":{"scalerank":0,"featurecla":"Land","min_zoom":0}},
{"type":"Feature","geometry":{"type":"Polygon","coordinates":[[[-7.18,55.06],[-7.25,55.35],[-8.27,55.15],[-8.76,54.68],[-8.62,54.35],[-10,54.28],[-9.8,53.39],[-9.3,53.1],[-9.96,52.14],[-10.38,51.87],[-8.81,51.58],[-7.53,52.1],[-6.56,52.19],[-6.03,52.93],[-6.35,53.99],[-5.47,54.5],[-6.13,55.22],[-7.18,55.06]]]},"properties":{"scalerank":0,"featurecla":"Land","min_zoom":0}},
{"type":"Feature","geometry":{"type":"Polygon","coordinates":[[[-179.8,68.94],[-180,68.74],[-180,68.49],[-180,68.25],[-180,68],[-180,67.76],[-180,67.51],[-180,67.27],[-180,67.03],[-180,66.78],[-180,66.54],[-180,66.29],[-180,66.05],[-180,65.8],[-180,65.56],[-180,65.31],[-180,65.26],[-180,65.07],[-178.88,65.94],[-178.31,65.48],[-177.06,65.61],[-176.09,65.47],[-175.85,65.01],[-173.01,64.3],[-172.92,64.7],[-172.21,65.05],[-172.21,65.43],[-170.67,65.62],[-170.19,66.2],[-171.8,66.93],[-172.64,66.93],[-173.68,67.14],[-174.45,67.1],[-175.35,67.68],[-177.41,68.25],[-179.8,68.94]]]},"properties":{"scalerank":0,"featurecla":"Land","min_zoom":0}},
{"type":"Feature","geometry":{"type":"Polygon","coordinates":[[[-15.54,66.23],[-16.75,66.13],[-18.78,66.17],[-21.3,65.88],[-22.43,66.43],[-23.53,66.16],[-24.22,65.49],[-22.9,65.58],[-22.01,65.49],[-22.68,65.03],[-21.83,64.21],[-20.2,63.56],[-18.65,63.41],[-17.82,63.71],[-16.64,63.87],[-14.55,64.45],[-13.57,65.07],[-13.62,65.49],[-14.76,65.76],[-14.74,66.05],[-15.54,66.23]]]},"properties":{"scalerank":0,"featurecla":"Land","min_zoom":0}},
{"type":"Feature","geometry":{"type":"Polygon","coordinates":[[[-64.85,18.33],[-64.89,18.37],[-64.94,18.39],[-65.02,18.37],[-64.92,18.32],[-64.85,18.33]]]},"properties":{"scalerank":0,"featurecla":"Land","min_zoom":4}},
{"type":"Feature","geometry":{"type":"Polygon","coordinates":[[[178.58,51.92],[178.61,51.95],[178.51,51.99],[178.48,51.97],[178.51,51.9],[178.58,51.92]]]},"properties":{"scalerank":0,"featurecla":"Land","min_zoom":4}},
{"type":"Feature","geometry":{"type":"Polygon","coordinates":[[[14.31,36.03],[14.26,36.08],[14.18,36.06],[14.25,36.01],[14.31,36.03]]]},"properties":{"scalerank":0,"featurecla":"Land","min_zoom":4}},
{"type":"Feature","geometry":{"type":"Polygon","coordinates":[[[13.94,40.71],[13.96,40.74],[13.87,40.76],[13.85,40.72],[13.94,40.71]]]},"properties":{"scalerank":0,"featurecla":"Land","min_zoom":4}},
{"type":"Feature","geometry":{"type":"Polygon","coordinates":[[[12.05,36.76],[12.02,36.82],[11.95,36.84],[11.94,36.78],[12.05,36.76]]]},"properties":{"scalerank":0,"featurecla":"Land","min_zoom":4}},
{"type":"Feature","geometry":{"type":"Polygon","coordinates":[[[6.33,53.51],[6.29,53.51],[6.17,53.49],[6.19,53.48],[6.33,53.51]]]},"properties":{"scalerank":0,"featurecla":"Land","min_zoom":4}},
{"type":"Feature","geometry":{"type":"Polygon","coordinates":[[[5.93,53.46],[5.88,53.48],[5.71,53.47],[5.73,53.44],[5.93,53.46]]]},"properties":{"scalerank":0,"featurecla":"Land","min_zoom":4}},
{"type":"Feature","geometry":{"type":"Polygon","coordinates":[[[5.11,53.31],[5.03,53.31],[4.91,53.25],[4.92,53.23],[5.11,53.31]]]},"properties":{"scalerank":0,"featurecla":"Land","min_zoom":4}},
{"type":"Feature","geometry":{"type":"Polygon","coordinates":[[[5.33,53.39],[5.42,53.43],[5.19,53.39],[5.23,53.38],[5.33,53.39]]]},"properties":{"scalerank":0,"featurecla":"Land","min_zoom":4}},
{"type":"Feature","geometry":{"type":"Polygon","coordinates":[[[-178.99,-17.98],[-179.05,-17.92],[-179.06,-17.97],[-178.99,-17.98]]]},"properties":{"scalerank":0,"featurecla":"Land","min_zoom":4}},
{"type":"Feature","geometry":{"type":"Polygon","coordinates":[[[-178.76,-18.23],[-178.76,-18.19],[-178.85,-18.2],[-178.77,-18.25],[-178.76,-18.23]]]},"properties":{"scalerank":0,"featurecla":"Land","min_zoom":4}},
{"type":"Feature","geometry":{"type":"Polygon","coordinates":[[[-178.25,-17.95],[-178.28,-17.89],[-178.36,-17.92],[-178.31,-17.96],[-178.25,-17.95]]]},"properties":{"scalerank":0,"featurecla":"Land","min_zoom":4}},
{"type":"Feature","geometry":{"type":"Polygon","coordinates":[[[-151.47,-16.66],[-151.44,-16.62],[-151.51,-16.57],[-151.5,-16.65],[-151.47,-16.66]]]},"properties":{"scalerank":0,"featurecla":"Land","min_zoom":4}},
{"type":"Feature","geometry":{"type":"Polygon","coordinates":[[[-149.81,-17.55],[-149.78,-17.49],[-149.9,-17.47],[-149.89,-17.55],[-149.81,-17.55]]]},"properties":{"scalerank":0,"featurecla":"Land","min_zoom":3}},
{"type":"Feature","geometry":{"type":"Polygon","coordinates":[[[-120.31,34.02],[-120.37,34.07],[-120.44,34.03],[-120.31,34.02]]]},"properties":{"scalerank":0,"featurecla":"Land","min_zoom":4}},
{"type":"Feature","geometry":{"type":"Polygon","coordinates":[[[-119.44,33.22],[-119.48,33.27],[-119.58,33.28],[-119.54,33.22],[-119.44,33.22]]]},"properties":{"scalerank":0,"featurecla":"Land","min_zoom":4}},
{"type":"Feature","geometry":{"type":"Polygon","coordinates":[[[-67.58,-55.89],[-67.54,-55.83],[-67.76,-55.82],[-67.83,-55.86],[-67.58,-55.89]]]},"properties":{"scalerank":0,"featurecla":"Land","min_zoom":3}},
{"type":"Feature","geometry":{"type":"Polygon","coordinates":[[[-69.9,12.45],[-69.97,12.57],[-70.07,12.55],[-69.94,12.44],[-69.9,12.45]]]},"properties":{"scalerank":0,"featurecla":"Land","min_zoom":3}},
{"type":"Feature","geometry":{"type":"Polygon","coordinates":[[[-65.21,10.91],[-65.3,10.97],[-65.37,10.91],[-65.27,10.88],[-65.21,10.91]]]},"properties":{"scalerank":0,"featurecla":"Land","min_zoom":3}},
{"type":"Feature","geometry":{"type":"Polygon","coordinates":[[[-72.8,18.78],[-73.17,18.97],[-73.29,18.9],[-72.82,18.71],[-72.8,18.78]]]},"properties":{"scalerank":0,"featurecla":"Land","min_zoom":2}},
{"type":"Feature","geometry":{"type":"Polygon","coordinates":[[[-25.03,36.96],[-25.08,37.02],[-25.2,37],[-25.16,36.94],[-25.03,36.96]]]},"properties":{"scalerank":0,"featurecla":"Land","min_zoom":3}},
{"type":"Feature","geometry":{"type":"Polygon","coordinates":[[[16.65,43],[16.74,42.91],[16.84,42.97],[16.65,43]]]},"properties":{"scalerank":0,"featurecla":"Land","min_zoom":3}},
{"type":"Feature","geometry":{"type":"Polygon","coordinates":[[[17.19,43.13],[16.7,43.17],[16.68,43.12],[17.19,43.13]]]},"properties":{"scalerank":0,"featurecla":"Land","min_zoom":3}},
{"type":"Feature","geometry":{"type":"Polygon","coordinates":[[[16.79,43.27],[16.83,43.35],[16.45,43.39],[16.42,43.32],[16.79,43.27]]]},"properties":{"scalerank":0,"featurecla":"Land","min_zoom":3}},
{"type":"Feature","geometry":{"type":"Polygon","coordinates":[[[-2.51,49.49],[-2.65,49.47],[-2.55,49.43],[-2.51,49.49]]]},"properties":{"scalerank":0,"featurecla":"Land","min_zoom":4}},
{"type":"Feature","geometry":{"type":"Polygon","coordinates":[[[-2.02,49.23],[-2.22,49.27],[-2.24,49.18],[-2.02,49.23]]]},"properties":{"scalerank":0,"featurecla":"Land","min_zoom":3}},
{"type":"Feature","geometry":{"type":"Polygon","coordinates":[[[145.71,18.76],[145.69,18.8],[145.65,18.81],[145.65,18.75],[145.71,18.76]]]},"properties":{"scalerank":0,"featurecla":"Land","min_zoom":4}},
{"type":"Feature","geometry":{"type":"Polygon","coordinates":[[[145.71,16.34],[145.7,16.38],[145.63,16.38],[145.66,16.34],[145.71,16.34]]]},"properties":{"scalerank":0,"featurecla":"Land","min_zoom":4}},
{"type":"Feature","geometry":{"type":"Polygon","coordinates":[[[145.26,14.16],[145.23,14.19],[145.15,14.16],[145.22,14.11],[145.26,14.16]]]},"properties":{"scalerank":0,"featurecla":"Land","min_zoom":4}},
{"type":"Feature","geometry":{"type":"Polygon","coordinates":[[[-59.79,43.94],[-59.94,43.94],[-59.92,43.9],[-59.79,43.94]]]},"properties":{"scalerank":0,"featurecla":"Land","min_zoom":3}},
{"type":"Feature","geometry":{"type":"Polygon","coordinates":[[[-97.01,27.9],[-96.84,28.09],[-96.9,28.12],[-97.01,27.9]]]},"properties":{"scalerank":0,"featurecla":"Land","min_zoom":3}},
{"type":"Feature","geometry":{"type":"Polygon","coordinates":[[[-88.89,29.71],[-88.9,29.73],[-88.94,29.68],[-88.89,29.71]]]},"properties":{"scalerank":0,"featurecla":"Land","min_zoom":4}},
{"type":"Feature","geometry":{"type":"Polygon","coordinates":[[[-88.56,30.22],[-88.57,30.23],[-88.72,30.26],[-88.71,30.24],[-88.57,30.2],[-88.56,30.22]]]},"properties":{"scalerank":0,"featurecla":"Land","min_zoom":4}},
{"type":"Feature","geometry":{"type":"Polygon","coordinates":[[[-88.07,30.25],[-88.11,30.27],[-88.26,30.25],[-88.16,30.23],[-88.07,30.25]]]},"properties":{"scalerank":0,"featurecla":"Land","min_zoom":4}},
{"type":"Feature","geometry":{"type":"Polygon","coordinates":[[[-63.01,18.05],[-63.06,18.12],[-63.12,18.06],[-63.01,18.05]]]},"properties":{"scalerank":0,"featurecla":"Land","min_zoom":4}},
{"type":"Feature","geometry":{"type":"Polygon","coordinates":[[[-65.43,18.11],[-65.48,18.17],[-65.56,18.11],[-65.43,18.11]]]},"properties":{"scalerank":0,"featurecla":"Land","min_zoom":3}},
{"type":"Feature","geometry":{"type":"Polygon","coordinates":[[[-62.53,17.12],[-62.53,17.17],[-62.62,17.2],[-62.62,17.13],[-62.53,17.12]]]},"properties":{"scalerank":0,"featurecla":"Land","min_zoom":4}},
{"type":"Feature","geometry":{"type":"Polygon","coordinates":[[[-64.4,18.46],[-64.32,18.52],[-64.43,18.51],[-64.4,18.46]]]},"properties":{"scalerank":0,"featurecla":"Land","min_zoom":4}},
{"type":"Feature","geometry":{"type":"Polygon","coordinates":[[[-64.66,18.35],[-64.75,18.37],[-64.73,18.33],[-64.66,18.35]]]},"properties":{"scalerank":0,"featurecla":"Land","min_zoom":4}},
{"type":"Feature","geometry":{"type":"Polygon","coordinates":[[[-64.59,18.4],[-64.65,18.44],[-64.67,18.4],[-64.59,18.4]]]},"properties":{"scalerank":0,"featurecla":"Land","min_zoom":4}},
{"type":"Feature","geometry":{"type":"Polygon","coordinates":[[[-64.77,17.79],[-64.88,17.77],[-64.89,17.7],[-64.69,17.71],[-64.77,17.79]]]},"properties":{"scalerank":0,"featurecla":"Land","min_zoom":3}},
{"type":"Feature","geometry":{"type":"Polygon","coordinates":[[[-77.35,25.01],[-77.33,25.08],[-77.53,25.06],[-77.46,24.99],[-77.35,25.01]]]},"properties":{"scalerank":0,"featurecla":"Land","min_zoom":3}},
{"type":"Feature","geometry":{"type":"Polygon","coordinates":[[[-81.04,24.72],[-80.99,24.73],[-80.93,24.76],[-81.09,24.73],[-81.04,24.72]]]},"properties":{"scalerank":0,"featurecla":"Land","min_zoom":3}},
{"type":"Feature","geometry":{"type":"Polygon","coordinates":[[[114.23,22.21],[114.25,22.26],[114.19,22.3],[114.14,22.27],[114.23,22.21]]]},"properties":{"scalerank":0,"featurecla":"Land","min_zoom":4}},
{"type":"Feature","geometry":{"type":"Polygon","coordinates":[[[-76.55,34.65],[-76.62,34.69],[-76.66,34.68],[-76.57,34.65],[-76.55,34.65]]]},"properties":{"scalerank":0,"featurecla":"Land","min_zoom":4}},
{"type":"Feature","geometry":{"type":"Polygon","coordinates":[[[-175.16,-21.17],[-175.23,-21.12],[-175.34,-21.16],[-175.16,-21.26],[-175.16,-21.17]]]},"properties":{"scalerank":0,"featurecla":"Land","min_zoom":3}},
{"type":"Feature","geometry":{"type":"Polygon","coordinates":[[[52.68,45.41],[52.66,45.52],[52.55,45.47],[52.68,45.41]]]},"properties":{"scalerank":0,"featurecla":"Land","min_zoom":4}},
{"type":"Feature","geometry":{"type":"Polygon","coordinates":[[[47.98,45.49],[47.99,45.55],[47.92,45.56],[47.98,45.49]]]},"properties":{"scalerank":0,"featurecla":"Land","min_zoom":4}},
{"type":"Feature","geometry":{"type":"Polygon","coordinates":[[[-58.44,-52.01],[-58.54,-52.03],[-58.43,-52.1],[-58.44,-52.01]]]},"properties":{"scalerank":0,"featurecla":"Land","min_zoom":4}},
{"type":"Feature","geometry":{"type":"Polygon","coordinates":[[[42.59,15.3],[42.62,15.37],[42.57,15.41],[42.55,15.32],[42.59,15.3]]]},"properties":{"scalerank":0,"featurecla":"Land","min_zoom":4}},
{"type":"Feature","geometry":{"type":"Polygon","coordinates":[[[40.08,16.08],[40.01,16.02],[40.11,15.99],[40.08,16.08]]]},"properties":{"scalerank":0,"featurecla":"Land","min_zoom":4}},
{"type":"Feature","geometry":{"type":"Polygon","coordinates":[[[36.9,25.38],[36.92,25.43],[36.75,25.56],[36.72,25.53],[36.9,25.38]]]},"properties":{"scalerank":0,"featurecla":"Land","min_zoom":3}},
{"type":"Feature","geometry":{"type":"Polygon","coordinates":[[[36.6,25.71],[36.58,25.8],[36.55,25.81],[36.54,25.73],[36.6,25.71]]]},"properties":{"scalerank":0,"featurecla":"Land","min_zoom":4}},
{"type":"Feature","geometry":{"type":"Polygon","coordinates":[[[101.32,2.99],[101.33,3.05],[101.27,3.03],[101.27,2.97],[101.32,2.99]]]},"properties":{"scalerank":0,"featurecla":"Land","min_zoom":4}},
{"type":"Feature","geometry":{"type":"Polygon","coordinates":[[[134.72,-6.55],[134.68,-6.46],[134.63,-6.48],[134.66,-6.56],[134.72,-6.55]]]},"properties":{"scalerank":0,"featurecla":"Land","min_zoom":4}},
{"type":"Feature","geometry":{"type":"Polygon","coordinates":[[[123.6,-1.7],[123.62,-1.63],[123.49,-1.53],[123.48,-1.68],[123.6,-1.7]]]},"properties":{"scalerank":0,"featurecla":"Land","min_zoom":3}},
{"type":"Feature","geometry":{"type":"Polygon","coordinates":[[[126.75,34.34],[126.7,34.4],[126.65,34.35],[126.69,34.31],[126.75,34.34]]]},"properties":{"scalerank":0,"featurecla":"Land","min_zoom":4}},
{"type":"Feature","geometry":{"type":"Polygon","coordinates":[[[152.89,76.12],[152.8,76.19],[152.56,76.14],[152.89,76.12]]]},"properties":{"scalerank":0,"featurecla":"Land","min_zoom":4}},
{"type":"Feature","geometry":{"type":"Polygon","coordinates":[[[67.34,69.53],[67.22,69.58],[67.03,69.48],[67.26,69.44],[67.34,69.53]]]},"properties":{"scalerank":0,"featurecla":"Land","min_zoom":3}},
{"type":"Feature","geometry":{"type":"Polygon","coordinates":[[[66.56,70.54],[66.46,70.7],[66.41,70.62],[66.45,70.56],[66.56,70.54]]]},"properties":{"scalerank":0,"featurecla":"Land","min_zoom":4}},
{"type":"Feature","geometry":{"type":"Polygon","coordinates":[[[55.48,80.27],[55.24,80.33],[54.98,80.26],[55.2,80.23],[55.48,80.27]]]},"properties":{"scalerank":0,"featurecla":"Land","min_zoom":4}},
{"type":"Feature","geometry":{"type":"Polygon","coordinates":[[[18.42,59.03],[18.49,59.1],[18.4,59.09],[18.42,59.03]]]},"properties":{"scalerank":0,"featurecla":"Land","min_zoom":4}},
{"type":"Feature","geometry":{"type":"Polygon","coordinates":[[[18.6,59.47],[18.7,59.52],[18.57,59.53],[18.6,59.47]]]},"properties":{"scalerank":0,"featurecla":"Land","min_zoom":4}},
{"type":"Feature","geometry":{"type":"Polygon","coordinates":[[[-122.85,47.2],[-122.89,47.27],[-122.91,47.23],[-122.85,47.2]]]},"properties":{"scalerank":0,"featurecla":"Land","min_zoom":4}},
{"type":"Feature","geometry":{"type":"Polygon","coordinates":[[[105.73,-10.49],[105.71,-10.43],[105.58,-10.51],[105.7,-10.56],[105.73,-10.49]]]},"properties":{"scalerank":0,"featurecla":"Land","min_zoom":3}},
{"type":"Feature","geometry":{"type":"Polygon","coordinates":[[[-86.42,16.38],[-86.44,16.41],[-86.56,16.36],[-86.58,16.3],[-86.42,16.38]]]},"properties":{"scalerank":0,"featurecla":"Land","min_zoom":3}},
{"type":"Feature","geometry":{"type":"Polygon","coordinates":[[[163.98,-74.83],[164.21,-74.61],[163.74,-74.71],[163.98,-74.83]]]},"properties":{"scalerank":0,"featurecla":"Land","min_zoom":3}},
{"type":"Feature","geometry":{"type":"Polygon","coordinates":[[[164.83,-67.54],[164.92,-67.45],[164.83,-67.33],[164.64,-67.5],[164.83,-67.54]]]},"properties":{"scalerank":0,"featurecla":"Land","min_zoom":3}},
{"type":"Feature","geometry":{"type":"Polygon","coordinates":[[[167.64,-78.14],[166.86,-78.2],[166.11,-78.09],[166.12,-78.27],[167.38,-78.25],[167.64,-78.14]]]},"properties":{"scalerank":0,"featurecla":"Land","min_zoom":3}},
{"type":"Feature","geometry":{"type":"Polygon","coordinates":[[[163.3,-66.82],[163.24,-66.71],[163.09,-66.7],[163.16,-66.82],[163.3,-66.82]]]},"properties":{"scalerank":0,"featurecla":"Land","min_zoom":3}},
{"type":"Feature","geometry":{"type":"Polygon","coordinates":[[[167.08,-77.32],[166.24,-77.55],[168.32,-77.68],[168.45,-77.39],[167.08,-77.32]]]},"properties":{"scalerank":0,"featurecla":"Land","min_zoom":2}},
{"type":"Feature","geometry":{"type":"Polygon","coordinates":[[[169.84,-73.6],[169.96,-73.51],[169.78,-73.32],[169.48,-73.54],[169.84,-73.6]]]},"properties":{"scalerank":0,"featurecla":"Land","min_zoom":3}},
{"type":"Feature","geometry":{"type":"Polygon","coordinates":[[[162.97,-75.57],[162.72,-75.6],[162.59,-75.67],[162.79,-75.7],[162.97,-75.57]]]},"properties":{"scalerank":0,"featurecla":"Land","min_zoom":4}},
{"type":"Feature","geometry":{"type":"Polygon","coordinates":[[[100.98,-65.68],[100.88,-65.38],[100.41,-65.47],[100.55,-65.7],[100.98,-65.68]]]},"properties":{"scalerank":0,"featurecla":"Land","min_zoom":2}},
{"type":"Feature","geometry":{"type":"Polygon","coordinates":[[[85.82,-66.95],[85.81,-66.77],[85.36,-66.85],[85.82,-66.95]]]},"properties":{"scalerank":0,"featurecla":"Land","min_zoom":3}},
{"type":"Feature","geometry":{"type":"Polygon","coordinates":[[[92.6,-65.81],[92.63,-65.73],[92.3,-65.71],[92.33,-65.81],[92.6,-65.81]]]},"properties":{"scalerank":0,"featurecla":"Land","min_zoom":3}},
{"type":"Feature","geometry":{"type":"Polygon","coordinates":[[[86.54,-66.77],[86.38,-66.67],[86.23,-66.73],[86.34,-66.79],[86.54,-66.77]]]},"properties":{"scalerank":0,"featurecla":"Land","min_zoom":3}},
{"type":"Feature","geometry":{"type":"Polygon","coordinates":[[[85.33,-66.61],[85.12,-66.52],[85.07,-66.58],[85.14,-66.64],[85.33,-66.61]]]},"properties":{"scalerank":0,"featurecla":"Land","min_zoom":4}},
{"type":"Feature","geometry":{"type":"Polygon","coordinates":[[[69.92,-71.92],[69.8,-71.89],[69.69,-71.97],[69.79,-72.05],[69.92,-71.92]]]},"properties":{"scalerank":0,"featurecla":"Land","min_zoom":4}},
{"type":"Feature","geometry":{"type":"Polygon","coordinates":[[[68.46,-72.3],[68.82,-72.23],[68.67,-72.1],[68.46,-72.3]]]},"properties":{"scalerank":0,"featurecla":"Land","min_zoom":3}},
{"type":"Feature","geometry":{"type":"Polygon","coordinates":[[[96.61,-66.04],[96.39,-66.22],[96.93,-66.2],[96.61,-66.04]]]},"properties":{"scalerank":0,"featurecla":"Land","min_zoom":3}},
{"type":"Feature","geometry":{"type":"Polygon","coordinates":[[[72,-70.63],[72,-70.46],[71.66,-70.5],[72,-70.63]]]},"properties":{"scalerank":0,"featurecla":"Land","min_zoom":3}},
{"type":"Feature","geometry":{"type":"Polygon","coordinates":[[[162.61,-66.48],[162.31,-66.25],[162.3,-66.4],[162.61,-66.48]]]},"properties":{"scalerank":0,"featurecla":"Land","min_zoom":3}},
{"type":"Feature","geometry":{"type":"Polygon","coordinates":[[[100.26,-66.22],[100.29,-66.11],[100.08,-66.19],[100.26,-66.22]]]},"properties":{"scalerank":0,"featurecla":"Land","min_zoom":4}},
{"type":"Feature","geometry":{"type":"Polygon","coordinates":[[[98.85,-66.47],[98.95,-66.42],[98.75,-66.37],[98.66,-66.45],[98.85,-66.47]]]},"properties":{"scalerank":0,"featurecla":"Land","min_zoom":3}},
{"type":"Feature","geometry":{"type":"Polygon","coordinates":[[[103.4,-65.45],[103.19,-65.33],[103.14,-65.19],[102.89,-65.13],[102.79,-65.24],[103.11,-65.31],[103.14,-65.44],[103.4,-65.45]]]},"properties":{"scalerank":0,"featurecla":"Land","min_zoom":3}},
{"type":"Feature","geometry":{"type":"Polygon","coordinates":[[[-147.59,-76.65],[-147.9,-76.56],[-148,-76.58],[-147.73,-76.65],[-147.59,-76.65]]]},"properties":{"scalerank":0,"featurecla":"Land","min_zoom":4}},
{"type":"Feature","geometry":{"type":"Polygon","coordinates":[[[-145.24,-75.71],[-145.76,-75.51],[-146.04,-75.61],[-145.24,-75.71]]]},"properties":{"scalerank":0,"featurecla":"Land","min_zoom":3}},
{"type":"Feature","geometry":{"type":"Polygon","coordinates":[[[-146.61,-76.96],[-146.24,-76.88],[-147.09,-76.84],[-146.98,-77.01],[-146.61,-76.96]]]},"properties":{"scalerank":0,"featurecla":"Land","min_zoom":3}},
{"type":"Feature","geometry":{"type":"Polygon","coordinates":[[[-132.39,-74.44],[-132.55,-74.39],[-132.86,-74.46],[-132.55,-74.5],[-132.39,-74.44]]]},"properties":{"scalerank":0,"featurecla":"Land","min_zoom":3}},
{"type":"Feature","geometry":{"type":"Polygon","coordinates":[[[-148.6,-77.01],[-148.51,-76.95],[-149.24,-76.9],[-149.24,-76.99],[-148.6,-77.01]]]},"properties":{"scalerank":0,"featurecla":"Land","min_zoom":3}},
{"type":"Feature","geometry":{"type":"Polygon","coordinates":[[[-149.33,-76.72],[-148.98,-76.85],[-148.38,-76.74],[-149.33,-76.72]]]},"properties":{"scalerank":0,"featurecla":"Land","min_zoom":3}},
{"type":"Feature","geometry":{"type":"Polygon","coordinates":[[[-131.07,-74.58],[-130.98,-74.41],[-131.76,-74.32],[-131.84,-74.54],[-131.07,-74.58]]]},"properties":{"scalerank":0,"featurecla":"Land","min_zoom":2}},
{"type":"Feature","geometry":{"type":"Polygon","coordinates":[[[-119.55,-74.11],[-118.96,-73.81],[-119.8,-73.81],[-119.55,-74.11]]]},"properties":{"scalerank":0,"featurecla":"Land","min_zoom":1}},
{"type":"Feature","geometry":{"type":"Polygon","coordinates":[[[-116.74,-74.17],[-116.38,-73.87],[-117.38,-74.08],[-116.74,-74.17]]]},"properties":{"scalerank":0,"featurecla":"Land","min_zoom":2}},
{"type":"Feature","geometry":{"type":"Polygon","coordinates":[[[-127.37,-74.62],[-127.15,-74.48],[-127.85,-74.33],[-128.1,-74.47],[-127.37,-74.62]]]},"properties":{"scalerank":0,"featurecla":"Land","min_zoom":2}},
{"type":"Feature","geometry":{"type":"Polygon","coordinates":[[[-149.22,-77.34],[-149.38,-77.28],[-149.66,-77.3],[-149.44,-77.37],[-149.22,-77.34]]]},"properties":{"scalerank":0,"featurecla":"Land","min_zoom":4}},
{"type":"Feature","geometry":{"type":"Polygon","coordinates":[[[-161.99,-83.12],[-161.64,-83.03],[-162.8,-82.86],[-163.05,-83.1],[-161.99,-83.12]]]},"properties":{"scalerank":0,"featurecla":"Land","min_zoom":3}},
{"type":"Feature","geometry":{"type":"Polygon","coordinates":[[[-150.23,-76.78],[-150.18,-76.69],[-150.84,-76.71],[-150.66,-76.79],[-150.23,-76.78]]]},"properties":{"scalerank":0,"featurecla":"Land","min_zoom":3}},
{"type":"Feature","geometry":{"type":"Polygon","coordinates":[[[-146.69,-76.25],[-146.95,-76.1],[-147.35,-76.15],[-146.69,-76.25]]]},"properties":{"scalerank":0,"featurecla":"Land","min_zoom":3}},
{"type":"Feature","geometry":{"type":"Polygon","coordinates":[[[-146.79,-76.63],[-147.14,-76.53],[-147.36,-76.62],[-146.79,-76.63]]]},"properties":{"scalerank":0,"featurecla":"Land","min_zoom":3}},
{"type":"Feature","geometry":{"type":"Polygon","coordinates":[[[-160.47,-81.59],[-162.46,-81.31],[-163.77,-81.44],[-160.47,-81.59]]]},"properties":{"scalerank":0,"featurecla":"Land","min_zoom":2}},
{"type":"Feature","geometry":{"type":"Polygon","coordinates":[[[-150.4,-77.37],[-151.02,-77.22],[-151.34,-77.3],[-150.4,-77.37]]]},"properties":{"scalerank":0,"featurecla":"Land","min_zoom":3}},
{"type":"Feature","geometry":{"type":"Polygon","coordinates":[[[-153.93,-80.03],[-155.67,-79.77],[-155.75,-79.83],[-154.94,-79.97],[-153.93,-80.03]]]},"properties":{"scalerank":0,"featurecla":"Land","min_zoom":3}},
{"type":"Feature","geometry":{"type":"Polygon","coordinates":[[[-149.23,-77.12],[-149.87,-76.87],[-150.46,-77.08],[-149.23,-77.12]]]},"properties":{"scalerank":0,"featurecla":"Land","min_zoom":2}},
{"type":"Feature","geometry":{"type":"Polygon","coordinates":[[[-157.99,-82.1],[-157.83,-82.03],[-158.26,-81.95],[-158.55,-81.95],[-157.99,-82.1]]]},"properties":{"scalerank":0,"featurecla":"Land","min_zoom":3}},
{"type":"Feature","geometry":{"type":"Polygon","coordinates":[[[-5.89,-70.55],[-6.07,-70.4],[-6.44,-70.45],[-6.16,-70.61],[-5.89,-70.55]]]},"properties":{"scalerank":0,"featurecla":"Land","min_zoom":3}},
{"type":"Feature","geometry":{"type":"Polygon","coordinates":[[[3.04,-70.6],[3.26,-70.45],[3.07,-70.38],[2.63,-70.5],[3.04,-70.6]]]},"properties":{"scalerank":0,"featurecla":"Land","min_zoom":3}},
{"type":"Feature","geometry":{"type":"Polygon","coordinates":[[[-2.95,-71.21],[-3.26,-71.05],[-3.4,-71.12],[-3.31,-71.2],[-2.95,-71.21]]]},"properties":{"scalerank":0,"featurecla":"Land","min_zoom":3}},
{"type":"Feature","geometry":{"type":"Polygon","coordinates":[[[1.3,-70.26],[1.41,-70.04],[1.03,-70.05],[0.99,-70.22],[1.3,-70.26]]]},"properties":{"scalerank":0,"featurecla":"Land","min_zoom":3}},
{"type":"Feature","geometry":{"type":"Polygon","coordinates":[[[-2.53,-70.77],[-2.8,-70.98],[-2.37,-71.04],[-2.09,-70.82],[-2.53,-70.77]]]},"properties":{"scalerank":0,"featurecla":"Land","min_zoom":2}},
{"type":"Feature","geometry":{"type":"Polygon","coordinates":[[[4.53,-70.48],[4.5,-70.25],[4.07,-70.29],[4.13,-70.42],[4.53,-70.48]]]},"properties":{"scalerank":0,"featurecla":"Land","min_zoom":3}},
{"type":"Feature","geometry":{"type":"Polygon","coordinates":[[[48.55,-66.78],[48.64,-66.7],[48.36,-66.7],[48.3,-66.8],[48.55,-66.78]]]},"properties":{"scalerank":0,"featurecla":"Land","min_zoom":3}},
{"type":"Feature","geometry":{"type":"Polygon","coordinates":[[[16.22,-70.01],[16.25,-69.7],[15.7,-69.77],[15.61,-69.94],[16.22,-70.01]]]},"properties":{"scalerank":0,"featurecla":"Land","min_zoom":2}},
{"type":"Feature","geometry":{"type":"Polygon","coordinates":[[[26.86,-70.38],[26.69,-70.11],[25.98,-70.2],[26.01,-70.37],[26.86,-70.38]]]},"properties":{"scalerank":0,"featurecla":"Land","min_zoom":2}},
{"type":"Feature","geometry":{"type":"Polygon","coordinates":[[[-31.12,-79.8],[-30.42,-80.01],[-29.61,-79.91],[-30.66,-79.73],[-31.12,-79.8]]]},"properties":{"scalerank":0,"featurecla":"Land","min_zoom":2}},
{"type":"Feature","geometry":{"type":"Polygon","coordinates":[[[-33.93,-79.32],[-35.53,-79.09],[-36.48,-79.29],[-33.93,-79.32]]]},"properties":{"scalerank":0,"featurecla":"Land","min_zoom":2}},
{"type":"Feature","geometry":{"type":"Polygon","coordinates":[[[-3.28,-70.53],[-2.74,-70.51],[-2.71,-70.32],[-3.29,-70.34],[-3.28,-70.53]]]},"properties":{"scalerank":0,"featurecla":"Land","min_zoom":2}},
{"type":"Feature","geometry":{"type":"Polygon","coordinates":[[[-20.61,-73.89],[-21.29,-73.99],[-20.85,-74.44],[-20.42,-74.32],[-20.61,-73.89]]]},"properties":{"scalerank":0,"featurecla":"Land","min_zoom":2}},
{"type":"Feature","geometry":{"type":"Polygon","coordinates":[[[-16.1,-72.68],[-16.3,-72.48],[-16.52,-72.53],[-16.45,-72.65],[-16.1,-72.68]]]},"properties":{"scalerank":0,"featurecla":"Land","min_zoom":3}},
{"type":"Feature","geometry":{"type":"Polygon","coordinates":[[[-12.51,-72.17],[-12.79,-72.01],[-12.96,-72.06],[-12.72,-72.19],[-12.51,-72.17]]]},"properties":{"scalerank":0,"featurecla":"Land","min_zoom":3}},
{"type":"Feature","geometry":{"type":"Polygon","coordinates":[[[-32.34,-79.67],[-31.93,-79.57],[-32.38,-79.53],[-32.34,-79.67]]]},"properties":{"scalerank":0,"featurecla":"Land","min_zoom":3}},
{"type":"Feature","geometry":{"type":"Polygon","coordinates":[[[-45.72,-60.52],[-45.71,-60.65],[-45.4,-60.65],[-45.5,-60.55],[-45.72,-60.52]]]},"properties":{"scalerank":0,"featurecla":"Land","min_zoom":3}},
{"type":"Feature","geometry":{"type":"Polygon","coordinates":[[[-54.07,-61.3],[-54.05,-61.14],[-54.19,-61.25],[-54.07,-61.3]]]},"properties":{"scalerank":0,"featurecla":"Land","min_zoom":4}},
{"type":"Feature","geometry":{"type":"Polygon","coordinates":[[[-67.26,-79.45],[-67.07,-79.27],[-68.03,-79.23],[-68.55,-79.44],[-67.26,-79.45]]]},"properties":{"scalerank":0,"featurecla":"Land","min_zoom":2}},
{"type":"Feature","geometry":{"type":"Polygon","coordinates":[[[-55.17,-61.22],[-55.06,-61.17],[-55.39,-61.07],[-55.3,-61.25],[-55.17,-61.22]]]},"properties":{"scalerank":0,"featurecla":"Land","min_zoom":3}},
{"type":"Feature","geometry":{"type":"Polygon","coordinates":[[[-55.53,-63.17],[-56.39,-63.23],[-56.38,-63.44],[-55.53,-63.17]]]},"properties":{"scalerank":0,"featurecla":"Land","min_zoom":2}},
{"type":"Feature","geometry":{"type":"Polygon","coordinates":[[[-55.87,-63.54],[-55.86,-63.41],[-56.21,-63.44],[-56.18,-63.51],[-55.87,-63.54]]]},"properties":{"scalerank":0,"featurecla":"Land","min_zoom":3}},
{"type":"Feature","geometry":{"type":"Polygon","coordinates":[[[-57.24,-64.57],[-56.99,-64.47],[-57.02,-64.35],[-57.45,-64.46],[-57.24,-64.57]]]},"properties":{"scalerank":0,"featurecla":"Land","min_zoom":3}},
{"type":"Feature","geometry":{"type":"Polygon","coordinates":[[[-58.84,-62.3],[-59.06,-62.24],[-59.06,-62.35],[-58.84,-62.3]]]},"properties":{"scalerank":0,"featurecla":"Land","min_zoom":3}},
{"type":"Feature","geometry":{"type":"Polygon","coordinates":[[[-57.98,-61.91],[-58.68,-62.01],[-58.96,-62.16],[-57.96,-62.08],[-57.98,-61.91]]]},"properties":{"scalerank":0,"featurecla":"Land","min_zoom":2}},
{"type":"Feature","geometry":{"type":"Polygon","coordinates":[[[-61.95,-64.08],[-61.8,-63.97],[-61.94,-63.99],[-62.02,-64.03],[-61.95,-64.08]]]},"properties":{"scalerank":0,"featurecla":"Land","min_zoom":4}},
{"type":"Feature","geometry":{"type":"Polygon","coordinates":[[[-62,-69.72],[-61.82,-69.38],[-62.5,-69.29],[-62,-69.72]]]},"properties":{"scalerank":0,"featurecla":"Land","min_zoom":2}},
{"type":"Feature","geometry":{"type":"Polygon","coordinates":[[[-63.32,-64.86],[-63.46,-64.8],[-63.56,-64.91],[-63.32,-64.86]]]},"properties":{"scalerank":0,"featurecla":"Land","min_zoom":3}},
{"type":"Feature","geometry":{"type":"Polygon","coordinates":[[[-62.33,-64.42],[-62.06,-64.14],[-62.48,-64.21],[-62.75,-64.47],[-62.33,-64.42]]]},"properties":{"scalerank":0,"featurecla":"Land","min_zoom":2}},
{"type":"Feature","geometry":{"type":"Polygon","coordinates":[[[-62.62,-63.07],[-62.41,-62.97],[-62.53,-62.92],[-62.62,-63.07]]]},"properties":{"scalerank":0,"featurecla":"Land","min_zoom":3}},
{"type":"Feature","geometry":{"type":"Polygon","coordinates":[[[-59.39,-62.44],[-59.4,-62.37],[-59.66,-62.35],[-59.53,-62.45],[-59.39,-62.44]]]},"properties":{"scalerank":0,"featurecla":"Land","min_zoom":3}},
{"type":"Feature","geometry":{"type":"Polygon","coordinates":[[[-56.06,-63.08],[-56.49,-62.98],[-56.35,-63.17],[-56.06,-63.08]]]},"properties":{"scalerank":0,"featurecla":"Land","min_zoom":3}},
{"type":"Feature","geometry":{"type":"Polygon","coordinates":[[[-60.62,-62.56],[-60.38,-62.62],[-60.22,-62.75],[-60,-62.62],[-60.14,-62.55],[-60.62,-62.56]]]},"properties":{"scalerank":0,"featurecla":"Land","min_zoom":2}},
{"type":"Feature","geometry":{"type":"Polygon","coordinates":[[[-57.37,-63.81],[-57.22,-63.88],[-57.16,-63.82],[-57.37,-63.81]]]},"properties":{"scalerank":0,"featurecla":"Land","min_zoom":3}},
{"type":"Feature","geometry":{"type":"Polygon","coordinates":[[[-61.16,-69.98],[-61.15,-69.88],[-61.33,-69.86],[-61.4,-69.93],[-61.16,-69.98]]]},"properties":{"scalerank":0,"featurecla":"Land","min_zoom":3}},
{"type":"Feature","geometry":{"type":"Polygon","coordinates":[[[-60.66,-68.77],[-60.81,-68.69],[-60.89,-68.76],[-60.66,-68.77]]]},"properties":{"scalerank":0,"featurecla":"Land","min_zoom":3}},
{"type":"Feature","geometry":{"type":"Polygon","coordinates":[[[-60.74,-70.71],[-60.49,-70.65],[-60.55,-70.51],[-60.98,-70.6],[-60.74,-70.71]]]},"properties":{"scalerank":0,"featurecla":"Land","min_zoom":3}},
{"type":"Feature","geometry":{"type":"Polygon","coordinates":[[[-60.55,-71.05],[-60.61,-70.92],[-60.95,-70.97],[-60.55,-71.05]]]},"properties":{"scalerank":0,"featurecla":"Land","min_zoom":3}},
{"type":"Feature","geometry":{"type":"Polygon","coordinates":[[[-60.5,-62.97],[-60.64,-62.9],[-60.69,-63],[-60.5,-62.97]]]},"properties":{"scalerank":0,"featurecla":"Land","min_zoom":4}},
{"type":"Feature","geometry":{"type":"Polygon","coordinates":[[[-60.65,-63.87],[-60.69,-63.81],[-60.56,-63.7],[-60.8,-63.72],[-60.81,-63.84],[-60.65,-63.87]]]},"properties":{"scalerank":0,"featurecla":"Land","min_zoom":3}},
{"type":"Feature","geometry":{"type":"Polygon","coordinates":[[[-93.8,-72.92],[-94,-72.82],[-94.11,-72.86],[-93.8,-72.92]]]},"properties":{"scalerank":0,"featurecla":"Land","min_zoom":4}},
{"type":"Feature","geometry":{"type":"Polygon","coordinates":[[[-91.16,-73.18],[-90.81,-72.61],[-91.67,-72.62],[-91.16,-73.18]]]},"properties":{"scalerank":0,"featurecla":"Land","min_zoom":2}},
{"type":"Feature","geometry":{"type":"Polygon","coordinates":[[[-104.54,-73.17],[-104.97,-72.94],[-105.13,-72.99],[-104.88,-73.2],[-104.54,-73.17]]]},"properties":{"scalerank":0,"featurecla":"Land","min_zoom":3}},
{"type":"Feature","geometry":{"type":"Polygon","coordinates":[[[-95.03,-72.67],[-94.43,-72.61],[-94.51,-72.49],[-95.22,-72.6],[-95.03,-72.67]]]},"properties":{"scalerank":0,"featurecla":"Land","min_zoom":3}},
{"type":"Feature","geometry":{"type":"Polygon","coordinates":[[[-71.7,-70.27],[-71.68,-70.44],[-71.34,-70.32],[-71.7,-70.27]]]},"properties":{"scalerank":0,"featurecla":"Land","min_zoom":1}},
{"type":"Feature","geometry":{"type":"Polygon","coordinates":[[[-71.99,-69.7],[-72.33,-69.49],[-72.78,-69.65],[-71.99,-69.7]]]},"properties":{"scalerank":0,"featurecla":"Land","min_zoom":2}},
{"type":"Feature","geometry":{"type":"Polygon","coordinates":[[[-73.88,-73.36],[-73.54,-73.12],[-73.83,-73.11],[-74.15,-73.32],[-73.88,-73.36]]]},"properties":{"scalerank":0,"featurecla":"Land","min_zoom":3}},
{"type":"Feature","geometry":{"type":"Polygon","coordinates":[[[-65.85,-65.84],[-65.81,-65.69],[-65.97,-65.57],[-66.18,-65.87],[-65.85,-65.84]]]},"properties":{"scalerank":0,"featurecla":"Land","min_zoom":3}},
{"type":"Feature","geometry":{"type":"Polygon","coordinates":[[[-66.6,-66.2],[-66.78,-66.11],[-66.82,-66.31],[-66.6,-66.2]]]},"properties":{"scalerank":0,"featurecla":"Land","min_zoom":3}},
{"type":"Feature","geometry":{"type":"Polygon","coordinates":[[[-67.35,-67.77],[-67.15,-67.65],[-67.56,-67.6],[-67.69,-67.76],[-67.35,-67.77]]]},"properties":{"scalerank":0,"featurecla":"Land","min_zoom":3}},
{"type":"Feature","geometry":{"type":"Polygon","coordinates":[[[-67.36,-66.89],[-67.26,-66.84],[-67.33,-66.75],[-67.59,-66.88],[-67.36,-66.89]]]},"properties":{"scalerank":0,"featurecla":"Land","min_zoom":3}},
{"type":"Feature","geometry":{"type":"Polygon","coordinates":[[[-179.97,-16.92],[-179.82,-16.77],[-179.86,-16.69],[-180,-16.79],[-180,-16.91],[-180,-16.96],[-179.97,-16.92]]]},"properties":{"scalerank":0,"featurecla":"Land","min_zoom":3}},
{"type":"Feature","geometry":{"type":"Polygon","coordinates":[[[-179.93,-16.5],[-179.94,-16.44],[-180,-16.49],[-180,-16.51],[-180,-16.54],[-179.93,-16.5]]]},"properties":{"scalerank":0,"featurecla":"Land","min_zoom":1}},
{"type":"Feature","geometry":{"type":"Polygon","coordinates":[[[180,-16.96],[180,-16.79],[179.9,-16.96],[180,-16.96]]]},"properties":{"scalerank":0,"featurecla":"Land","min_zoom":3}},
{"type":"Feature","geometry":{"type":"Polygon","coordinates":[[[-78.9,8.27],[-78.86,8.45],[-78.96,8.44],[-78.9,8.27]]]},"properties":{"scalerank":0,"featurecla":"Land","min_zoom":3}},
{"type":"Feature","geometry":{"type":"Polygon","coordinates":[[[154.81,49.31],[154.82,49.65],[154.61,49.38],[154.81,49.31]]]},"properties":{"scalerank":0,"featurecla":"Land","min_zoom":3}},
{"type":"Feature","geometry":{"type":"Polygon","coordinates":[[[59.31,81.31],[59.08,81.4],[58.72,81.31],[59.31,81.31]]]},"properties":{"scalerank":0,"featurecla":"Land","min_zoom":3}},
{"type":"Feature","geometry":{"type":"Polygon","coordinates":[[[54.42,80.47],[54.41,80.54],[53.88,80.61],[53.81,80.48],[54.42,80.47]]]},"properties":{"scalerank":0,"featurecla":"Land","min_zoom":3}},
{"type":"Feature","geometry":{"type":"Polygon","coordinates":[[[61.14,80.95],[61.46,81.1],[60.59,81.09],[61.14,80.95]]]},"properties":{"scalerank":0,"featurecla":"Land","min_zoom":3}},
{"type":"Feature","geometry":{"type":"Polygon","coordinates":[[[53.52,80.19],[53.19,80.41],[52.21,80.26],[53.52,80.19]]]},"properties":{"scalerank":0,"featurecla":"Land","min_zoom":3}},
{"type":"Feature","geometry":{"type":"Polygon","coordinates":[[[57.08,80.35],[56.02,80.34],[56.2,80.08],[57.08,80.09],[57.08,80.35]]]},"properties":{"scalerank":0,"featurecla":"Land","min_zoom":2}},
{"type":"Feature","geometry":{"type":"Polygon","coordinates":[[[59.69,79.96],[59.54,80.12],[58.95,80.04],[59.69,79.96]]]},"properties":{"scalerank":0,"featurecla":"Land","min_zoom":3}},
{"type":"Feature","geometry":{"type":"Polygon","coordinates":[[[-66.47,-55.23],[-66.52,-55.17],[-66.64,-55.23],[-66.55,-55.27],[-66.47,-55.23]]]},"properties":{"scalerank":0,"featurecla":"Land","min_zoom":4}},
{"type":"Feature","geometry":{"type":"Polygon","coordinates":[[[-75.04,-44.89],[-75.05,-44.82],[-75.14,-44.82],[-75.1,-44.9],[-75.04,-44.89]]]},"properties":{"scalerank":0,"featurecla":"Land","min_zoom":4}},
{"type":"Feature","geometry":{"type":"Polygon","coordinates":[[[-75.51,-48.76],[-75.16,-48.62],[-75.39,-48.02],[-75.65,-48.59],[-75.51,-48.76]]]},"properties":{"scalerank":0,"featurecla":"Land","min_zoom":0}},
{"type":"Feature","geometry":{"type":"Polygon","coordinates":[[[-75.3,-50.68],[-75.16,-50.5],[-75.43,-50.48],[-75.3,-50.68]]]},"properties":{"scalerank":0,"featurecla":"Land","min_zoom":3}},
{"type":"Feature","geometry":{"type":"Polygon","coordinates":[[[-74.39,-52.92],[-74.27,-53.08],[-73.79,-53.12],[-73.58,-53.3],[-73.45,-53.14],[-74.07,-52.97],[-74.39,-52.92]]]},"properties":{"scalerank":0,"featurecla":"Land","min_zoom":0}},
{"type":"Feature","geometry":{"type":"Polygon","coordinates":[[[-69.7,-54.92],[-69.98,-55.15],[-69.41,-55.44],[-68.29,-55.52],[-68.28,-55.26],[-68.9,-55.02],[-69.7,-54.92]]]},"properties":{"scalerank":0,"featurecla":"Land","min_zoom":0}},
{"type":"Feature","geometry":{"type":"Polygon","coordinates":[[[-75.11,-48.84],[-75.62,-48.89],[-75.26,-49.07],[-75.11,-48.84]]]},"properties":{"scalerank":0,"featurecla":"Land","min_zoom":0}},
{"type":"Feature","geometry":{"type":"Polygon","coordinates":[[[-60.11,-51.4],[-60.07,-51.31],[-60.28,-51.28],[-60.25,-51.4],[-60.11,-51.4]]]},"properties":{"scalerank":0,"featurecla":"Land","min_zoom":3}},
{"type":"Feature","geometry":{"type":"Polygon","coordinates":[[[-26.26,-58.44],[-26.3,-58.38],[-26.4,-58.38],[-26.42,-58.44],[-26.26,-58.44]]]},"properties":{"scalerank":0,"featurecla":"Land","min_zoom":4}},
{"type":"Feature","geometry":{"type":"Polygon","coordinates":[[[53.76,12.64],[53.6,12.34],[54.13,12.36],[54.19,12.66],[53.76,12.64]]]},"properties":{"scalerank":0,"featurecla":"Land","min_zoom":2}},
{"type":"Feature","geometry":{"type":"Polygon","coordinates":[[[53.33,24.26],[53.45,24.37],[53.19,24.29],[53.33,24.26]]]},"properties":{"scalerank":0,"featurecla":"Land","min_zoom":3}},
{"type":"Feature","geometry":{"type":"Polygon","coordinates":[[[58.72,20.22],[58.84,20.42],[58.95,20.52],[58.88,20.68],[58.79,20.5],[58.64,20.34],[58.72,20.22]]]},"properties":{"scalerank":0,"featurecla":"Land","min_zoom":2}},
{"type":"Feature","geometry":{"type":"Polygon","coordinates":[[[52.62,24.29],[52.66,24.33],[52.63,24.38],[52.58,24.35],[52.62,24.29]]]},"properties":{"scalerank":0,"featurecla":"Land","min_zoom":4}},
{"type":"Feature","geometry":{"type":"Polygon","coordinates":[[[56.19,26.92],[56.07,26.98],[55.76,26.81],[55.95,26.7],[56.19,26.92]]]},"properties":{"scalerank":0,"featurecla":"Land","min_zoom":2}},
{"type":"Feature","geometry":{"type":"Polygon","coordinates":[[[53.93,24.18],[53.83,24.26],[53.69,24.21],[53.8,24.14],[53.93,24.18]]]},"properties":{"scalerank":0,"featurecla":"Land","min_zoom":3}},
{"type":"Feature","geometry":{"type":"Polygon","coordinates":[[[41.99,16.72],[41.95,16.94],[41.78,16.85],[41.99,16.72]]]},"properties":{"scalerank":0,"featurecla":"Land","min_zoom":2}},
{"type":"Feature","geometry":{"type":"Polygon","coordinates":[[[40.14,15.7],[40.04,15.88],[39.95,15.79],[40.14,15.7]]]},"properties":{"scalerank":0,"featurecla":"Land","min_zoom":2}},
{"type":"Feature","geometry":{"type":"Polygon","coordinates":[[[42.76,13.7],[42.73,13.75],[42.69,13.67],[42.76,13.7]]]},"properties":{"scalerank":0,"featurecla":"Land","min_zoom":4}},
{"type":"Feature","geometry":{"type":"Polygon","coordinates":[[[50.61,25.88],[50.61,26.12],[50.45,26.19],[50.47,25.97],[50.61,25.88]]]},"properties":{"scalerank":0,"featurecla":"Land","min_zoom":3}},
{"type":"Feature","geometry":{"type":"Polygon","coordinates":[[[42.79,13.97],[42.76,14.07],[42.69,14.01],[42.79,13.97]]]},"properties":{"scalerank":0,"featurecla":"Land","min_zoom":4}},
{"type":"Feature","geometry":{"type":"Polygon","coordinates":[[[48.28,29.62],[48.35,29.78],[48.16,29.96],[48.08,29.8],[48.28,29.62]]]},"properties":{"scalerank":0,"featurecla":"Land","min_zoom":2}},
{"type":"Feature","geometry":{"type":"Polygon","coordinates":[[[179.42,-17.37],[179.43,-17.27],[179.37,-17.26],[179.42,-17.37]]]},"properties":{"scalerank":0,"featurecla":"Land","min_zoom":4}},
{"type":"Feature","geometry":{"type":"Polygon","coordinates":[[[179.35,-18.1],[179.31,-17.94],[179.25,-18.03],[179.35,-18.1]]]},"properties":{"scalerank":0,"featurecla":"Land","min_zoom":3}},
{"type":"Feature","geometry":{"type":"Polygon","coordinates":[[[178.83,-17.73],[178.85,-17.68],[178.79,-17.62],[178.75,-17.69],[178.83,-17.73]]]},"properties":{"scalerank":0,"featurecla":"Land","min_zoom":3}},
{"type":"Feature","geometry":{"type":"Polygon","coordinates":[[[168.45,-16.78],[168.2,-16.59],[168.18,-16.8],[168.45,-16.78]]]},"properties":{"scalerank":0,"featurecla":"Land","min_zoom":3}},
{"type":"Feature","geometry":{"type":"Polygon","coordinates":[[[168.3,-16.34],[168.16,-16.08],[168.02,-16.32],[168.3,-16.34]]]},"properties":{"scalerank":0,"featurecla":"Land","min_zoom":2}},
{"type":"Feature","geometry":{"type":"Polygon","coordinates":[[[168.45,-17.54],[168.27,-17.55],[168.25,-17.78],[168.52,-17.8],[168.45,-17.54]]]},"properties":{"scalerank":0,"featurecla":"Land","min_zoom":2}},
{"type":"Feature","geometry":{"type":"Polygon","coordinates":[[[167.91,-15.44],[167.83,-15.31],[167.67,-15.45],[167.84,-15.48],[167.91,-15.44]]]},"properties":{"scalerank":0,"featurecla":"Land","min_zoom":3}},
{"type":"Feature","geometry":{"type":"Polygon","coordinates":[[[166.75,-14.83],[166.63,-15.41],[166.83,-15.63],[167.2,-15.49],[167.13,-15.14],[166.75,-14.83]]]},"properties":{"scalerank":0,"featurecla":"Land","min_zoom":1}},
{"type":"Feature","geometry":{"type":"Polygon","coordinates":[[[168.21,-15.97],[168.27,-15.89],[168.18,-15.51],[168.12,-15.68],[168.21,-15.97]]]},"properties":{"scalerank":0,"featurecla":"Land","min_zoom":3}},
{"type":"Feature","geometry":{"type":"Polygon","coordinates":[[[168.19,-15.33],[168.19,-15.2],[168.1,-15.02],[168.13,-15.32],[168.19,-15.33]]]},"properties":{"scalerank":0,"featurecla":"Land","min_zoom":3}},
{"type":"Feature","geometry":{"type":"Polygon","coordinates":[[[167.41,-16.1],[167.45,-16.55],[167.84,-16.45],[167.41,-16.1]]]},"properties":{"scalerank":0,"featurecla":"Land","min_zoom":1.5}},
{"type":"Feature","geometry":{"type":"Polygon","coordinates":[[[167.22,-15.72],[167.23,-15.65],[167.12,-15.62],[167.09,-15.69],[167.22,-15.72]]]},"properties":{"scalerank":0,"featurecla":"Land","min_zoom":1}},
{"type":"Feature","geometry":{"type":"Polygon","coordinates":[[[159.88,-8.53],[159.84,-8.33],[159.11,-7.9],[158.94,-8.04],[159.64,-8.37],[159.88,-8.53]]]},"properties":{"scalerank":0,"featurecla":"Land","min_zoom":1}},
{"type":"Feature","geometry":{"type":"Polygon","coordinates":[[[157.49,-7.33],[157.15,-7.11],[157.03,-6.89],[156.7,-6.91],[157.1,-7.32],[157.49,-7.33]]]},"properties":{"scalerank":0,"featurecla":"Land","min_zoom":1.5}},
{"type":"Feature","geometry":{"type":"Polygon","coordinates":[[[153.66,-4.1],[153.64,-4.04],[153.59,-4.1],[153.66,-4.1]]]},"properties":{"scalerank":0,"featurecla":"Land","min_zoom":4}},
{"type":"Feature","geometry":{"type":"Polygon","coordinates":[[[121.16,6.08],[120.9,6.01],[120.93,5.9],[121.22,5.94],[121.16,6.08]]]},"properties":{"scalerank":0,"featurecla":"Land","min_zoom":2}},
{"type":"Feature","geometry":{"type":"Polygon","coordinates":[[[114.41,-7.13],[114.38,-7.08],[114.3,-7.1],[114.35,-7.16],[114.41,-7.13]]]},"properties":{"scalerank":0,"featurecla":"Land","min_zoom":4}},
{"type":"Feature","geometry":{"type":"Polygon","coordinates":[[[134.35,34.48],[134.33,34.53],[134.18,34.52],[134.25,34.42],[134.35,34.48]]]},"properties":{"scalerank":0,"featurecla":"Land","min_zoom":3}},
{"type":"Feature","geometry":{"type":"Polygon","coordinates":[[[-75.11,-47.84],[-74.92,-47.76],[-75.09,-47.69],[-75.11,-47.84]]]},"properties":{"scalerank":0,"featurecla":"Land","min_zoom":3}},
{"type":"Feature","geometry":{"type":"Polygon","coordinates":[[[-74.67,-43.61],[-74.7,-43.55],[-74.82,-43.55],[-74.81,-43.63],[-74.67,-43.61]]]},"properties":{"scalerank":0,"featurecla":"Land","min_zoom":3}},
{"type":"Feature","geometry":{"type":"Polygon","coordinates":[[[-73.63,-44.82],[-73.64,-44.61],[-73.8,-44.68],[-73.63,-44.82]]]},"properties":{"scalerank":0,"featurecla":"Land","min_zoom":3}},
{"type":"Feature","geometry":{"type":"Polygon","coordinates":[[[-74.57,-48.59],[-74.73,-48.13],[-75.21,-48.14],[-74.92,-48.63],[-74.57,-48.59]]]},"properties":{"scalerank":0,"featurecla":"Land","min_zoom":0}},
{"type":"Feature","geometry":{"type":"Polygon","coordinates":[[[-64.55,-54.72],[-64.64,-54.9],[-64.11,-54.72],[-64.55,-54.72]]]},"properties":{"scalerank":0,"featurecla":"Land","min_zoom":3}},
{"type":"Feature","geometry":{"type":"Polygon","coordinates":[[[-61.88,-39.17],[-61.97,-39.11],[-62.04,-39.17],[-61.92,-39.23],[-61.88,-39.17]]]},"properties":{"scalerank":0,"featurecla":"Land","min_zoom":3}},
{"type":"Feature","geometry":{"type":"Polygon","coordinates":[[[-59.68,-52.23],[-59.68,-52.18],[-59.75,-52.14],[-59.78,-52.2],[-59.68,-52.23]]]},"properties":{"scalerank":0,"featurecla":"Land","min_zoom":4}},
{"type":"Feature","geometry":{"type":"Polygon","coordinates":[[[-61.02,-51.79],[-61.15,-51.84],[-60.95,-51.95],[-60.88,-51.79],[-61.02,-51.79]]]},"properties":{"scalerank":0,"featurecla":"Land","min_zoom":3}},
{"type":"Feature","geometry":{"type":"Polygon","coordinates":[[[-72.92,-53.48],[-73.69,-53.43],[-73.3,-53.94],[-72.21,-53.81],[-72.92,-53.48]]]},"properties":{"scalerank":0,"featurecla":"Land","min_zoom":0}},
{"type":"Feature","geometry":{"type":"Polygon","coordinates":[[[-67.08,-55.15],[-68.11,-54.93],[-68.07,-55.22],[-67.08,-55.15]]]},"properties":{"scalerank":0,"featurecla":"Land","min_zoom":0}},
{"type":"Feature","geometry":{"type":"Polygon","coordinates":[[[-70.99,-54.87],[-70.94,-55.06],[-70.54,-55.16],[-70.42,-54.91],[-70.8,-54.97],[-70.99,-54.87]]]},"properties":{"scalerank":0,"featurecla":"Land","min_zoom":0}},
{"type":"Feature","geometry":{"type":"Polygon","coordinates":[[[-67.29,-55.78],[-67.35,-55.61],[-67.56,-55.72],[-67.29,-55.78]]]},"properties":{"scalerank":0,"featurecla":"Land","min_zoom":3}},
{"type":"Feature","geometry":{"type":"Polygon","coordinates":[[[-74.56,-51.28],[-74.74,-51.21],[-75.04,-51.32],[-74.85,-51.43],[-74.56,-51.28]]]},"properties":{"scalerank":0,"featurecla":"Land","min_zoom":2}},
{"type":"Feature","geometry":{"type":"Polygon","coordinates":[[[-75.05,-50.3],[-74.88,-50.11],[-75.33,-50.01],[-75.45,-50.34],[-75.05,-50.3]]]},"properties":{"scalerank":0,"featurecla":"Land","min_zoom":0}},
{"type":"Feature","geometry":{"type":"Polygon","coordinates":[[[-74.82,-51.63],[-75.11,-51.79],[-74.85,-52.27],[-74.53,-51.99],[-74.82,-51.63]]]},"properties":{"scalerank":0,"featurecla":"Land","min_zoom":0}},
{"type":"Feature","geometry":{"type":"Polygon","coordinates":[[[-73.81,-43.83],[-74.14,-43.82],[-73.96,-43.92],[-73.81,-43.83]]]},"properties":{"scalerank":0,"featurecla":"Land","min_zoom":3}},
{"type":"Feature","geometry":{"type":"Polygon","coordinates":[[[-71.39,-54.03],[-72,-53.88],[-71.97,-54.21],[-71.39,-54.03]]]},"properties":{"scalerank":0,"featurecla":"Land","min_zoom":0}},
{"type":"Feature","geometry":{"type":"Polygon","coordinates":[[[-74.14,-51.93],[-74.13,-51.87],[-74.36,-51.75],[-74.42,-51.85],[-74.14,-51.93]]]},"properties":{"scalerank":0,"featurecla":"Land","min_zoom":3}},
{"type":"Feature","geometry":{"type":"Polygon","coordinates":[[[-73.74,-44.39],[-74.62,-44.65],[-74.1,-45.33],[-73.73,-45.12],[-73.98,-44.49],[-73.74,-44.39]]]},"properties":{"scalerank":0,"featurecla":"Land","min_zoom":0}},
{"type":"Feature","geometry":{"type":"Polygon","coordinates":[[[-74.31,-45.69],[-74.31,-45.17],[-74.69,-45.66],[-74.31,-45.69]]]},"properties":{"scalerank":0,"featurecla":"Land","min_zoom":0}},
{"type":"Feature","geometry":{"type":"Polygon","coordinates":[[[-73.57,45.47],[-73.52,45.7],[-73.78,45.47],[-73.57,45.47]]]},"properties":{"scalerank":0,"featurecla":"Land","min_zoom":3}},
{"type":"Feature","geometry":{"type":"Polygon","coordinates":[[[-73.7,45.59],[-73.72,45.67],[-73.86,45.57],[-73.7,45.59]]]},"properties":{"scalerank":0,"featurecla":"Land","min_zoom":3}},
{"type":"Feature","geometry":{"type":"Polygon","coordinates":[[[-60.96,45.49],[-60.91,45.57],[-61.03,45.58],[-61.08,45.54],[-60.96,45.49]]]},"properties":{"scalerank":0,"featurecla":"Land","min_zoom":4}},
{"type":"Feature","geometry":{"type":"Polygon","coordinates":[[[-61.91,47.28],[-61.89,47.34],[-61.58,47.56],[-61.63,47.59],[-61.92,47.43],[-61.91,47.28]]]},"properties":{"scalerank":0,"featurecla":"Land","min_zoom":3}},
{"type":"Feature","geometry":{"type":"Polygon","coordinates":[[[-64.51,47.89],[-64.66,47.86],[-64.62,47.75],[-64.53,47.81],[-64.51,47.89]]]},"properties":{"scalerank":0,"featurecla":"Land","min_zoom":3}},
{"type":"Feature","geometry":{"type":"Polygon","coordinates":[[[-64.48,47.96],[-64.54,47.98],[-64.59,47.91],[-64.48,47.96]]]},"properties":{"scalerank":0,"featurecla":"Land","min_zoom":4}},
{"type":"Feature","geometry":{"type":"Polygon","coordinates":[[[-71.03,46.87],[-70.91,46.92],[-70.88,47],[-71.09,46.9],[-71.03,46.87]]]},"properties":{"scalerank":0,"featurecla":"Land","min_zoom":3}},
{"type":"Feature","geometry":{"type":"Polygon","coordinates":[[[-66.27,44.29],[-66.21,44.39],[-66.25,44.38],[-66.31,44.29],[-66.27,44.29]]]},"properties":{"scalerank":0,"featurecla":"Land","min_zoom":4}},
{"type":"Feature","geometry":{"type":"Polygon","coordinates":[[[-68.62,44.2],[-68.66,44.24],[-68.7,44.23],[-68.7,44.18],[-68.62,44.2]]]},"properties":{"scalerank":0,"featurecla":"Land","min_zoom":4}},
{"type":"Feature","geometry":{"type":"Polygon","coordinates":[[[-66.76,44.68],[-66.84,44.76],[-66.9,44.63],[-66.76,44.68]]]},"properties":{"scalerank":0,"featurecla":"Land","min_zoom":3}},
{"type":"Feature","geometry":{"type":"Polygon","coordinates":[[[-68.19,44.33],[-68.3,44.46],[-68.41,44.29],[-68.19,44.33]]]},"properties":{"scalerank":0,"featurecla":"Land","min_zoom":3}},
{"type":"Feature","geometry":{"type":"Polygon","coordinates":[[[113.84,-7.11],[113.97,-6.87],[112.87,-6.9],[112.76,-7.14],[113.47,-7.22],[113.84,-7.11]]]},"properties":{"scalerank":0,"featurecla":"Land","min_zoom":2}},
{"type":"Feature","geometry":{"type":"Polygon","coordinates":[[[158.88,-54.71],[158.95,-54.57],[158.9,-54.51],[158.84,-54.7],[158.88,-54.71]]]},"properties":{"scalerank":0,"featurecla":"Land","min_zoom":4}},
{"type":"Feature","geometry":{"type":"Polygon","coordinates":[[[-173.95,-18.64],[-174,-18.57],[-174.07,-18.64],[-174.01,-18.7],[-173.95,-18.64]]]},"properties":{"scalerank":0,"featurecla":"Land","min_zoom":3}},
{"type":"Feature","geometry":{"type":"Polygon","coordinates":[[[-151.41,-16.88],[-151.41,-16.77],[-151.48,-16.76],[-151.49,-16.86],[-151.41,-16.88]]]},"properties":{"scalerank":0,"featurecla":"Land","min_zoom":3}},
{"type":"Feature","geometry":{"type":"Polygon","coordinates":[[[-157.34,1.86],[-157.42,1.79],[-157.25,1.73],[-157.34,1.86]]]},"properties":{"scalerank":0,"featurecla":"Land","min_zoom":3}},
{"type":"Feature","geometry":{"type":"Polygon","coordinates":[[[-139.02,-9.7],[-139.13,-9.83],[-138.87,-9.79],[-139.02,-9.7]]]},"properties":{"scalerank":0,"featurecla":"Land","min_zoom":3}},
{"type":"Feature","geometry":{"type":"Polygon","coordinates":[[[-139.06,-9.93],[-139.13,-9.93],[-139.13,-10.01],[-139.06,-9.93]]]},"properties":{"scalerank":0,"featurecla":"Land","min_zoom":4}},
{"type":"Feature","geometry":{"type":"Polygon","coordinates":[[[-138.65,-10.52],[-138.62,-10.46],[-138.69,-10.43],[-138.69,-10.53],[-138.65,-10.52]]]},"properties":{"scalerank":0,"featurecla":"Land","min_zoom":4}},
{"type":"Feature","geometry":{"type":"Polygon","coordinates":[[[-149.32,-17.69],[-149.38,-17.52],[-149.61,-17.53],[-149.58,-17.73],[-149.32,-17.69]]]},"properties":{"scalerank":0,"featurecla":"Land","min_zoom":2}},
{"type":"Feature","geometry":{"type":"Polygon","coordinates":[[[-140.07,-8.91],[-140.06,-8.8],[-140.22,-8.78],[-140.22,-8.93],[-140.07,-8.91]]]},"properties":{"scalerank":0,"featurecla":"Land","min_zoom":3}},
{"type":"Feature","geometry":{"type":"Polygon","coordinates":[[[-140.08,-9.43],[-140.03,-9.34],[-140.14,-9.36],[-140.08,-9.43]]]},"properties":{"scalerank":0,"featurecla":"Land","min_zoom":4}},
{"type":"Feature","geometry":{"type":"Polygon","coordinates":[[[-172.33,-13.47],[-172.74,-13.58],[-172.54,-13.79],[-172.22,-13.8],[-172.33,-13.47]]]},"properties":{"scalerank":0,"featurecla":"Land","min_zoom":2}},
{"type":"Feature","geometry":{"type":"Polygon","coordinates":[[[-178.96,-17.27],[-178.92,-17.21],[-179.01,-17.15],[-179.01,-17.18],[-178.97,-17.21],[-178.96,-17.27]]]},"properties":{"scalerank":0,"featurecla":"Land","min_zoom":4}},
{"type":"Feature","geometry":{"type":"Polygon","coordinates":[[[-159.34,3.92],[-159.37,3.88],[-159.31,3.84],[-159.26,3.84],[-159.34,3.92]]]},"properties":{"scalerank":0,"featurecla":"Land","min_zoom":4}},
{"type":"Feature","geometry":{"type":"Polygon","coordinates":[[[-171.45,-14.05],[-171.6,-13.88],[-171.86,-13.81],[-172.03,-13.91],[-171.73,-14.05],[-171.45,-14.05]]]},"properties":{"scalerank":0,"featurecla":"Land","min_zoom":2}},
{"type":"Feature","geometry":{"type":"Polygon","coordinates":[[[-170.73,-14.35],[-170.69,-14.26],[-170.82,-14.31],[-170.73,-14.35]]]},"properties":{"scalerank":0,"featurecla":"Land","min_zoom":3}},
{"type":"Feature","geometry":{"type":"Polygon","coordinates":[[[-169.8,-19.08],[-169.83,-18.97],[-169.95,-19.07],[-169.9,-19.14],[-169.8,-19.08]]]},"properties":{"scalerank":0,"featurecla":"Land","min_zoom":3}},
{"type":"Feature","geometry":{"type":"Polygon","coordinates":[[[-176.16,-13.33],[-176.13,-13.27],[-176.17,-13.24],[-176.2,-13.3],[-176.16,-13.33]]]},"properties":{"scalerank":0,"featurecla":"Land","min_zoom":4}},
{"type":"Feature","geometry":{"type":"Polygon","coordinates":[[[-174.91,-21.3],[-174.97,-21.35],[-174.92,-21.45],[-174.91,-21.3]]]},"properties":{"scalerank":0,"featurecla":"Land","min_zoom":4}},
{"type":"Feature","geometry":{"type":"Polygon","coordinates":[[[134.6,7.38],[134.66,7.66],[134.56,7.59],[134.51,7.44],[134.6,7.38]]]},"properties":{"scalerank":0,"featurecla":"Land","min_zoom":3}},
{"type":"Feature","geometry":{"type":"Polygon","coordinates":[[[145.78,18.08],[145.84,18.14],[145.79,18.16],[145.78,18.08]]]},"properties":{"scalerank":0,"featurecla":"Land","min_zoom":4}},
{"type":"Feature","geometry":{"type":"Polygon","coordinates":[[[145.75,15.13],[145.78,15.17],[145.71,15.22],[145.68,15.13],[145.75,15.13]]]},"properties":{"scalerank":0,"featurecla":"Land","min_zoom":3}},
{"type":"Feature","geometry":{"type":"Polygon","coordinates":[[[144.74,13.26],[144.79,13.53],[144.65,13.43],[144.74,13.26]]]},"properties":{"scalerank":0,"featurecla":"Land","min_zoom":3}},
{"type":"Feature","geometry":{"type":"Polygon","coordinates":[[[145.66,14.97],[145.65,15.06],[145.59,15.03],[145.66,14.97]]]},"properties":{"scalerank":0,"featurecla":"Land","min_zoom":4}},
{"type":"Feature","geometry":{"type":"Polygon","coordinates":[[[138.14,9.5],[138.21,9.55],[138.19,9.59],[138.12,9.55],[138.14,9.5]]]},"properties":{"scalerank":0,"featurecla":"Land","min_zoom":3}},
{"type":"Feature","geometry":{"type":"Polygon","coordinates":[[[178.49,-18.97],[178.33,-18.93],[178.36,-19.05],[178.49,-18.97]]]},"properties":{"scalerank":0,"featurecla":"Land","min_zoom":3}},
{"type":"Feature","geometry":{"type":"Polygon","coordinates":[[[167.58,-14.26],[167.51,-14.14],[167.4,-14.28],[167.58,-14.26]]]},"properties":{"scalerank":0,"featurecla":"Land","min_zoom":3}},
{"type":"Feature","geometry":{"type":"Polygon","coordinates":[[[167.49,-13.91],[167.55,-13.78],[167.39,-13.79],[167.49,-13.91]]]},"properties":{"scalerank":0,"featurecla":"Land","min_zoom":3}},
{"type":"Feature","geometry":{"type":"Polygon","coordinates":[[[169.9,-20.19],[169.85,-20.15],[169.75,-20.15],[169.74,-20.2],[169.86,-20.24],[169.9,-20.19]]]},"properties":{"scalerank":0,"featurecla":"Land","min_zoom":3}},
{"type":"Feature","geometry":{"type":"Polygon","coordinates":[[[169.49,-19.54],[169.25,-19.34],[169.22,-19.48],[169.35,-19.62],[169.49,-19.54]]]},"properties":{"scalerank":0,"featurecla":"Land","min_zoom":3}},
{"type":"Feature","geometry":{"type":"Polygon","coordinates":[[[169.33,-18.94],[169.14,-18.63],[168.99,-18.87],[169.33,-18.94]]]},"properties":{"scalerank":0,"featurecla":"Land","min_zoom":2}},
{"type":"Feature","geometry":{"type":"Polygon","coordinates":[[[168.01,-21.43],[167.88,-21.58],[168.12,-21.62],[168.01,-21.43]]]},"properties":{"scalerank":0,"featurecla":"Land","min_zoom":2}},
{"type":"Feature","geometry":{"type":"Polygon","coordinates":[[[166.55,-20.7],[166.62,-20.6],[166.59,-20.45],[166.55,-20.7]]]},"properties":{"scalerank":0,"featurecla":"Land","min_zoom":3}},
{"type":"Feature","geometry":{"type":"Polygon","coordinates":[[[167.4,-21.16],[167.29,-20.89],[167.13,-21.06],[167.4,-21.16]]]},"properties":{"scalerank":0,"featurecla":"Land","min_zoom":2}},
{"type":"Feature","geometry":{"type":"Polygon","coordinates":[[[167.54,-22.62],[167.44,-22.54],[167.42,-22.62],[167.54,-22.62]]]},"properties":{"scalerank":0,"featurecla":"Land","min_zoom":3}},
{"type":"Feature","geometry":{"type":"Polygon","coordinates":[[[159.95,-19.31],[159.98,-19.24],[159.96,-19.11],[159.93,-19.17],[159.95,-19.31]]]},"properties":{"scalerank":0,"featurecla":"Land","min_zoom":4}},
{"type":"Feature","geometry":{"type":"Polygon","coordinates":[[[166.93,-11.67],[166.86,-11.58],[166.81,-11.68],[166.93,-11.67]]]},"properties":{"scalerank":0,"featurecla":"Land","min_zoom":3}},
{"type":"Feature","geometry":{"type":"Polygon","coordinates":[[[166.13,-10.76],[166.02,-10.66],[165.91,-10.67],[165.79,-10.78],[166.13,-10.76]]]},"properties":{"scalerank":0,"featurecla":"Land","min_zoom":3}},
{"type":"Feature","geometry":{"type":"Polygon","coordinates":[[[160.58,-11.8],[160.08,-11.49],[160,-11.58],[160.58,-11.8]]]},"properties":{"scalerank":0,"featurecla":"Land","min_zoom":2}},
{"type":"Feature","geometry":{"type":"Polygon","coordinates":[[[160.75,-8.31],[160.59,-8.37],[160.87,-9.16],[161.26,-9.32],[161,-8.61],[160.75,-8.31]]]},"properties":{"scalerank":0,"featurecla":"Land","min_zoom":1.5}},
{"type":"Feature","geometry":{"type":"Polygon","coordinates":[[[161.72,-10.39],[161.54,-10.57],[162.12,-10.82],[162.11,-10.45],[161.72,-10.39]]]},"properties":{"scalerank":0,"featurecla":"Land","min_zoom":1.5}},
{"type":"Feature","geometry":{"type":"Polygon","coordinates":[[[161.55,-9.63],[161.41,-9.37],[161.41,-9.68],[161.55,-9.63]]]},"properties":{"scalerank":0,"featurecla":"Land","min_zoom":1}},
{"type":"Feature","geometry":{"type":"Polygon","coordinates":[[[159.19,-9.12],[159.13,-8.99],[159.04,-9.07],[159.19,-9.12]]]},"properties":{"scalerank":0,"featurecla":"Land","min_zoom":3}},
{"type":"Feature","geometry":{"type":"Polygon","coordinates":[[[160.17,-9],[160.1,-9.03],[160.37,-9.18],[160.25,-9.01],[160.17,-9]]]},"properties":{"scalerank":0,"featurecla":"Land","min_zoom":3}},
{"type":"Feature","geometry":{"type":"Polygon","coordinates":[[[159.69,-8.51],[159.59,-8.38],[159.54,-8.45],[159.69,-8.51]]]},"properties":{"scalerank":0,"featurecla":"Land","min_zoom":3}},
{"type":"Feature","geometry":{"type":"Polygon","coordinates":[[[157.76,-8.24],[157.43,-7.98],[157.35,-8.28],[157.76,-8.24]]]},"properties":{"scalerank":0,"featurecla":"Land","min_zoom":2}},
{"type":"Feature","geometry":{"type":"Polygon","coordinates":[[[158.2,-8.82],[158.25,-8.8],[158.21,-8.68],[158.16,-8.79],[158.2,-8.82]]]},"properties":{"scalerank":0,"featurecla":"Land","min_zoom":4}},
{"type":"Feature","geometry":{"type":"Polygon","coordinates":[[[158.11,-8.68],[158,-8.51],[157.88,-8.67],[158.11,-8.68]]]},"properties":{"scalerank":0,"featurecla":"Land","min_zoom":3}},
{"type":"Feature","geometry":{"type":"Polygon","coordinates":[[[157.39,-8.71],[157.33,-8.65],[157.41,-8.48],[157.35,-8.43],[157.21,-8.57],[157.39,-8.71]]]},"properties":{"scalerank":0,"featurecla":"Land","min_zoom":3}},
{"type":"Feature","geometry":{"type":"Polygon","coordinates":[[[156.69,-7.92],[156.81,-7.72],[156.56,-7.57],[156.51,-7.71],[156.69,-7.92]]]},"properties":{"scalerank":0,"featurecla":"Land","min_zoom":2}},
{"type":"Feature","geometry":{"type":"Polygon","coordinates":[[[156.6,-8.17],[156.61,-8.1],[156.55,-7.97],[156.54,-8.07],[156.6,-8.17]]]},"properties":{"scalerank":0,"featurecla":"Land","min_zoom":3}},
{"type":"Feature","geometry":{"type":"Polygon","coordinates":[[[157.17,-8.11],[157.1,-7.86],[156.96,-7.94],[157.17,-8.11]]]},"properties":{"scalerank":0,"featurecla":"Land","min_zoom":2}},
{"type":"Feature","geometry":{"type":"Polygon","coordinates":[[[155.84,-7.1],[155.74,-6.97],[155.68,-7.09],[155.84,-7.1]]]},"properties":{"scalerank":0,"featurecla":"Land","min_zoom":3}},
{"type":"Feature","geometry":{"type":"Polygon","coordinates":[[[162.98,5.33],[162.93,5.3],[162.99,5.28],[162.98,5.33]]]},"properties":{"scalerank":0,"featurecla":"Land","min_zoom":4}},
{"type":"Feature","geometry":{"type":"Polygon","coordinates":[[[158.31,6.81],[158.29,6.95],[158.13,6.94],[158.18,6.8],[158.31,6.81]]]},"properties":{"scalerank":0,"featurecla":"Land","min_zoom":3}},
{"type":"Feature","geometry":{"type":"Polygon","coordinates":[[[175.54,-36.28],[175.41,-36.07],[175.35,-36.22],[175.54,-36.28]]]},"properties":{"scalerank":0,"featurecla":"Land","min_zoom":3}},
{"type":"Feature","geometry":{"type":"Polygon","coordinates":[[[173.91,-40.86],[173.96,-40.71],[173.81,-40.79],[173.91,-40.86]]]},"properties":{"scalerank":0,"featurecla":"Land","min_zoom":3}},
{"type":"Feature","geometry":{"type":"Polygon","coordinates":[[[166.75,-45.66],[166.69,-45.62],[166.53,-45.7],[166.73,-45.73],[166.75,-45.66]]]},"properties":{"scalerank":0,"featurecla":"Land","min_zoom":3}},
{"type":"Feature","geometry":{"type":"Polygon","coordinates":[[[-176.18,-43.74],[-176.57,-43.72],[-176.52,-44.12],[-176.33,-44.05],[-176.5,-43.86],[-176.18,-43.74]]]},"properties":{"scalerank":0,"featurecla":"Land","min_zoom":2}},
{"type":"Feature","geometry":{"type":"Polygon","coordinates":[[[-176.18,-44.32],[-176.12,-44.27],[-176.15,-44.22],[-176.23,-44.24],[-176.18,-44.32]]]},"properties":{"scalerank":0,"featurecla":"Land","min_zoom":4}},
{"type":"Feature","geometry":{"type":"Polygon","coordinates":[[[169.18,-52.5],[169.04,-52.53],[169.13,-52.57],[169.23,-52.55],[169.18,-52.5]]]},"properties":{"scalerank":0,"featurecla":"Land","min_zoom":4}},
{"type":"Feature","geometry":{"type":"Polygon","coordinates":[[[166.22,-50.76],[166.23,-50.53],[165.89,-50.81],[166.22,-50.76]]]},"properties":{"scalerank":0,"featurecla":"Land","min_zoom":3}},
{"type":"Feature","geometry":{"type":"Polygon","coordinates":[[[168.14,-46.86],[167.96,-46.69],[167.63,-47.14],[168.24,-47.07],[168.14,-46.86]]]},"properties":{"scalerank":0,"featurecla":"Land","min_zoom":2}},
{"type":"Feature","geometry":{"type":"Polygon","coordinates":[[[137.09,-15.78],[137.01,-15.59],[136.94,-15.71],[137.09,-15.78]]]},"properties":{"scalerank":0,"featurecla":"Land","min_zoom":3}},
{"type":"Feature","geometry":{"type":"Polygon","coordinates":[[[136.86,-15.62],[136.89,-15.59],[136.88,-15.5],[136.85,-15.54],[136.86,-15.62]]]},"properties":{"scalerank":0,"featurecla":"Land","min_zoom":4}},
{"type":"Feature","geometry":{"type":"Polygon","coordinates":[[[136.59,-15.63],[136.61,-15.54],[136.52,-15.54],[136.51,-15.63],[136.59,-15.63]]]},"properties":{"scalerank":0,"featurecla":"Land","min_zoom":3}},
{"type":"Feature","geometry":{"type":"Polygon","coordinates":[[[132.59,-11.3],[132.63,-11.17],[132.59,-11],[132.48,-11.04],[132.49,-11.16],[132.59,-11.3]]]},"properties":{"scalerank":0,"featurecla":"Land","min_zoom":3}},
{"type":"Feature","geometry":{"type":"Polygon","coordinates":[[[149.04,-20.29],[148.98,-20.15],[148.94,-20.28],[149.04,-20.29]]]},"properties":{"scalerank":0,"featurecla":"Land","min_zoom":4}},
{"type":"Feature","geometry":{"type":"Polygon","coordinates":[[[148.94,-20.15],[148.96,-20.13],[148.93,-20.07],[148.89,-20.14],[148.94,-20.15]]]},"properties":{"scalerank":0,"featurecla":"Land","min_zoom":4}},
{"type":"Feature","geometry":{"type":"Polygon","coordinates":[[[146.28,-18.23],[146.12,-18.29],[146.24,-18.45],[146.34,-18.4],[146.28,-18.23]]]},"properties":{"scalerank":0,"featurecla":"Land","min_zoom":3}},
{"type":"Feature","geometry":{"type":"Polygon","coordinates":[[[142.27,-10.7],[142.2,-10.59],[142.13,-10.64],[142.19,-10.76],[142.27,-10.7]]]},"properties":{"scalerank":0,"featurecla":"Land","min_zoom":3}},
{"type":"Feature","geometry":{"type":"Polygon","coordinates":[[[142.34,-10.19],[142.22,-10.15],[142.22,-10.24],[142.28,-10.25],[142.34,-10.19]]]},"properties":{"scalerank":0,"featurecla":"Land","min_zoom":3}},
{"type":"Feature","geometry":{"type":"Polygon","coordinates":[[[142.17,-10.15],[142.19,-10.09],[142.15,-10.05],[142.1,-10.12],[142.17,-10.15]]]},"properties":{"scalerank":0,"featurecla":"Land","min_zoom":4}},
{"type":"Feature","geometry":{"type":"Polygon","coordinates":[[[139.51,-16.57],[139.29,-16.47],[139.16,-16.74],[139.51,-16.57]]]},"properties":{"scalerank":0,"featurecla":"Land","min_zoom":2}},
{"type":"Feature","geometry":{"type":"Polygon","coordinates":[[[139.46,-17.11],[139.57,-17.09],[139.49,-16.99],[139.46,-17.11]]]},"properties":{"scalerank":0,"featurecla":"Land","min_zoom":3}},
{"type":"Feature","geometry":{"type":"Polygon","coordinates":[[[136.71,-13.8],[136.42,-13.86],[136.36,-14.23],[136.89,-14.29],[136.71,-13.8]]]},"properties":{"scalerank":0,"featurecla":"Land","min_zoom":2}},
{"type":"Feature","geometry":{"type":"Polygon","coordinates":[[[136.24,-13.82],[136.28,-13.79],[136.22,-13.66],[136.12,-13.82],[136.24,-13.82]]]},"properties":{"scalerank":0,"featurecla":"Land","min_zoom":3}},
{"type":"Feature","geometry":{"type":"Polygon","coordinates":[[[136.6,-11.38],[136.74,-11.19],[136.65,-11.21],[136.56,-11.36],[136.6,-11.38]]]},"properties":{"scalerank":0,"featurecla":"Land","min_zoom":3}},
{"type":"Feature","geometry":{"type":"Polygon","coordinates":[[[136.34,-11.6],[136.47,-11.51],[136.45,-11.49],[136.27,-11.58],[136.34,-11.6]]]},"properties":{"scalerank":0,"featurecla":"Land","min_zoom":3}},
{"type":"Feature","geometry":{"type":"Polygon","coordinates":[[[130.46,-11.68],[130.34,-11.34],[130.15,-11.48],[130.2,-11.66],[130.46,-11.68]]]},"properties":{"scalerank":0,"featurecla":"Land","min_zoom":2}},
{"type":"Feature","geometry":{"type":"Polygon","coordinates":[[[130.62,-11.38],[130.64,-11.74],[130.95,-11.93],[131.54,-11.44],[131.27,-11.19],[130.62,-11.38]]]},"properties":{"scalerank":0,"featurecla":"Land","min_zoom":2}},
{"type":"Feature","geometry":{"type":"Polygon","coordinates":[[[125.2,-14.58],[125.2,-14.47],[125.12,-14.49],[125.09,-14.59],[125.2,-14.58]]]},"properties":{"scalerank":0,"featurecla":"Land","min_zoom":3}},
{"type":"Feature","geometry":{"type":"Polygon","coordinates":[[[124.6,-15.4],[124.61,-15.36],[124.52,-15.27],[124.48,-15.34],[124.6,-15.4]]]},"properties":{"scalerank":0,"featurecla":"Land","min_zoom":3}},
{"type":"Feature","geometry":{"type":"Polygon","coordinates":[[[115.45,-20.79],[115.43,-20.67],[115.31,-20.81],[115.39,-20.87],[115.45,-20.79]]]},"properties":{"scalerank":0,"featurecla":"Land","min_zoom":3}},
{"type":"Feature","geometry":{"type":"Polygon","coordinates":[[[113.18,-26.05],[112.98,-25.52],[112.91,-25.57],[112.96,-25.78],[113.18,-26.05]]]},"properties":{"scalerank":0,"featurecla":"Land","min_zoom":3}},
{"type":"Feature","geometry":{"type":"Polygon","coordinates":[[[147.36,-43.4],[147.31,-43.28],[147.16,-43.43],[147.31,-43.5],[147.36,-43.4]]]},"properties":{"scalerank":0,"featurecla":"Land","min_zoom":3}},
{"type":"Feature","geometry":{"type":"Polygon","coordinates":[[[148.1,-42.71],[148.17,-42.65],[148.07,-42.59],[148.02,-42.64],[148.1,-42.71]]]},"properties":{"scalerank":0,"featurecla":"Land","min_zoom":3}},
{"type":"Feature","geometry":{"type":"Polygon","coordinates":[[[147.43,-43.24],[147.4,-43.12],[147.32,-43.15],[147.35,-43.23],[147.43,-43.24]]]},"properties":{"scalerank":0,"featurecla":"Land","min_zoom":3}},
{"type":"Feature","geometry":{"type":"Polygon","coordinates":[[[144.78,-40.51],[144.71,-40.49],[144.75,-40.59],[144.78,-40.51]]]},"properties":{"scalerank":0,"featurecla":"Land","min_zoom":4}},
{"type":"Feature","geometry":{"type":"Polygon","coordinates":[[[143.93,-40.12],[144.14,-39.95],[144.09,-39.64],[143.86,-39.74],[143.93,-40.12]]]},"properties":{"scalerank":0,"featurecla":"Land","min_zoom":2}},
{"type":"Feature","geometry":{"type":"Polygon","coordinates":[[[148.33,-40.31],[148.1,-40.45],[148.47,-40.43],[148.33,-40.31]]]},"properties":{"scalerank":0,"featurecla":"Land","min_zoom":3}},
{"type":"Feature","geometry":{"type":"Polygon","coordinates":[[[148,-39.76],[147.89,-40.01],[148.11,-40.26],[148.3,-39.99],[148,-39.76]]]},"properties":{"scalerank":0,"featurecla":"Land","min_zoom":2}},
{"type":"Feature","geometry":{"type":"Polygon","coordinates":[[[148.24,-40.52],[148.12,-40.52],[148.19,-40.59],[148.24,-40.52]]]},"properties":{"scalerank":0,"featurecla":"Land","min_zoom":4}},
{"type":"Feature","geometry":{"type":"Polygon","coordinates":[[[137.6,-35.74],[137.33,-35.59],[136.64,-35.75],[136.76,-36.03],[137.45,-36.07],[137.6,-35.74]]]},"properties":{"scalerank":0,"featurecla":"Land","min_zoom":2}},
{"type":"Feature","geometry":{"type":"Polygon","coordinates":[[[145.49,-38.35],[145.3,-38.32],[145.34,-38.42],[145.49,-38.35]]]},"properties":{"scalerank":0,"featurecla":"Land","min_zoom":3}},
{"type":"Feature","geometry":{"type":"Polygon","coordinates":[[[145.31,-38.49],[145.22,-38.46],[145.13,-38.53],[145.27,-38.52],[145.31,-38.49]]]},"properties":{"scalerank":0,"featurecla":"Land","min_zoom":4}},
{"type":"Feature","geometry":{"type":"Polygon","coordinates":[[[153.54,-27.44],[153.44,-27.41],[153.4,-27.67],[153.45,-27.71],[153.54,-27.44]]]},"properties":{"scalerank":0,"featurecla":"Land","min_zoom":3}},
{"type":"Feature","geometry":{"type":"Polygon","coordinates":[[[153.44,-27.32],[153.43,-27.2],[153.47,-27.04],[153.38,-27.05],[153.38,-27.24],[153.44,-27.32]]]},"properties":{"scalerank":0,"featurecla":"Land","min_zoom":3}},
{"type":"Feature","geometry":{"type":"Polygon","coordinates":[[[153.08,-25.75],[153.35,-25.06],[153.04,-25.19],[153.08,-25.75]]]},"properties":{"scalerank":0,"featurecla":"Land","min_zoom":2}},
{"type":"Feature","geometry":{"type":"Polygon","coordinates":[[[151.15,-23.49],[151.03,-23.53],[151.18,-23.74],[151.3,-23.72],[151.15,-23.49]]]},"properties":{"scalerank":0,"featurecla":"Land","min_zoom":3}},
{"type":"Feature","geometry":{"type":"Polygon","coordinates":[[[150.52,-22.32],[150.55,-22.31],[150.52,-22.23],[150.46,-22.31],[150.52,-22.32]]]},"properties":{"scalerank":0,"featurecla":"Land","min_zoom":4}},
{"type":"Feature","geometry":{"type":"Polygon","coordinates":[[[149.93,-22.19],[149.91,-22.05],[149.88,-22.07],[149.87,-22.15],[149.93,-22.19]]]},"properties":{"scalerank":0,"featurecla":"Land","min_zoom":4}},
{"type":"Feature","geometry":{"type":"Polygon","coordinates":[[[117.36,8.21],[117.35,8.29],[117.28,8.31],[117.29,8.19],[117.36,8.21]]]},"properties":{"scalerank":0,"featurecla":"Land","min_zoom":3}},
{"type":"Feature","geometry":{"type":"Polygon","coordinates":[[[117.08,7.88],[117.08,8.07],[116.99,8.05],[116.97,7.89],[117.08,7.88]]]},"properties":{"scalerank":0,"featurecla":"Land","min_zoom":3}},
{"type":"Feature","geometry":{"type":"Polygon","coordinates":[[[119.92,10.49],[120.01,10.57],[119.85,10.64],[119.76,10.55],[119.92,10.49]]]},"properties":{"scalerank":0,"featurecla":"Land","min_zoom":3}},
{"type":"Feature","geometry":{"type":"Polygon","coordinates":[[[119.86,11.53],[119.73,11.43],[119.85,11.39],[119.86,11.53]]]},"properties":{"scalerank":0,"featurecla":"Land","min_zoom":3}},
{"type":"Feature","geometry":{"type":"Polygon","coordinates":[[[120.1,12.17],[120.01,12.01],[120.31,12.01],[120.1,12.17]]]},"properties":{"scalerank":0,"featurecla":"Land","min_zoom":2}},
{"type":"Feature","geometry":{"type":"Polygon","coordinates":[[[120.04,11.7],[120.04,11.92],[119.86,11.95],[119.96,11.67],[120.04,11.7]]]},"properties":{"scalerank":0,"featurecla":"Land","min_zoom":3}},
{"type":"Feature","geometry":{"type":"Polygon","coordinates":[[[122.65,10.47],[122.74,10.65],[122.54,10.61],[122.65,10.47]]]},"properties":{"scalerank":0,"featurecla":"Land","min_zoom":3}},
{"type":"Feature","geometry":{"type":"Polygon","coordinates":[[[123.37,9.45],[123.64,10.02],[123.95,10.32],[123.71,10.47],[123.39,9.97],[123.37,9.45]]]},"properties":{"scalerank":0,"featurecla":"Land","min_zoom":1}},
{"type":"Feature","geometry":{"type":"Polygon","coordinates":[[[123.76,11.28],[123.74,11.15],[123.82,11.15],[123.76,11.28]]]},"properties":{"scalerank":0,"featurecla":"Land","min_zoom":3}},
{"type":"Feature","geometry":{"type":"Polygon","coordinates":[[[124.59,9.79],[124.17,10.14],[123.94,9.62],[124.59,9.79]]]},"properties":{"scalerank":0,"featurecla":"Land","min_zoom":2}},
{"type":"Feature","geometry":{"type":"Polygon","coordinates":[[[124.81,9.14],[124.74,9.24],[124.67,9.13],[124.81,9.14]]]},"properties":{"scalerank":0,"featurecla":"Land","min_zoom":3}},
{"type":"Feature","geometry":{"type":"Polygon","coordinates":[[[123.7,9.24],[123.49,9.19],[123.61,9.1],[123.7,9.24]]]},"properties":{"scalerank":0,"featurecla":"Land","min_zoom":3}},
{"type":"Feature","geometry":{"type":"Polygon","coordinates":[[[120.25,5.26],[120.21,5.34],[119.83,5.13],[120.19,5.17],[120.25,5.26]]]},"properties":{"scalerank":0,"featurecla":"Land","min_zoom":3}},
{"type":"Feature","geometry":{"type":"Polygon","coordinates":[[[122.09,6.43],[122.06,6.74],[121.81,6.61],[122.09,6.43]]]},"properties":{"scalerank":0,"featurecla":"Land","min_zoom":2}},
{"type":"Feature","geometry":{"type":"Polygon","coordinates":[[[126.06,9.77],[126.13,9.94],[126.07,10.06],[125.99,9.84],[126.06,9.77]]]},"properties":{"scalerank":0,"featurecla":"Land","min_zoom":3}},
{"type":"Feature","geometry":{"type":"Polygon","coordinates":[[[125.69,9.91],[125.65,10.25],[125.49,10.12],[125.69,9.91]]]},"properties":{"scalerank":0,"featurecla":"Land","min_zoom":2}},
{"type":"Feature","geometry":{"type":"Polygon","coordinates":[[[120.27,13.75],[120.21,13.82],[120.1,13.78],[120.27,13.68],[120.27,13.75]]]},"properties":{"scalerank":0,"featurecla":"Land","min_zoom":3}},
{"type":"Feature","geometry":{"type":"Polygon","coordinates":[[[121.91,13.54],[121.83,13.33],[122,13.2],[122.11,13.46],[121.91,13.54]]]},"properties":{"scalerank":0,"featurecla":"Land","min_zoom":2}},
{"type":"Feature","geometry":{"type":"Polygon","coordinates":[[[122.09,12.35],[122.13,12.54],[122,12.6],[121.99,12.44],[122.09,12.35]]]},"properties":{"scalerank":0,"featurecla":"Land","min_zoom":2}},
{"type":"Feature","geometry":{"type":"Polygon","coordinates":[[[122.31,12.53],[122.29,12.59],[122.25,12.56],[122.26,12.5],[122.31,12.53]]]},"properties":{"scalerank":0,"featurecla":"Land","min_zoom":4}},
{"type":"Feature","geometry":{"type":"Polygon","coordinates":[[[122.65,12.31],[122.6,12.49],[122.42,12.46],[122.65,12.31]]]},"properties":{"scalerank":0,"featurecla":"Land","min_zoom":3}},
{"type":"Feature","geometry":{"type":"Polygon","coordinates":[[[123.28,12.85],[123.21,12.91],[123.04,13.11],[122.95,13.06],[123.05,12.99],[123.17,12.88],[123.28,12.85]]]},"properties":{"scalerank":0,"featurecla":"Land","min_zoom":3}},
{"type":"Feature","geometry":{"type":"Polygon","coordinates":[[[123.78,12.45],[123.71,12.61],[123.59,12.63],[123.74,12.4],[123.78,12.45]]]},"properties":{"scalerank":0,"featurecla":"Land","min_zoom":3}},
{"type":"Feature","geometry":{"type":"Polygon","coordinates":[[[123.72,12.29],[123.42,12.19],[123.98,11.82],[124.04,11.97],[123.72,12.29]]]},"properties":{"scalerank":0,"featurecla":"Land","min_zoom":2}},
{"type":"Feature","geometry":{"type":"Polygon","coordinates":[[[124.35,13.63],[124.42,13.87],[124.22,14.08],[124.04,13.66],[124.35,13.63]]]},"properties":{"scalerank":0,"featurecla":"Land","min_zoom":2}},
{"type":"Feature","geometry":{"type":"Polygon","coordinates":[[[122.18,14.05],[121.96,14.23],[121.96,14.16],[122.18,14.05]]]},"properties":{"scalerank":0,"featurecla":"Land","min_zoom":3}},
{"type":"Feature","geometry":{"type":"Polygon","coordinates":[[[122.03,15.01],[121.82,14.96],[121.92,14.8],[122.03,15.01]]]},"properties":{"scalerank":0,"featurecla":"Land","min_zoom":3}},
{"type":"Feature","geometry":{"type":"Polygon","coordinates":[[[121.92,18.89],[121.99,18.96],[121.89,18.99],[121.83,18.84],[121.92,18.89]]]},"properties":{"scalerank":0,"featurecla":"Land","min_zoom":3}},
{"type":"Feature","geometry":{"type":"Polygon","coordinates":[[[121.25,19.08],[121.24,19.14],[121.18,19.1],[121.2,19.05],[121.25,19.08]]]},"properties":{"scalerank":0,"featurecla":"Land","min_zoom":4}},
{"type":"Feature","geometry":{"type":"Polygon","coordinates":[[[121.52,19.36],[121.39,19.4],[121.38,19.33],[121.47,19.27],[121.52,19.36]]]},"properties":{"scalerank":0,"featurecla":"Land","min_zoom":3}},
{"type":"Feature","geometry":{"type":"Polygon","coordinates":[[[121.96,20.37],[122.03,20.47],[121.94,20.45],[121.96,20.37]]]},"properties":{"scalerank":0,"featurecla":"Land","min_zoom":4}},
{"type":"Feature","geometry":{"type":"Polygon","coordinates":[[[121.88,20.78],[121.85,20.84],[121.8,20.75],[121.83,20.7],[121.88,20.78]]]},"properties":{"scalerank":0,"featurecla":"Land","min_zoom":4}},
{"type":"Feature","geometry":{"type":"Polygon","coordinates":[[[148.03,-5.83],[148.05,-5.61],[147.85,-5.49],[147.78,-5.63],[148.03,-5.83]]]},"properties":{"scalerank":0,"featurecla":"Land","min_zoom":2}},
{"type":"Feature","geometry":{"type":"Polygon","coordinates":[[[147.18,-5.43],[147.21,-5.25],[147.01,-5.31],[147.18,-5.43]]]},"properties":{"scalerank":0,"featurecla":"Land","min_zoom":3}},
{"type":"Feature","geometry":{"type":"Polygon","coordinates":[[[146.02,-4.73],[146,-4.54],[145.9,-4.6],[145.9,-4.73],[146.02,-4.73]]]},"properties":{"scalerank":0,"featurecla":"Land","min_zoom":3}},
{"type":"Feature","geometry":{"type":"Polygon","coordinates":[[[147.88,-2.28],[147.84,-2.25],[147.77,-2.33],[147.84,-2.34],[147.88,-2.28]]]},"properties":{"scalerank":0,"featurecla":"Land","min_zoom":4}},
{"type":"Feature","geometry":{"type":"Polygon","coordinates":[[[147.07,-1.96],[146.66,-1.97],[146.75,-2.15],[147.21,-2.18],[147.07,-1.96]]]},"properties":{"scalerank":0,"featurecla":"Land","min_zoom":2}},
{"type":"Feature","geometry":{"type":"Polygon","coordinates":[[[154.65,-5.43],[154.73,-5.22],[154.68,-5.05],[154.54,-5.11],[154.65,-5.43]]]},"properties":{"scalerank":0,"featurecla":"Land","min_zoom":1}},
{"type":"Feature","geometry":{"type":"Polygon","coordinates":[[[152.67,-3.13],[152.64,-3.04],[152.54,-3.1],[152.65,-3.22],[152.67,-3.13]]]},"properties":{"scalerank":0,"featurecla":"Land","min_zoom":3}},
{"type":"Feature","geometry":{"type":"Polygon","coordinates":[[[152.1,-2.95],[151.97,-2.85],[151.95,-2.87],[152.06,-2.99],[152.1,-2.95]]]},"properties":{"scalerank":0,"featurecla":"Land","min_zoom":3}},
{"type":"Feature","geometry":{"type":"Polygon","coordinates":[[[151.96,-2.83],[152.01,-2.81],[152,-2.74],[151.93,-2.75],[151.96,-2.83]]]},"properties":{"scalerank":0,"featurecla":"Land","min_zoom":4}},
{"type":"Feature","geometry":{"type":"Polygon","coordinates":[[[149.77,-1.55],[149.73,-1.43],[149.58,-1.35],[149.55,-1.47],[149.67,-1.58],[149.77,-1.55]]]},"properties":{"scalerank":0,"featurecla":"Land","min_zoom":3}},
{"type":"Feature","geometry":{"type":"Polygon","coordinates":[[[150.44,-2.66],[150.43,-2.47],[150.23,-2.38],[150.17,-2.66],[150.44,-2.66]]]},"properties":{"scalerank":0,"featurecla":"Land","min_zoom":2}},
{"type":"Feature","geometry":{"type":"Polygon","coordinates":[[[151.08,-10.02],[151.23,-10.19],[151.3,-9.96],[151.08,-10.02]]]},"properties":{"scalerank":0,"featurecla":"Land","min_zoom":2}},
{"type":"Feature","geometry":{"type":"Polygon","coordinates":[[[150.35,-9.49],[150.32,-9.26],[150.11,-9.36],[150.35,-9.49]]]},"properties":{"scalerank":0,"featurecla":"Land","min_zoom":2}},
{"type":"Feature","geometry":{"type":"Polygon","coordinates":[[[150.53,-9.35],[150.44,-9.62],[150.89,-9.67],[150.88,-9.51],[150.53,-9.35]]]},"properties":{"scalerank":0,"featurecla":"Land","min_zoom":2}},
{"type":"Feature","geometry":{"type":"Polygon","coordinates":[[[151.11,-8.73],[151.14,-8.57],[151.12,-8.42],[151,-8.52],[151.08,-8.57],[151.11,-8.73]]]},"properties":{"scalerank":0,"featurecla":"Land","min_zoom":3}},
{"type":"Feature","geometry":{"type":"Polygon","coordinates":[[[152.63,-8.96],[152.72,-9.17],[152.98,-9.15],[152.81,-8.97],[152.63,-8.96]]]},"properties":{"scalerank":0,"featurecla":"Land","min_zoom":2}},
{"type":"Feature","geometry":{"type":"Polygon","coordinates":[[[150.9,-10.57],[150.8,-10.55],[150.8,-10.62],[150.88,-10.64],[150.9,-10.57]]]},"properties":{"scalerank":0,"featurecla":"Land","min_zoom":4}},
{"type":"Feature","geometry":{"type":"Polygon","coordinates":[[[154.28,-11.36],[154.1,-11.31],[154.06,-11.42],[154.28,-11.36]]]},"properties":{"scalerank":0,"featurecla":"Land","min_zoom":3}},
{"type":"Feature","geometry":{"type":"Polygon","coordinates":[[[153.54,-11.48],[153.31,-11.36],[153.23,-11.42],[153.38,-11.56],[153.54,-11.48]]]},"properties":{"scalerank":0,"featurecla":"Land","min_zoom":2}},
{"type":"Feature","geometry":{"type":"Polygon","coordinates":[[[143.59,-8.48],[143.58,-8.39],[143.37,-8.42],[143.59,-8.48]]]},"properties":{"scalerank":0,"featurecla":"Land","min_zoom":3}},
{"type":"Feature","geometry":{"type":"Polygon","coordinates":[[[143.59,-8.63],[143.44,-8.52],[143.46,-8.62],[143.59,-8.63]]]},"properties":{"scalerank":0,"featurecla":"Land","min_zoom":3}},
{"type":"Feature","geometry":{"type":"Polygon","coordinates":[[[135.38,-0.65],[135.84,-1.12],[135.89,-0.73],[135.38,-0.65]]]},"properties":{"scalerank":0,"featurecla":"Land","min_zoom":2}},
{"type":"Feature","geometry":{"type":"Polygon","coordinates":[[[135.47,-1.59],[136.19,-1.86],[136.2,-1.65],[135.47,-1.59]]]},"properties":{"scalerank":0,"featurecla":"Land","min_zoom":2}},
{"type":"Feature","geometry":{"type":"Polygon","coordinates":[[[134.97,-1.12],[134.89,-0.94],[134.81,-1.04],[134.97,-1.12]]]},"properties":{"scalerank":0,"featurecla":"Land","min_zoom":3}},
{"type":"Feature","geometry":{"type":"Polygon","coordinates":[[[134.37,-2.12],[134.42,-2.05],[134.35,-2.04],[134.37,-2.12]]]},"properties":{"scalerank":0,"featurecla":"Land","min_zoom":4}},
{"type":"Feature","geometry":{"type":"Polygon","coordinates":[[[138.9,-8.39],[138.8,-8.17],[138.59,-8.37],[138.9,-8.39]]]},"properties":{"scalerank":0,"featurecla":"Land","min_zoom":2}},
{"type":"Feature","geometry":{"type":"Polygon","coordinates":[[[133.57,-4.25],[133.46,-4.2],[133.32,-4.11],[133.33,-4.17],[133.5,-4.26],[133.57,-4.25]]]},"properties":{"scalerank":0,"featurecla":"Land","min_zoom":3}},
{"type":"Feature","geometry":{"type":"Polygon","coordinates":[[[130.35,-1.69],[129.99,-1.76],[130.25,-2.05],[130.35,-1.69]]]},"properties":{"scalerank":0,"featurecla":"Land","min_zoom":2}},
{"type":"Feature","geometry":{"type":"Polygon","coordinates":[[[131,-1.32],[131.07,-0.97],[130.67,-0.96],[130.78,-1.26],[131,-1.32]]]},"properties":{"scalerank":0,"featurecla":"Land","min_zoom":0.5}},
{"type":"Feature","geometry":{"type":"Polygon","coordinates":[[[130.91,-0.78],[130.81,-0.81],[130.48,-0.83],[130.4,-0.92],[130.83,-0.86],[130.91,-0.78]]]},"properties":{"scalerank":0,"featurecla":"Land","min_zoom":3}},
{"type":"Feature","geometry":{"type":"Polygon","coordinates":[[[130.63,-0.53],[130.62,-0.42],[130.47,-0.49],[130.63,-0.53]]]},"properties":{"scalerank":0,"featurecla":"Land","min_zoom":3}},
{"type":"Feature","geometry":{"type":"Polygon","coordinates":[[[130.81,0],[130.69,-0.3],[131.1,-0.33],[131.28,-0.15],[130.81,0]]]},"properties":{"scalerank":0,"featurecla":"Land","min_zoom":2}},
{"type":"Feature","geometry":{"type":"Polygon","coordinates":[[[129.55,-0.19],[129.54,-0.14],[129.31,0.05],[129.37,-0.07],[129.55,-0.19]]]},"properties":{"scalerank":0,"featurecla":"Land","min_zoom":3}},
{"type":"Feature","geometry":{"type":"Polygon","coordinates":[[[128.45,2.05],[128.62,2.22],[128.6,2.6],[128.22,2.3],[128.45,2.05]]]},"properties":{"scalerank":0,"featurecla":"Land","min_zoom":2}},
{"type":"Feature","geometry":{"type":"Polygon","coordinates":[[[127.45,-0.01],[127.45,0.07],[127.4,0.02],[127.45,-0.01]]]},"properties":{"scalerank":0,"featurecla":"Land","min_zoom":4}},
{"type":"Feature","geometry":{"type":"Polygon","coordinates":[[[127.42,0.64],[127.44,0.73],[127.38,0.74],[127.36,0.68],[127.42,0.64]]]},"properties":{"scalerank":0,"featurecla":"Land","min_zoom":4}},
{"type":"Feature","geometry":{"type":"Polygon","coordinates":[[[127.25,-0.5],[127.28,-0.39],[127.13,-0.28],[127.12,-0.52],[127.25,-0.5]]]},"properties":{"scalerank":0,"featurecla":"Land","min_zoom":3}},
{"type":"Feature","geometry":{"type":"Polygon","coordinates":[[[127.3,-0.78],[127.26,-0.62],[127.16,-0.76],[127.3,-0.78]]]},"properties":{"scalerank":0,"featurecla":"Land","min_zoom":3}},
{"type":"Feature","geometry":{"type":"Polygon","coordinates":[[[127.57,-0.32],[127.3,-0.5],[127.47,-0.64],[127.68,-0.47],[127.57,-0.32]]]},"properties":{"scalerank":0,"featurecla":"Land","min_zoom":2}},
{"type":"Feature","geometry":{"type":"Polygon","coordinates":[[[128.15,-1.66],[127.74,-1.36],[127.56,-1.73],[128.15,-1.66]]]},"properties":{"scalerank":0,"featurecla":"Land","min_zoom":2}},
{"type":"Feature","geometry":{"type":"Polygon","coordinates":[[[134.75,-5.71],[134.34,-5.71],[134.44,-6.33],[134.76,-6.17],[134.75,-5.71]]]},"properties":{"scalerank":0,"featurecla":"Land","min_zoom":1.5}},
{"type":"Feature","geometry":{"type":"Polygon","coordinates":[[[134.54,-6.44],[134.17,-6.18],[134.06,-6.77],[134.36,-6.81],[134.54,-6.44]]]},"properties":{"scalerank":0,"featurecla":"Land","min_zoom":1.5}},
{"type":"Feature","geometry":{"type":"Polygon","coordinates":[[[132.93,-5.9],[132.97,-5.74],[133.12,-5.58],[133.17,-5.35],[133.11,-5.31],[133.01,-5.62],[132.94,-5.68],[132.93,-5.9]]]},"properties":{"scalerank":0,"featurecla":"Land","min_zoom":3}},
{"type":"Feature","geometry":{"type":"Polygon","coordinates":[[[132.81,-5.85],[132.7,-5.61],[132.68,-5.91],[132.81,-5.85]]]},"properties":{"scalerank":0,"featurecla":"Land","min_zoom":3}},
{"type":"Feature","geometry":{"type":"Polygon","coordinates":[[[128.72,-3.55],[128.59,-3.49],[128.62,-3.59],[128.72,-3.55]]]},"properties":{"scalerank":0,"featurecla":"Land","min_zoom":3}},
{"type":"Feature","geometry":{"type":"Polygon","coordinates":[[[128.56,-3.59],[128.45,-3.51],[128.39,-3.64],[128.56,-3.59]]]},"properties":{"scalerank":0,"featurecla":"Land","min_zoom":3}},
{"type":"Feature","geometry":{"type":"Polygon","coordinates":[[[128.28,-3.67],[128.26,-3.51],[128.02,-3.6],[128.14,-3.73],[128.28,-3.67]]]},"properties":{"scalerank":0,"featurecla":"Land","min_zoom":2}},
{"type":"Feature","geometry":{"type":"Polygon","coordinates":[[[123.18,-4.55],[122.85,-4.62],[122.77,-5.21],[122.99,-5.39],[123.06,-4.75],[123.18,-4.55]]]},"properties":{"scalerank":0,"featurecla":"Land","min_zoom":0.5}},
{"type":"Feature","geometry":{"type":"Polygon","coordinates":[[[122.65,-5.27],[122.7,-4.62],[122.37,-4.77],[122.65,-5.27]]]},"properties":{"scalerank":0,"featurecla":"Land","min_zoom":0.5}},
{"type":"Feature","geometry":{"type":"Polygon","coordinates":[[[122.04,-5.44],[122.06,-5.22],[121.97,-5.08],[121.81,-5.26],[122.04,-5.44]]]},"properties":{"scalerank":0,"featurecla":"Land","min_zoom":2}},
{"type":"Feature","geometry":{"type":"Polygon","coordinates":[[[123.24,-4.11],[123.02,-3.98],[122.99,-4.15],[123.24,-4.11]]]},"properties":{"scalerank":0,"featurecla":"Land","min_zoom":2}},
{"type":"Feature","geometry":{"type":"Polygon","coordinates":[[[126.06,-2.45],[126.07,-2.37],[125.98,-2.17],[125.99,-2.01],[125.86,-2.08],[125.98,-2.42],[126.06,-2.45]]]},"properties":{"scalerank":0,"featurecla":"Land","min_zoom":3}},
{"type":"Feature","geometry":{"type":"Polygon","coordinates":[[[126.02,-1.79],[125.52,-1.8],[125.48,-1.94],[125.96,-1.92],[126.02,-1.79]]]},"properties":{"scalerank":0,"featurecla":"Land","min_zoom":2}},
{"type":"Feature","geometry":{"type":"Polygon","coordinates":[[[124.97,-1.71],[124.38,-1.69],[124.42,-2.01],[124.97,-1.71]]]},"properties":{"scalerank":0,"featurecla":"Land","min_zoom":2}},
{"type":"Feature","geometry":{"type":"Polygon","coordinates":[[[123.85,-1.96],[123.78,-1.92],[123.8,-1.99],[123.85,-1.96]]]},"properties":{"scalerank":0,"featurecla":"Land","min_zoom":4}},
{"type":"Feature","geometry":{"type":"Polygon","coordinates":[[[123.21,-1.17],[123.37,-1.51],[123.55,-1.34],[123.21,-1.17]]]},"properties":{"scalerank":0,"featurecla":"Land","min_zoom":2}},
{"type":"Feature","geometry":{"type":"Polygon","coordinates":[[[123.15,-1.82],[123.11,-1.79],[123.07,-1.85],[123.08,-1.9],[123.15,-1.82]]]},"properties":{"scalerank":0,"featurecla":"Land","min_zoom":4}},
{"type":"Feature","geometry":{"type":"Polygon","coordinates":[[[121.86,-0.41],[121.75,-0.41],[121.72,-0.49],[121.85,-0.49],[121.86,-0.41]]]},"properties":{"scalerank":0,"featurecla":"Land","min_zoom":3}},
{"type":"Feature","geometry":{"type":"Polygon","coordinates":[[[126.82,4.03],[126.92,4.29],[126.87,4.48],[126.72,4.34],[126.81,4.26],[126.82,4.03]]]},"properties":{"scalerank":0,"featurecla":"Land","min_zoom":2}},
{"type":"Feature","geometry":{"type":"Polygon","coordinates":[[[126.72,3.87],[126.74,3.92],[126.69,4],[126.66,3.93],[126.72,3.87]]]},"properties":{"scalerank":0,"featurecla":"Land","min_zoom":3}},
{"type":"Feature","geometry":{"type":"Polygon","coordinates":[[[126.85,3.77],[126.86,3.81],[126.8,3.86],[126.78,3.81],[126.85,3.77]]]},"properties":{"scalerank":0,"featurecla":"Land","min_zoom":4}},
{"type":"Feature","geometry":{"type":"Polygon","coordinates":[[[125.66,3.44],[125.54,3.67],[125.51,3.46],[125.66,3.44]]]},"properties":{"scalerank":0,"featurecla":"Land","min_zoom":3}},
{"type":"Feature","geometry":{"type":"Polygon","coordinates":[[[125.41,2.65],[125.45,2.76],[125.36,2.75],[125.41,2.65]]]},"properties":{"scalerank":0,"featurecla":"Land","min_zoom":4}},
{"type":"Feature","geometry":{"type":"Polygon","coordinates":[[[120.53,-6.3],[120.55,-5.97],[120.45,-5.88],[120.46,-6.25],[120.53,-6.3]]]},"properties":{"scalerank":0,"featurecla":"Land","min_zoom":3}},
{"type":"Feature","geometry":{"type":"Polygon","coordinates":[[[131.98,-7.2],[131.92,-7.1],[131.88,-7.17],[131.98,-7.2]]]},"properties":{"scalerank":0,"featurecla":"Land","min_zoom":3}},
{"type":"Feature","geometry":{"type":"Polygon","coordinates":[[[130.86,-8.32],[131.04,-8.21],[131.02,-8.09],[130.83,-8.27],[130.86,-8.32]]]},"properties":{"scalerank":0,"featurecla":"Land","min_zoom":3}},
{"type":"Feature","geometry":{"type":"Polygon","coordinates":[[[131.33,-8],[131.69,-7.44],[131.26,-7.47],[131.09,-7.87],[131.33,-8]]]},"properties":{"scalerank":0,"featurecla":"Land","min_zoom":2}},
{"type":"Feature","geometry":{"type":"Polygon","coordinates":[[[129.84,-7.95],[129.81,-7.82],[129.61,-7.8],[129.71,-8.04],[129.84,-7.95]]]},"properties":{"scalerank":0,"featurecla":"Land","min_zoom":3}},
{"type":"Feature","geometry":{"type":"Polygon","coordinates":[[[128.67,-7.18],[128.63,-7.07],[128.53,-7.13],[128.67,-7.18]]]},"properties":{"scalerank":0,"featurecla":"Land","min_zoom":3}},
{"type":"Feature","geometry":{"type":"Polygon","coordinates":[[[127.82,-8.1],[127.82,-8.19],[128.02,-8.26],[128.12,-8.17],[127.82,-8.1]]]},"properties":{"scalerank":0,"featurecla":"Land","min_zoom":3}},
{"type":"Feature","geometry":{"type":"Polygon","coordinates":[[[127.42,-7.62],[127.48,-7.53],[127.37,-7.51],[127.42,-7.62]]]},"properties":{"scalerank":0,"featurecla":"Land","min_zoom":3}},
{"type":"Feature","geometry":{"type":"Polygon","coordinates":[[[126.8,-7.67],[126.61,-7.57],[125.84,-7.82],[126.47,-7.95],[126.8,-7.67]]]},"properties":{"scalerank":0,"featurecla":"Land","min_zoom":2}},
{"type":"Feature","geometry":{"type":"Polygon","coordinates":[[[125.65,-8.14],[125.51,-8.28],[125.58,-8.31],[125.65,-8.14]]]},"properties":{"scalerank":0,"featurecla":"Land","min_zoom":3}},
{"type":"Feature","geometry":{"type":"Polygon","coordinates":[[[123.42,-10.3],[123.4,-10.17],[123.33,-10.26],[123.42,-10.3]]]},"properties":{"scalerank":0,"featurecla":"Land","min_zoom":1}},
{"type":"Feature","geometry":{"type":"Polygon","coordinates":[[[122.95,-10.91],[123.42,-10.65],[123.37,-10.47],[123.06,-10.7],[122.95,-10.91]]]},"properties":{"scalerank":0,"featurecla":"Land","min_zoom":2}},
{"type":"Feature","geometry":{"type":"Polygon","coordinates":[[[121.88,-10.59],[121.87,-10.44],[121.73,-10.57],[121.88,-10.59]]]},"properties":{"scalerank":0,"featurecla":"Land","min_zoom":3}},
{"type":"Feature","geometry":{"type":"Polygon","coordinates":[[[124.58,-8.14],[124.44,-8.44],[125.1,-8.35],[125.12,-8.2],[124.58,-8.14]]]},"properties":{"scalerank":0,"featurecla":"Land","min_zoom":2}},
{"type":"Feature","geometry":{"type":"Polygon","coordinates":[[[124.29,-8.33],[123.97,-8.35],[124.07,-8.55],[124.29,-8.33]]]},"properties":{"scalerank":0,"featurecla":"Land","min_zoom":2}},
{"type":"Feature","geometry":{"type":"Polygon","coordinates":[[[123.92,-8.27],[123.78,-8.19],[123.33,-8.44],[123.41,-8.59],[123.92,-8.27]]]},"properties":{"scalerank":0,"featurecla":"Land","min_zoom":2}},
{"type":"Feature","geometry":{"type":"Polygon","coordinates":[[[123.32,-8.35],[123.13,-8.25],[123.03,-8.4],[123.32,-8.35]]]},"properties":{"scalerank":0,"featurecla":"Land","min_zoom":3}},
{"type":"Feature","geometry":{"type":"Polygon","coordinates":[[[119.46,-8.74],[119.55,-8.48],[119.43,-8.45],[119.38,-8.59],[119.46,-8.74]]]},"properties":{"scalerank":0,"featurecla":"Land","min_zoom":3}},
{"type":"Feature","geometry":{"type":"Polygon","coordinates":[[[119.07,-8.24],[119.13,-8.2],[119.1,-8.14],[119.04,-8.16],[119.07,-8.24]]]},"properties":{"scalerank":0,"featurecla":"Land","min_zoom":3}},
{"type":"Feature","geometry":{"type":"Polygon","coordinates":[[[115.61,-8.77],[115.56,-8.67],[115.48,-8.72],[115.61,-8.77]]]},"properties":{"scalerank":0,"featurecla":"Land","min_zoom":3}},
{"type":"Feature","geometry":{"type":"Polygon","coordinates":[[[115.38,-6.97],[115.41,-6.84],[115.24,-6.86],[115.22,-6.95],[115.38,-6.97]]]},"properties":{"scalerank":0,"featurecla":"Land","min_zoom":3}},
{"type":"Feature","geometry":{"type":"Polygon","coordinates":[[[112.72,-5.81],[112.65,-5.73],[112.6,-5.84],[112.72,-5.81]]]},"properties":{"scalerank":0,"featurecla":"Land","min_zoom":3}},
{"type":"Feature","geometry":{"type":"Polygon","coordinates":[[[117.92,4.05],[117.88,4.19],[117.66,4.25],[117.74,4],[117.92,4.05]]]},"properties":{"scalerank":0,"featurecla":"Land","min_zoom":2}},
{"type":"Feature","geometry":{"type":"Polygon","coordinates":[[[117.66,3.28],[117.68,3.41],[117.55,3.43],[117.56,3.33],[117.66,3.28]]]},"properties":{"scalerank":0,"featurecla":"Land","min_zoom":3}},
{"type":"Feature","geometry":{"type":"Polygon","coordinates":[[[116.42,-3.46],[116.33,-3.54],[116.39,-3.64],[116.42,-3.46]]]},"properties":{"scalerank":0,"featurecla":"Land","min_zoom":3}},
{"type":"Feature","geometry":{"type":"Polygon","coordinates":[[[116.3,-3.87],[116.26,-3.39],[116.02,-3.7],[116.3,-3.87]]]},"properties":{"scalerank":0,"featurecla":"Land","min_zoom":0.5}},
{"type":"Feature","geometry":{"type":"Polygon","coordinates":[[[108.95,-1.62],[108.88,-1.54],[108.8,-1.57],[108.84,-1.66],[108.95,-1.62]]]},"properties":{"scalerank":0,"featurecla":"Land","min_zoom":3}},
{"type":"Feature","geometry":{"type":"Polygon","coordinates":[[[109.71,-1.18],[109.48,-0.99],[109.43,-1.24],[109.71,-1.18]]]},"properties":{"scalerank":0,"featurecla":"Land","min_zoom":2}},
{"type":"Feature","geometry":{"type":"Polygon","coordinates":[[[108.89,2.91],[108.87,2.99],[108.79,2.89],[108.84,2.85],[108.89,2.91]]]},"properties":{"scalerank":0,"featurecla":"Land","min_zoom":4}},
{"type":"Feature","geometry":{"type":"Polygon","coordinates":[[[108.32,3.69],[108.39,3.99],[108.2,4.2],[108,4.04],[108.32,3.69]]]},"properties":{"scalerank":0,"featurecla":"Land","min_zoom":2}},
{"type":"Feature","geometry":{"type":"Polygon","coordinates":[[[106.29,3.16],[106.27,3.22],[106.2,3.2],[106.21,3.13],[106.29,3.16]]]},"properties":{"scalerank":0,"featurecla":"Land","min_zoom":3}},
{"type":"Feature","geometry":{"type":"Polygon","coordinates":[[[105.76,2.86],[105.84,2.98],[105.69,3.06],[105.71,2.89],[105.76,2.86]]]},"properties":{"scalerank":0,"featurecla":"Land","min_zoom":3}},
{"type":"Feature","geometry":{"type":"Polygon","coordinates":[[[101.71,2.08],[101.41,2.02],[101.6,1.72],[101.71,2.08]]]},"properties":{"scalerank":0,"featurecla":"Land","min_zoom":0.5}},
{"type":"Feature","geometry":{"type":"Polygon","coordinates":[[[102.43,0.99],[102.44,1.23],[102.23,1.35],[102.33,1.01],[102.43,0.99]]]},"properties":{"scalerank":0,"featurecla":"Land","min_zoom":2}},
{"type":"Feature","geometry":{"type":"Polygon","coordinates":[[[102.49,1.46],[102.04,1.63],[102.08,1.5],[102.49,1.46]]]},"properties":{"scalerank":0,"featurecla":"Land","min_zoom":2}},
{"type":"Feature","geometry":{"type":"Polygon","coordinates":[[[103.03,0.75],[102.55,1.13],[102.54,0.83],[103.03,0.75]]]},"properties":{"scalerank":0,"featurecla":"Land","min_zoom":0.5}},
{"type":"Feature","geometry":{"type":"Polygon","coordinates":[[[103.17,0.87],[103.07,1.01],[102.79,1.17],[102.7,1.05],[102.89,1],[103.09,0.85],[103.17,0.87]]]},"properties":{"scalerank":0,"featurecla":"Land","min_zoom":2}},
{"type":"Feature","geometry":{"type":"Polygon","coordinates":[[[103.28,0.54],[103.24,0.7],[103.14,0.55],[103.28,0.54]]]},"properties":{"scalerank":0,"featurecla":"Land","min_zoom":3}},
{"type":"Feature","geometry":{"type":"Polygon","coordinates":[[[103.42,1.05],[103.38,1.13],[103.32,1.07],[103.36,1.01],[103.42,1.05]]]},"properties":{"scalerank":0,"featurecla":"Land","min_zoom":3}},
{"type":"Feature","geometry":{"type":"Polygon","coordinates":[[[103.45,0.66],[103.5,0.72],[103.39,0.87],[103.34,0.78],[103.45,0.66]]]},"properties":{"scalerank":0,"featurecla":"Land","min_zoom":3}},
{"type":"Feature","geometry":{"type":"Polygon","coordinates":[[[103.83,0.8],[103.75,0.89],[103.74,0.83],[103.83,0.8]]]},"properties":{"scalerank":0,"featurecla":"Land","min_zoom":4}},
{"type":"Feature","geometry":{"type":"Polygon","coordinates":[[[104.02,1.18],[103.96,1.01],[104.07,0.99],[104.13,1.09],[104.02,1.18]]]},"properties":{"scalerank":0,"featurecla":"Land","min_zoom":3}},
{"type":"Feature","geometry":{"type":"Polygon","coordinates":[[[104.59,1.22],[104.25,1.01],[104.58,0.83],[104.59,1.22]]]},"properties":{"scalerank":0,"featurecla":"Land","min_zoom":2}},
{"type":"Feature","geometry":{"type":"Polygon","coordinates":[[[104.24,0.83],[104.23,0.88],[104.1,0.9],[104.18,0.8],[104.24,0.83]]]},"properties":{"scalerank":0,"featurecla":"Land","min_zoom":3}},
{"type":"Feature","geometry":{"type":"Polygon","coordinates":[[[104.69,0.06],[104.54,0.22],[104.6,0.1],[104.69,0.06]]]},"properties":{"scalerank":0,"featurecla":"Land","min_zoom":3}},
{"type":"Feature","geometry":{"type":"Polygon","coordinates":[[[104.78,-0.18],[104.54,0.02],[104.45,-0.19],[104.57,-0.25],[104.78,-0.18]]]},"properties":{"scalerank":0,"featurecla":"Land","min_zoom":2}},
{"type":"Feature","geometry":{"type":"Polygon","coordinates":[[[104.47,-0.33],[104.26,-0.46],[104.49,-0.61],[104.47,-0.33]]]},"properties":{"scalerank":0,"featurecla":"Land","min_zoom":2}},
{"type":"Feature","geometry":{"type":"Polygon","coordinates":[[[103.74,-0.35],[103.55,-0.23],[103.46,-0.36],[103.74,-0.35]]]},"properties":{"scalerank":0,"featurecla":"Land","min_zoom":3}},
{"type":"Feature","geometry":{"type":"Polygon","coordinates":[[[108.21,-3],[108.07,-2.6],[107.67,-2.57],[107.61,-3.21],[108.21,-3]]]},"properties":{"scalerank":0,"featurecla":"Land","min_zoom":2}},
{"type":"Feature","geometry":{"type":"Polygon","coordinates":[[[107.47,-2.9],[107.5,-2.85],[107.42,-2.84],[107.43,-2.93],[107.47,-2.9]]]},"properties":{"scalerank":0,"featurecla":"Land","min_zoom":4}},
{"type":"Feature","geometry":{"type":"Polygon","coordinates":[[[106.89,-3.01],[106.91,-2.93],[106.8,-2.9],[106.75,-2.96],[106.89,-3.01]]]},"properties":{"scalerank":0,"featurecla":"Land","min_zoom":3}},
{"type":"Feature","geometry":{"type":"Polygon","coordinates":[[[105.25,-6.64],[105.19,-6.55],[105.12,-6.61],[105.25,-6.64]]]},"properties":{"scalerank":0,"featurecla":"Land","min_zoom":3}},
{"type":"Feature","geometry":{"type":"Polygon","coordinates":[[[97.48,1.47],[97.41,0.95],[97.88,0.63],[97.93,0.97],[97.48,1.47]]]},"properties":{"scalerank":0,"featurecla":"Land","min_zoom":2}},
{"type":"Feature","geometry":{"type":"Polygon","coordinates":[[[102.37,-5.48],[102.37,-5.37],[102.2,-5.29],[102.14,-5.36],[102.37,-5.48]]]},"properties":{"scalerank":0,"featurecla":"Land","min_zoom":3}},
{"type":"Feature","geometry":{"type":"Polygon","coordinates":[[[100.43,-3.18],[100.45,-3],[100.25,-2.78],[100.2,-2.99],[100.43,-3.18]]]},"properties":{"scalerank":0,"featurecla":"Land","min_zoom":2}},
{"type":"Feature","geometry":{"type":"Polygon","coordinates":[[[100.2,-2.74],[100.01,-2.51],[100.01,-2.82],[100.2,-2.74]]]},"properties":{"scalerank":0,"featurecla":"Land","min_zoom":3}},
{"type":"Feature","geometry":{"type":"Polygon","coordinates":[[[99.84,-2.34],[99.69,-2.06],[99.61,-2.26],[99.84,-2.34]]]},"properties":{"scalerank":0,"featurecla":"Land","min_zoom":3}},
{"type":"Feature","geometry":{"type":"Polygon","coordinates":[[[99.16,-1.78],[99.27,-1.63],[98.87,-0.92],[98.6,-1.2],[98.87,-1.66],[99.16,-1.78]]]},"properties":{"scalerank":0,"featurecla":"Land","min_zoom":2}},
{"type":"Feature","geometry":{"type":"Polygon","coordinates":[[[98.46,-0.53],[98.54,-0.26],[98.43,-0.23],[98.31,-0.53],[98.46,-0.53]]]},"properties":{"scalerank":0,"featurecla":"Land","min_zoom":2}},
{"type":"Feature","geometry":{"type":"Polygon","coordinates":[[[97.33,2.08],[97.29,2.2],[97.23,2.16],[97.33,2.08]]]},"properties":{"scalerank":0,"featurecla":"Land","min_zoom":3}},
{"type":"Feature","geometry":{"type":"Polygon","coordinates":[[[96.46,2.36],[96.42,2.52],[95.81,2.92],[95.81,2.66],[96.46,2.36]]]},"properties":{"scalerank":0,"featurecla":"Land","min_zoom":2}},
{"type":"Feature","geometry":{"type":"Polygon","coordinates":[[[95.36,5.81],[95.36,5.88],[95.24,5.91],[95.28,5.8],[95.36,5.81]]]},"properties":{"scalerank":0,"featurecla":"Land","min_zoom":3}},
{"type":"Feature","geometry":{"type":"Polygon","coordinates":[[[111.39,2.42],[111.38,2.71],[111.3,2.74],[111.31,2.44],[111.39,2.42]]]},"properties":{"scalerank":0,"featurecla":"Land","min_zoom":3}},
{"type":"Feature","geometry":{"type":"Polygon","coordinates":[[[117.14,7.17],[117.24,7.18],[117.26,7.35],[117.06,7.26],[117.14,7.17]]]},"properties":{"scalerank":0,"featurecla":"Land","min_zoom":3}},
{"type":"Feature","geometry":{"type":"Polygon","coordinates":[[[32.01,46.2],[31.64,46.27],[31.7,46.21],[32.01,46.17],[32.01,46.2]]]},"properties":{"scalerank":0,"featurecla":"Land","min_zoom":3}},
{"type":"Feature","geometry":{"type":"Polygon","coordinates":[[[22.92,58.83],[22.59,59.08],[22.41,58.86],[22.92,58.83]]]},"properties":{"scalerank":0,"featurecla":"Land","min_zoom":2}},
{"type":"Feature","geometry":{"type":"Polygon","coordinates":[[[23.34,58.55],[23.33,58.65],[23.17,58.68],[23.06,58.61],[23.34,58.55]]]},"properties":{"scalerank":0,"featurecla":"Land","min_zoom":3}},
{"type":"Feature","geometry":{"type":"Polygon","coordinates":[[[35.82,65.18],[35.56,65.09],[35.84,65],[35.82,65.18]]]},"properties":{"scalerank":0,"featurecla":"Land","min_zoom":3}},
{"type":"Feature","geometry":{"type":"Polygon","coordinates":[[[42.71,66.7],[42.63,66.78],[42.48,66.74],[42.71,66.7]]]},"properties":{"scalerank":0,"featurecla":"Land","min_zoom":4}},
{"type":"Feature","geometry":{"type":"Polygon","coordinates":[[[26.88,78.65],[26.59,78.81],[26.46,78.72],[26.88,78.65]]]},"properties":{"scalerank":0,"featurecla":"Land","min_zoom":3}},
{"type":"Feature","geometry":{"type":"Polygon","coordinates":[[[29.05,78.91],[28.41,78.96],[27.89,78.85],[29.05,78.91]]]},"properties":{"scalerank":0,"featurecla":"Land","min_zoom":3}},
{"type":"Feature","geometry":{"type":"Polygon","coordinates":[[[50.05,80.07],[50.32,80.17],[49.88,80.23],[49.56,80.16],[50.05,80.07]]]},"properties":{"scalerank":0,"featurecla":"Land","min_zoom":3}},
{"type":"Feature","geometry":{"type":"Polygon","coordinates":[[[51.41,79.94],[50.94,80.09],[50.45,79.92],[51.41,79.94]]]},"properties":{"scalerank":0,"featurecla":"Land","min_zoom":3}},
{"type":"Feature","geometry":{"type":"Polygon","coordinates":[[[32.53,80.12],[33.56,80.2],[33.38,80.24],[32.53,80.12]]]},"properties":{"scalerank":0,"featurecla":"Land","min_zoom":3}},
{"type":"Feature","geometry":{"type":"Polygon","coordinates":[[[57.81,81.55],[57.09,81.54],[55.72,81.19],[58.02,81.25],[57.81,81.55]]]},"properties":{"scalerank":0,"featurecla":"Land","min_zoom":2}},
{"type":"Feature","geometry":{"type":"Polygon","coordinates":[[[54.72,81.12],[55.71,80.64],[57.69,80.79],[54.72,81.12]]]},"properties":{"scalerank":0,"featurecla":"Land","min_zoom":2}},
{"type":"Feature","geometry":{"type":"Polygon","coordinates":[[[50.75,81.05],[50.88,81.15],[50.37,81.12],[50.75,81.05]]]},"properties":{"scalerank":0,"featurecla":"Land","min_zoom":4}},
{"type":"Feature","geometry":{"type":"Polygon","coordinates":[[[58.62,81.04],[57.41,80.92],[58.86,80.78],[58.62,81.04]]]},"properties":{"scalerank":0,"featurecla":"Land","min_zoom":2}},
{"type":"Feature","geometry":{"type":"Polygon","coordinates":[[[63.65,81.61],[63.71,81.69],[62.79,81.72],[62.88,81.61],[63.65,81.61]]]},"properties":{"scalerank":0,"featurecla":"Land","min_zoom":3}},
{"type":"Feature","geometry":{"type":"Polygon","coordinates":[[[58.3,81.72],[59.36,81.76],[59.26,81.85],[58.13,81.83],[58.3,81.72]]]},"properties":{"scalerank":0,"featurecla":"Land","min_zoom":3}},
{"type":"Feature","geometry":{"type":"Polygon","coordinates":[[[18.74,80.3],[18.29,80.36],[18.16,80.29],[18.52,80.25],[18.74,80.3]]]},"properties":{"scalerank":0,"featurecla":"Land","min_zoom":4}},
{"type":"Feature","geometry":{"type":"Polygon","coordinates":[[[11.25,78.61],[10.96,78.85],[10.63,78.75],[11.25,78.61]]]},"properties":{"scalerank":0,"featurecla":"Land","min_zoom":3}},
{"type":"Feature","geometry":{"type":"Polygon","coordinates":[[[19.22,74.39],[19.18,74.52],[18.8,74.49],[19.22,74.39]]]},"properties":{"scalerank":0,"featurecla":"Land","min_zoom":3}},
{"type":"Feature","geometry":{"type":"Polygon","coordinates":[[[53.14,71.24],[52.78,71.4],[52.3,71.36],[52.84,71.09],[53.14,71.24]]]},"properties":{"scalerank":0,"featurecla":"Land","min_zoom":2}},
{"type":"Feature","geometry":{"type":"Polygon","coordinates":[[[74.66,72.87],[74.73,73.11],[74.1,73.02],[74.66,72.87]]]},"properties":{"scalerank":0,"featurecla":"Land","min_zoom":3}},
{"type":"Feature","geometry":{"type":"Polygon","coordinates":[[[75.5,73.46],[75.83,73.46],[75.93,73.57],[75.57,73.54],[75.5,73.46]]]},"properties":{"scalerank":0,"featurecla":"Land","min_zoom":3}},
{"type":"Feature","geometry":{"type":"Polygon","coordinates":[[[76.76,73.45],[76.25,73.56],[76.23,73.48],[76.76,73.45]]]},"properties":{"scalerank":0,"featurecla":"Land","min_zoom":3}},
{"type":"Feature","geometry":{"type":"Polygon","coordinates":[[[77.63,72.29],[78.37,72.48],[77.75,72.63],[76.9,72.37],[77.63,72.29]]]},"properties":{"scalerank":0,"featurecla":"Land","min_zoom":2}},
{"type":"Feature","geometry":{"type":"Polygon","coordinates":[[[79.5,72.72],[79.54,72.92],[79.16,73.09],[78.66,72.89],[79.5,72.72]]]},"properties":{"scalerank":0,"featurecla":"Land","min_zoom":2}},
{"type":"Feature","geometry":{"type":"Polygon","coordinates":[[[82.71,74.09],[82.53,74.16],[82.33,74.13],[82.61,74.06],[82.71,74.09]]]},"properties":{"scalerank":0,"featurecla":"Land","min_zoom":4}},
{"type":"Feature","geometry":{"type":"Polygon","coordinates":[[[83.55,74.07],[83.51,74.12],[83.15,74.15],[82.9,74.13],[83.41,74.04],[83.55,74.07]]]},"properties":{"scalerank":0,"featurecla":"Land","min_zoom":3}},
{"type":"Feature","geometry":{"type":"Polygon","coordinates":[[[84.76,74.46],[84.68,74.51],[84.39,74.45],[84.71,74.4],[84.76,74.46]]]},"properties":{"scalerank":0,"featurecla":"Land","min_zoom":4}},
{"type":"Feature","geometry":{"type":"Polygon","coordinates":[[[86.65,74.98],[86.39,74.85],[86.93,74.83],[87.12,74.94],[86.65,74.98]]]},"properties":{"scalerank":0,"featurecla":"Land","min_zoom":3}},
{"type":"Feature","geometry":{"type":"Polygon","coordinates":[[[82.17,75.42],[81.91,75.5],[81.5,75.37],[81.65,75.29],[82.22,75.35],[82.17,75.42]]]},"properties":{"scalerank":0,"featurecla":"Land","min_zoom":3}},
{"type":"Feature","geometry":{"type":"Polygon","coordinates":[[[96.53,76.28],[95.79,76.29],[96.11,76.16],[96.53,76.28]]]},"properties":{"scalerank":0,"featurecla":"Land","min_zoom":3}},
{"type":"Feature","geometry":{"type":"Polygon","coordinates":[[[97.59,76.6],[97.38,76.71],[97.31,76.69],[97.43,76.59],[97.59,76.6]]]},"properties":{"scalerank":0,"featurecla":"Land","min_zoom":4}},
{"type":"Feature","geometry":{"type":"Polygon","coordinates":[[[96.29,77.03],[96.53,77.21],[95.42,77.06],[96.29,77.03]]]},"properties":{"scalerank":0,"featurecla":"Land","min_zoom":3}},
{"type":"Feature","geometry":{"type":"Polygon","coordinates":[[[89.51,77.19],[89.62,77.31],[89.28,77.3],[89.14,77.23],[89.51,77.19]]]},"properties":{"scalerank":0,"featurecla":"Land","min_zoom":3}},
{"type":"Feature","geometry":{"type":"Polygon","coordinates":[[[76.25,79.65],[76.65,79.49],[77.36,79.56],[76.25,79.65]]]},"properties":{"scalerank":0,"featurecla":"Land","min_zoom":3}},
{"type":"Feature","geometry":{"type":"Polygon","coordinates":[[[80.03,80.85],[79.22,80.96],[79.1,80.81],[80.03,80.85]]]},"properties":{"scalerank":0,"featurecla":"Land","min_zoom":3}},
{"type":"Feature","geometry":{"type":"Polygon","coordinates":[[[91.57,81.14],[90.07,81.21],[89.98,81.11],[91.22,81.06],[91.57,81.14]]]},"properties":{"scalerank":0,"featurecla":"Land","min_zoom":3}},
{"type":"Feature","geometry":{"type":"Polygon","coordinates":[[[107.7,78.13],[107.51,78.19],[106.58,78.17],[107,78.1],[107.7,78.13]]]},"properties":{"scalerank":0,"featurecla":"Land","min_zoom":3}},
{"type":"Feature","geometry":{"type":"Polygon","coordinates":[[[106.27,78.21],[106.5,78.26],[106.72,78.26],[106.64,78.34],[106.46,78.34],[106.27,78.21]]]},"properties":{"scalerank":0,"featurecla":"Land","min_zoom":3}},
{"type":"Feature","geometry":{"type":"Polygon","coordinates":[[[107.41,77.24],[107.68,77.27],[107.59,77.33],[107.27,77.29],[107.41,77.24]]]},"properties":{"scalerank":0,"featurecla":"Land","min_zoom":4}},
{"type":"Feature","geometry":{"type":"Polygon","coordinates":[[[112.48,76.62],[112.01,76.63],[112.53,76.45],[112.66,76.51],[112.48,76.62]]]},"properties":{"scalerank":0,"featurecla":"Land","min_zoom":3}},
{"type":"Feature","geometry":{"type":"Polygon","coordinates":[[[120.26,73.09],[120.08,73.16],[119.64,73.12],[119.79,73.05],[120.26,73.09]]]},"properties":{"scalerank":0,"featurecla":"Land","min_zoom":3}},
{"type":"Feature","geometry":{"type":"Polygon","coordinates":[[[124.54,73.85],[124.65,73.89],[124.55,73.93],[124.37,73.87],[124.54,73.85]]]},"properties":{"scalerank":0,"featurecla":"Land","min_zoom":4}},
{"type":"Feature","geometry":{"type":"Polygon","coordinates":[[[135.95,75.41],[136.17,75.61],[135.61,75.77],[135.45,75.39],[135.95,75.41]]]},"properties":{"scalerank":0,"featurecla":"Land","min_zoom":3}},
{"type":"Feature","geometry":{"type":"Polygon","coordinates":[[[149.15,76.66],[148.72,76.75],[148.4,76.65],[149.15,76.66]]]},"properties":{"scalerank":0,"featurecla":"Land","min_zoom":3}},
{"type":"Feature","geometry":{"type":"Polygon","coordinates":[[[136.2,73.91],[136.26,73.98],[135.63,74.22],[135.4,74.2],[136.2,73.91]]]},"properties":{"scalerank":0,"featurecla":"Land","min_zoom":3}},
{"type":"Feature","geometry":{"type":"Polygon","coordinates":[[[137.96,71.51],[137.82,71.59],[137.28,71.58],[137.71,71.42],[137.96,71.51]]]},"properties":{"scalerank":0,"featurecla":"Land","min_zoom":3}},
{"type":"Feature","geometry":{"type":"Polygon","coordinates":[[[160.72,70.82],[160.57,70.92],[160.44,70.85],[160.72,70.82]]]},"properties":{"scalerank":0,"featurecla":"Land","min_zoom":4}},
{"type":"Feature","geometry":{"type":"Polygon","coordinates":[[[169.2,69.58],[169.37,69.88],[168.36,70.02],[167.79,69.84],[169.2,69.58]]]},"properties":{"scalerank":0,"featurecla":"Land","min_zoom":2}},
{"type":"Feature","geometry":{"type":"Polygon","coordinates":[[[163.64,58.6],[164.62,58.89],[163.76,59.02],[163.64,58.6]]]},"properties":{"scalerank":0,"featurecla":"Land","min_zoom":2}},
{"type":"Feature","geometry":{"type":"Polygon","coordinates":[[[168.04,54.56],[167.88,54.69],[167.71,54.77],[167.68,54.7],[168.04,54.56]]]},"properties":{"scalerank":0,"featurecla":"Land","min_zoom":3}},
{"type":"Feature","geometry":{"type":"Polygon","coordinates":[[[166.65,54.84],[166.25,55.17],[165.99,55.19],[166.32,54.86],[166.65,54.84]]]},"properties":{"scalerank":0,"featurecla":"Land","min_zoom":2}},
{"type":"Feature","geometry":{"type":"Polygon","coordinates":[[[156.41,50.66],[156.38,50.86],[156.17,50.73],[156.41,50.66]]]},"properties":{"scalerank":0,"featurecla":"Land","min_zoom":3}},
{"type":"Feature","geometry":{"type":"Polygon","coordinates":[[[155.92,50.3],[155.22,50.3],[155.24,50.09],[155.92,50.3]]]},"properties":{"scalerank":0,"featurecla":"Land","min_zoom":2}},
{"type":"Feature","geometry":{"type":"Polygon","coordinates":[[[154.08,48.79],[154.2,48.86],[154.13,48.9],[154.08,48.79]]]},"properties":{"scalerank":0,"featurecla":"Land","min_zoom":3}},
{"type":"Feature","geometry":{"type":"Polygon","coordinates":[[[155.64,50.82],[155.64,50.91],[155.47,50.91],[155.55,50.81],[155.64,50.82]]]},"properties":{"scalerank":0,"featurecla":"Land","min_zoom":3}},
{"type":"Feature","geometry":{"type":"Polygon","coordinates":[[[153.1,47.76],[153.05,47.8],[152.98,47.73],[153.05,47.71],[153.1,47.76]]]},"properties":{"scalerank":0,"featurecla":"Land","min_zoom":4}},
{"type":"Feature","geometry":{"type":"Polygon","coordinates":[[[152,46.9],[152.29,47.14],[152.17,47.11],[151.86,46.87],[152,46.9]]]},"properties":{"scalerank":0,"featurecla":"Land","min_zoom":3}},
{"type":"Feature","geometry":{"type":"Polygon","coordinates":[[[149.69,45.64],[150.2,45.93],[150.35,46.21],[149.67,45.84],[149.69,45.64]]]},"properties":{"scalerank":0,"featurecla":"Land","min_zoom":2}},
{"type":"Feature","geometry":{"type":"Polygon","coordinates":[[[148.6,45.32],[147.77,45.19],[147.91,44.99],[148.6,45.32]]]},"properties":{"scalerank":0,"featurecla":"Land","min_zoom":2}},
{"type":"Feature","geometry":{"type":"Polygon","coordinates":[[[150.59,59.02],[150.73,59.1],[150.59,59.1],[150.47,59.05],[150.59,59.02]]]},"properties":{"scalerank":0,"featurecla":"Land","min_zoom":3}},
{"type":"Feature","geometry":{"type":"Polygon","coordinates":[[[137.94,55.09],[137.44,55.02],[137.66,54.65],[137.99,54.82],[137.94,55.09]]]},"properties":{"scalerank":0,"featurecla":"Land","min_zoom":2}},
{"type":"Feature","geometry":{"type":"Polygon","coordinates":[[[137.18,55.1],[136.8,55.01],[137.06,54.93],[137.18,55.1]]]},"properties":{"scalerank":0,"featurecla":"Land","min_zoom":3}},
{"type":"Feature","geometry":{"type":"Polygon","coordinates":[[[146.71,43.74],[146.9,43.8],[146.82,43.86],[146.62,43.81],[146.71,43.74]]]},"properties":{"scalerank":0,"featurecla":"Land","min_zoom":3}},
{"type":"Feature","geometry":{"type":"Polygon","coordinates":[[[146.21,44.5],[146.11,44.5],[145.67,44],[145.77,43.94],[146.11,44.25],[146.21,44.5]]]},"properties":{"scalerank":0,"featurecla":"Land","min_zoom":0}},
{"type":"Feature","geometry":{"type":"Polygon","coordinates":[[[124.29,24.52],[124.08,24.44],[124.23,24.36],[124.29,24.52]]]},"properties":{"scalerank":0,"featurecla":"Land","min_zoom":3}},
{"type":"Feature","geometry":{"type":"Polygon","coordinates":[[[123.89,24.28],[123.77,24.41],[123.68,24.29],[123.89,24.28]]]},"properties":{"scalerank":0,"featurecla":"Land","min_zoom":3}},
{"type":"Feature","geometry":{"type":"Polygon","coordinates":[[[125.44,24.74],[125.33,24.8],[125.27,24.73],[125.36,24.72],[125.44,24.74]]]},"properties":{"scalerank":0,"featurecla":"Land","min_zoom":3}},
{"type":"Feature","geometry":{"type":"Polygon","coordinates":[[[128.26,26.65],[128.22,26.8],[127.93,26.56],[128.13,26.55],[128.26,26.65]]]},"properties":{"scalerank":0,"featurecla":"Land","min_zoom":2}},
{"type":"Feature","geometry":{"type":"Polygon","coordinates":[[[129,27.72],[128.95,27.91],[128.88,27.84],[128.9,27.73],[129,27.72]]]},"properties":{"scalerank":0,"featurecla":"Land","min_zoom":3}},
{"type":"Feature","geometry":{"type":"Polygon","coordinates":[[[129.45,28.21],[129.64,28.41],[129.32,28.36],[129.45,28.21]]]},"properties":{"scalerank":0,"featurecla":"Land","min_zoom":2}},
{"type":"Feature","geometry":{"type":"Polygon","coordinates":[[[129.32,28.1],[129.26,28.18],[129.23,28.1],[129.32,28.1]]]},"properties":{"scalerank":0,"featurecla":"Land","min_zoom":4}},
{"type":"Feature","geometry":{"type":"Polygon","coordinates":[[[130.62,30.26],[130.67,30.37],[130.5,30.47],[130.45,30.26],[130.62,30.26]]]},"properties":{"scalerank":0,"featurecla":"Land","min_zoom":3}},
{"type":"Feature","geometry":{"type":"Polygon","coordinates":[[[130.96,30.4],[131.06,30.64],[130.94,30.58],[130.87,30.44],[130.96,30.4]]]},"properties":{"scalerank":0,"featurecla":"Land","min_zoom":3}},
{"type":"Feature","geometry":{"type":"Polygon","coordinates":[[[128.67,32.78],[128.66,32.63],[128.89,32.65],[128.84,32.76],[128.67,32.78]]]},"properties":{"scalerank":0,"featurecla":"Land","min_zoom":3}},
{"type":"Feature","geometry":{"type":"Polygon","coordinates":[[[130.08,32.23],[130.2,32.34],[130.17,32.54],[130.01,32.52],[129.98,32.35],[130.08,32.23]]]},"properties":{"scalerank":0,"featurecla":"Land","min_zoom":3}},
{"type":"Feature","geometry":{"type":"Polygon","coordinates":[[[130.38,32.42],[130.37,32.53],[130.24,32.46],[130.38,32.42]]]},"properties":{"scalerank":0,"featurecla":"Land","min_zoom":3}},
{"type":"Feature","geometry":{"type":"Polygon","coordinates":[[[133.37,36.2],[133.3,36.34],[133.21,36.29],[133.24,36.18],[133.37,36.2]]]},"properties":{"scalerank":0,"featurecla":"Land","min_zoom":3}},
{"type":"Feature","geometry":{"type":"Polygon","coordinates":[[[138.34,37.82],[138.5,37.9],[138.46,38.29],[138.25,38.08],[138.34,37.82]]]},"properties":{"scalerank":0,"featurecla":"Land","min_zoom":2}},
{"type":"Feature","geometry":{"type":"Polygon","coordinates":[[[139.48,42.08],[139.56,42.24],[139.43,42.2],[139.48,42.08]]]},"properties":{"scalerank":0,"featurecla":"Land","min_zoom":3}},
{"type":"Feature","geometry":{"type":"Polygon","coordinates":[[[141.07,45.33],[141.06,45.45],[140.97,45.47],[140.98,45.36],[141.07,45.33]]]},"properties":{"scalerank":0,"featurecla":"Land","min_zoom":3}},
{"type":"Feature","geometry":{"type":"Polygon","coordinates":[[[141.3,45.12],[141.25,45.23],[141.15,45.15],[141.3,45.12]]]},"properties":{"scalerank":0,"featurecla":"Land","min_zoom":3}},
{"type":"Feature","geometry":{"type":"Polygon","coordinates":[[[139.84,33.06],[139.87,33.09],[139.81,33.13],[139.78,33.08],[139.84,33.06]]]},"properties":{"scalerank":0,"featurecla":"Land","min_zoom":4}},
{"type":"Feature","geometry":{"type":"Polygon","coordinates":[[[139.46,34.73],[139.43,34.78],[139.37,34.78],[139.37,34.72],[139.46,34.73]]]},"properties":{"scalerank":0,"featurecla":"Land","min_zoom":4}},
{"type":"Feature","geometry":{"type":"Polygon","coordinates":[[[134.93,34.29],[134.83,34.47],[134.67,34.29],[134.93,34.29]]]},"properties":{"scalerank":0,"featurecla":"Land","min_zoom":3}},
{"type":"Feature","geometry":{"type":"Polygon","coordinates":[[[129.08,32.84],[129.15,33],[129.11,33.13],[129.02,32.92],[129.08,32.84]]]},"properties":{"scalerank":0,"featurecla":"Land","min_zoom":3}},
{"type":"Feature","geometry":{"type":"Polygon","coordinates":[[[129.49,33.22],[129.51,33.28],[129.46,33.33],[129.42,33.23],[129.49,33.22]]]},"properties":{"scalerank":0,"featurecla":"Land","min_zoom":3}},
{"type":"Feature","geometry":{"type":"Polygon","coordinates":[[[129.8,33.75],[129.72,33.86],[129.67,33.74],[129.8,33.75]]]},"properties":{"scalerank":0,"featurecla":"Land","min_zoom":3}},
{"type":"Feature","geometry":{"type":"Polygon","coordinates":[[[129.28,34.12],[129.34,34.28],[129.21,34.32],[129.19,34.15],[129.28,34.12]]]},"properties":{"scalerank":0,"featurecla":"Land","min_zoom":3}},
{"type":"Feature","geometry":{"type":"Polygon","coordinates":[[[129.39,34.35],[129.48,34.54],[129.33,34.61],[129.27,34.37],[129.39,34.35]]]},"properties":{"scalerank":0,"featurecla":"Land","min_zoom":3}},
{"type":"Feature","geometry":{"type":"Polygon","coordinates":[[[132.58,34.12],[132.52,34.16],[132.46,34.09],[132.55,34.08],[132.58,34.12]]]},"properties":{"scalerank":0,"featurecla":"Land","min_zoom":4}},
{"type":"Feature","geometry":{"type":"Polygon","coordinates":[[[132.27,33.95],[132.21,33.87],[132.36,33.85],[132.27,33.95]]]},"properties":{"scalerank":0,"featurecla":"Land","min_zoom":3}},
{"type":"Feature","geometry":{"type":"Polygon","coordinates":[[[118.41,24.52],[118.3,24.44],[118.43,24.41],[118.41,24.52]]]},"properties":{"scalerank":0,"featurecla":"Land","min_zoom":3}},
{"type":"Feature","geometry":{"type":"Polygon","coordinates":[[[118.18,24.5],[118.1,24.55],[118.09,24.45],[118.18,24.5]]]},"properties":{"scalerank":0,"featurecla":"Land","min_zoom":4}},
{"type":"Feature","geometry":{"type":"Polygon","coordinates":[[[128.74,34.8],[128.72,35.01],[128.49,34.87],[128.74,34.8]]]},"properties":{"scalerank":0,"featurecla":"Land","min_zoom":3}},
{"type":"Feature","geometry":{"type":"Polygon","coordinates":[[[128.07,34.81],[127.92,34.92],[127.87,34.73],[128.07,34.81]]]},"properties":{"scalerank":0,"featurecla":"Land","min_zoom":3}},
{"type":"Feature","geometry":{"type":"Polygon","coordinates":[[[127.8,34.62],[127.79,34.68],[127.74,34.63],[127.8,34.62]]]},"properties":{"scalerank":0,"featurecla":"Land","min_zoom":4}},
{"type":"Feature","geometry":{"type":"Polygon","coordinates":[[[126.33,33.22],[126.87,33.34],[126.7,33.55],[126.34,33.46],[126.33,33.22]]]},"properties":{"scalerank":0,"featurecla":"Land","min_zoom":2}},
{"type":"Feature","geometry":{"type":"Polygon","coordinates":[[[126.23,34.37],[126.38,34.5],[126.25,34.56],[126.12,34.44],[126.23,34.37]]]},"properties":{"scalerank":0,"featurecla":"Land","min_zoom":3}},
{"type":"Feature","geometry":{"type":"Polygon","coordinates":[[[126.52,37.74],[126.37,37.77],[126.42,37.62],[126.52,37.74]]]},"properties":{"scalerank":0,"featurecla":"Land","min_zoom":3}},
{"type":"Feature","geometry":{"type":"Polygon","coordinates":[[[121.86,31.49],[121.58,31.64],[121.46,31.76],[121.34,31.64],[121.78,31.46],[121.86,31.49]]]},"properties":{"scalerank":0,"featurecla":"Land","min_zoom":2}},
{"type":"Feature","geometry":{"type":"Polygon","coordinates":[[[122.3,29.96],[122.11,30.14],[122.02,30.01],[122.3,29.96]]]},"properties":{"scalerank":0,"featurecla":"Land","min_zoom":3}},
{"type":"Feature","geometry":{"type":"Polygon","coordinates":[[[122.17,29.68],[122.12,29.78],[122.08,29.73],[122.17,29.68]]]},"properties":{"scalerank":0,"featurecla":"Land","min_zoom":4}},
{"type":"Feature","geometry":{"type":"Polygon","coordinates":[[[122.4,29.89],[122.4,29.95],[122.33,29.93],[122.37,29.85],[122.4,29.89]]]},"properties":{"scalerank":0,"featurecla":"Land","min_zoom":4}},
{"type":"Feature","geometry":{"type":"Polygon","coordinates":[[[119.82,25.46],[119.83,25.61],[119.72,25.64],[119.7,25.43],[119.82,25.46]]]},"properties":{"scalerank":0,"featurecla":"Land","min_zoom":3}},
{"type":"Feature","geometry":{"type":"Polygon","coordinates":[[[110.39,21.09],[110.42,21.01],[110.5,20.97],[110.52,21.08],[110.39,21.09]]]},"properties":{"scalerank":0,"featurecla":"Land","min_zoom":3}},
{"type":"Feature","geometry":{"type":"Polygon","coordinates":[[[107.6,21.22],[107.48,21.27],[107.46,21.09],[107.6,21.22]]]},"properties":{"scalerank":0,"featurecla":"Land","min_zoom":3}},
{"type":"Feature","geometry":{"type":"Polygon","coordinates":[[[107.52,20.93],[107.55,20.98],[107.52,21.01],[107.48,20.95],[107.52,20.93]]]},"properties":{"scalerank":0,"featurecla":"Land","min_zoom":4}},
{"type":"Feature","geometry":{"type":"Polygon","coordinates":[[[107.03,20.75],[107.04,20.84],[106.95,20.87],[106.91,20.82],[107.03,20.75]]]},"properties":{"scalerank":0,"featurecla":"Land","min_zoom":3}},
{"type":"Feature","geometry":{"type":"Polygon","coordinates":[[[106.87,20.82],[106.8,20.93],[106.77,20.86],[106.87,20.82]]]},"properties":{"scalerank":0,"featurecla":"Land","min_zoom":4}},
{"type":"Feature","geometry":{"type":"Polygon","coordinates":[[[106.62,8.68],[106.65,8.7],[106.66,8.77],[106.57,8.7],[106.62,8.68]]]},"properties":{"scalerank":0,"featurecla":"Land","min_zoom":4}},
{"type":"Feature","geometry":{"type":"Polygon","coordinates":[[[104.06,10.39],[103.87,10.34],[104.08,10.22],[104.06,10.39]]]},"properties":{"scalerank":0,"featurecla":"Land","min_zoom":3}},
{"type":"Feature","geometry":{"type":"Polygon","coordinates":[[[103.05,11.29],[103.04,11.39],[103.01,11.38],[102.99,11.29],[103.05,11.29]]]},"properties":{"scalerank":0,"featurecla":"Land","min_zoom":4}},
{"type":"Feature","geometry":{"type":"Polygon","coordinates":[[[102.61,11.68],[102.53,11.61],[102.59,11.57],[102.61,11.68]]]},"properties":{"scalerank":0,"featurecla":"Land","min_zoom":4}},
{"type":"Feature","geometry":{"type":"Polygon","coordinates":[[[102.43,11.99],[102.32,12.14],[102.3,11.98],[102.43,11.99]]]},"properties":{"scalerank":0,"featurecla":"Land","min_zoom":3}},
{"type":"Feature","geometry":{"type":"Polygon","coordinates":[[[103.97,1.33],[103.82,1.45],[103.65,1.33],[103.82,1.27],[103.97,1.33]]]},"properties":{"scalerank":0,"featurecla":"Land","min_zoom":2}},
{"type":"Feature","geometry":{"type":"Polygon","coordinates":[[[104.22,2.73],[104.18,2.87],[104.13,2.77],[104.22,2.73]]]},"properties":{"scalerank":0,"featurecla":"Land","min_zoom":3}},
{"type":"Feature","geometry":{"type":"Polygon","coordinates":[[[100.29,5.29],[100.34,5.41],[100.2,5.45],[100.19,5.28],[100.29,5.29]]]},"properties":{"scalerank":0,"featurecla":"Land","min_zoom":3}},
{"type":"Feature","geometry":{"type":"Polygon","coordinates":[[[99.85,6.47],[99.75,6.41],[99.74,6.26],[99.92,6.36],[99.85,6.47]]]},"properties":{"scalerank":0,"featurecla":"Land","min_zoom":3}},
{"type":"Feature","geometry":{"type":"Polygon","coordinates":[[[99.66,6.52],[99.7,6.57],[99.65,6.71],[99.61,6.6],[99.66,6.52]]]},"properties":{"scalerank":0,"featurecla":"Land","min_zoom":3}},
{"type":"Feature","geometry":{"type":"Polygon","coordinates":[[[100.07,9.7],[100.04,9.79],[99.98,9.79],[100.03,9.71],[100.07,9.7]]]},"properties":{"scalerank":0,"featurecla":"Land","min_zoom":4}},
{"type":"Feature","geometry":{"type":"Polygon","coordinates":[[[100.07,9.59],[99.95,9.58],[99.93,9.48],[100.05,9.46],[100.07,9.59]]]},"properties":{"scalerank":0,"featurecla":"Land","min_zoom":3}},
{"type":"Feature","geometry":{"type":"Polygon","coordinates":[[[98.59,7.93],[98.6,8.06],[98.53,8.11],[98.59,7.93]]]},"properties":{"scalerank":0,"featurecla":"Land","min_zoom":4}},
{"type":"Feature","geometry":{"type":"Polygon","coordinates":[[[98.41,7.9],[98.43,8.09],[98.3,8.14],[98.26,7.93],[98.41,7.9]]]},"properties":{"scalerank":0,"featurecla":"Land","min_zoom":3}},
{"type":"Feature","geometry":{"type":"Polygon","coordinates":[[[98.31,9.05],[98.27,9.13],[98.25,9.04],[98.31,9.05]]]},"properties":{"scalerank":0,"featurecla":"Land","min_zoom":4}},
{"type":"Feature","geometry":{"type":"Polygon","coordinates":[[[93.89,6.83],[93.86,7.21],[93.68,7.18],[93.71,7],[93.89,6.83]]]},"properties":{"scalerank":0,"featurecla":"Land","min_zoom":2}},
{"type":"Feature","geometry":{"type":"Polygon","coordinates":[[[93.73,7.36],[93.69,7.41],[93.6,7.32],[93.64,7.26],[93.73,7.36]]]},"properties":{"scalerank":0,"featurecla":"Land","min_zoom":3}},
{"type":"Feature","geometry":{"type":"Polygon","coordinates":[[[93.14,8.25],[93.1,8.35],[93.06,8.27],[93.14,8.25]]]},"properties":{"scalerank":0,"featurecla":"Land","min_zoom":4}},
{"type":"Feature","geometry":{"type":"Polygon","coordinates":[[[93.44,7.88],[93.38,8.02],[93.31,7.96],[93.44,7.88]]]},"properties":{"scalerank":0,"featurecla":"Land","min_zoom":3}},
{"type":"Feature","geometry":{"type":"Polygon","coordinates":[[[93.54,8.06],[93.49,8.22],[93.46,8.17],[93.48,8.02],[93.54,8.06]]]},"properties":{"scalerank":0,"featurecla":"Land","min_zoom":3}},
{"type":"Feature","geometry":{"type":"Polygon","coordinates":[[[92.79,9.14],[92.79,9.24],[92.71,9.2],[92.79,9.14]]]},"properties":{"scalerank":0,"featurecla":"Land","min_zoom":4}},
{"type":"Feature","geometry":{"type":"Polygon","coordinates":[[[92.5,10.55],[92.57,10.7],[92.51,10.9],[92.35,10.75],[92.5,10.55]]]},"properties":{"scalerank":0,"featurecla":"Land","min_zoom":2}},
{"type":"Feature","geometry":{"type":"Polygon","coordinates":[[[92.69,11.38],[92.69,11.46],[92.64,11.51],[92.64,11.36],[92.69,11.38]]]},"properties":{"scalerank":0,"featurecla":"Land","min_zoom":4}},
{"type":"Feature","geometry":{"type":"Polygon","coordinates":[[[93.02,12.04],[92.96,12],[93.06,11.9],[93.02,12.04]]]},"properties":{"scalerank":0,"featurecla":"Land","min_zoom":4}},
{"type":"Feature","geometry":{"type":"Polygon","coordinates":[[[92.72,12.86],[92.73,12.95],[92.68,12.94],[92.72,12.86]]]},"properties":{"scalerank":0,"featurecla":"Land","min_zoom":4}},
{"type":"Feature","geometry":{"type":"Polygon","coordinates":[[[92.72,11.54],[92.75,11.99],[92.99,12.54],[92.89,12.94],[93.07,13.25],[92.86,13.36],[92.69,12.21],[92.53,11.87],[92.72,11.54]]]},"properties":{"scalerank":0,"featurecla":"Land","min_zoom":2}},
{"type":"Feature","geometry":{"type":"Polygon","coordinates":[[[98.54,10.96],[98.53,11.09],[98.48,10.98],[98.54,10.96]]]},"properties":{"scalerank":0,"featurecla":"Land","min_zoom":4}},
{"type":"Feature","geometry":{"type":"Polygon","coordinates":[[[98.21,10.95],[98.16,10.9],[98.29,10.78],[98.21,10.95]]]},"properties":{"scalerank":0,"featurecla":"Land","min_zoom":3}},
{"type":"Feature","geometry":{"type":"Polygon","coordinates":[[[98.18,9.93],[98.28,10.01],[98.22,10.05],[98.18,9.93]]]},"properties":{"scalerank":0,"featurecla":"Land","min_zoom":3}},
{"type":"Feature","geometry":{"type":"Polygon","coordinates":[[[98.22,11.48],[98.26,11.52],[98.31,11.72],[98.28,11.76],[98.2,11.57],[98.22,11.48]]]},"properties":{"scalerank":0,"featurecla":"Land","min_zoom":3}},
{"type":"Feature","geometry":{"type":"Polygon","coordinates":[[[98.52,11.91],[98.61,11.96],[98.45,12.06],[98.52,11.91]]]},"properties":{"scalerank":0,"featurecla":"Land","min_zoom":3}},
{"type":"Feature","geometry":{"type":"Polygon","coordinates":[[[98.08,11.69],[98.06,11.76],[98.01,11.86],[98.02,11.7],[98.08,11.69]]]},"properties":{"scalerank":0,"featurecla":"Land","min_zoom":4}},
{"type":"Feature","geometry":{"type":"Polygon","coordinates":[[[98.55,11.74],[98.38,11.79],[98.43,11.57],[98.55,11.74]]]},"properties":{"scalerank":0,"featurecla":"Land","min_zoom":3}},
{"type":"Feature","geometry":{"type":"Polygon","coordinates":[[[98.14,12.15],[98.13,12.26],[98.04,12.23],[98.14,12.15]]]},"properties":{"scalerank":0,"featurecla":"Land","min_zoom":3}},
{"type":"Feature","geometry":{"type":"Polygon","coordinates":[[[98.07,12.39],[97.94,12.35],[98,12.28],[98.07,12.39]]]},"properties":{"scalerank":0,"featurecla":"Land","min_zoom":3}},
{"type":"Feature","geometry":{"type":"Polygon","coordinates":[[[98.41,12.6],[98.33,12.51],[98.38,12.35],[98.46,12.47],[98.41,12.6]]]},"properties":{"scalerank":0,"featurecla":"Land","min_zoom":3}},
{"type":"Feature","geometry":{"type":"Polygon","coordinates":[[[98.32,13.1],[98.25,13.19],[98.26,13.01],[98.32,13.1]]]},"properties":{"scalerank":0,"featurecla":"Land","min_zoom":3}},
{"type":"Feature","geometry":{"type":"Polygon","coordinates":[[[97.58,16.25],[97.6,16.43],[97.47,16.46],[97.48,16.31],[97.58,16.25]]]},"properties":{"scalerank":0,"featurecla":"Land","min_zoom":3}},
{"type":"Feature","geometry":{"type":"Polygon","coordinates":[[[99.08,7.59],[99.04,7.55],[99.07,7.5],[99.1,7.47],[99.08,7.59]]]},"properties":{"scalerank":0,"featurecla":"Land","min_zoom":4}},
{"type":"Feature","geometry":{"type":"Polygon","coordinates":[[[94.8,15.82],[94.84,15.89],[94.83,15.93],[94.73,15.82],[94.8,15.82]]]},"properties":{"scalerank":0,"featurecla":"Land","min_zoom":4}},
{"type":"Feature","geometry":{"type":"Polygon","coordinates":[[[94.48,15.95],[94.57,16.02],[94.62,16.14],[94.39,15.99],[94.48,15.95]]]},"properties":{"scalerank":0,"featurecla":"Land","min_zoom":3}},
{"type":"Feature","geometry":{"type":"Polygon","coordinates":[[[93.69,18.68],[93.74,18.87],[93.49,18.87],[93.69,18.68]]]},"properties":{"scalerank":0,"featurecla":"Land","min_zoom":3}},
{"type":"Feature","geometry":{"type":"Polygon","coordinates":[[[93.49,19.89],[93.41,19.95],[93.44,19.81],[93.49,19.89]]]},"properties":{"scalerank":0,"featurecla":"Land","min_zoom":3}},
{"type":"Feature","geometry":{"type":"Polygon","coordinates":[[[93.01,19.92],[92.96,20.05],[92.91,20],[93.01,19.92]]]},"properties":{"scalerank":0,"featurecla":"Land","min_zoom":3}},
{"type":"Feature","geometry":{"type":"Polygon","coordinates":[[[93.71,19.56],[93.76,19.33],[93.95,19.43],[93.71,19.56]]]},"properties":{"scalerank":0,"featurecla":"Land","min_zoom":3}},
{"type":"Feature","geometry":{"type":"Polygon","coordinates":[[[91.87,21.83],[91.88,21.88],[91.84,21.89],[91.82,21.81],[91.87,21.83]]]},"properties":{"scalerank":0,"featurecla":"Land","min_zoom":4}},
{"type":"Feature","geometry":{"type":"Polygon","coordinates":[[[91.95,21.51],[91.93,21.72],[91.86,21.71],[91.95,21.51]]]},"properties":{"scalerank":0,"featurecla":"Land","min_zoom":3}},
{"type":"Feature","geometry":{"type":"Polygon","coordinates":[[[91.15,22.18],[91.18,22.28],[91.08,22.52],[91.04,22.11],[91.15,22.18]]]},"properties":{"scalerank":0,"featurecla":"Land","min_zoom":3}},
{"type":"Feature","geometry":{"type":"Polygon","coordinates":[[[91.56,22.38],[91.48,22.58],[91.41,22.48],[91.56,22.38]]]},"properties":{"scalerank":0,"featurecla":"Land","min_zoom":3}},
{"type":"Feature","geometry":{"type":"Polygon","coordinates":[[[90.64,22.96],[90.58,23.04],[90.54,23.01],[90.6,22.95],[90.64,22.96]]]},"properties":{"scalerank":0,"featurecla":"Land","min_zoom":4}},
{"type":"Feature","geometry":{"type":"Polygon","coordinates":[[[90.78,22.09],[90.68,22.33],[90.52,22.07],[90.78,22.09]]]},"properties":{"scalerank":0,"featurecla":"Land","min_zoom":0}},
{"type":"Feature","geometry":{"type":"Polygon","coordinates":[[[79.97,9.63],[79.91,9.68],[79.89,9.74],[79.85,9.71],[79.91,9.62],[79.97,9.63]]]},"properties":{"scalerank":0,"featurecla":"Land","min_zoom":4}},
{"type":"Feature","geometry":{"type":"Polygon","coordinates":[[[79.87,9.05],[79.77,9.07],[79.9,8.98],[79.87,9.05]]]},"properties":{"scalerank":0,"featurecla":"Land","min_zoom":4}},
{"type":"Feature","geometry":{"type":"Polygon","coordinates":[[[-8.95,70.84],[-8.64,70.94],[-8,71.04],[-8.34,71.14],[-8.52,71.03],[-8.96,70.92],[-8.95,70.84]]]},"properties":{"scalerank":0,"featurecla":"Land","min_zoom":3}},
{"type":"Feature","geometry":{"type":"Polygon","coordinates":[[[-155.58,19.01],[-154.8,19.52],[-155.2,19.99],[-155.83,20.28],[-156.05,19.75],[-155.88,19.07],[-155.58,19.01]]]},"properties":{"scalerank":0,"featurecla":"Land","min_zoom":0.5}},
{"type":"Feature","geometry":{"type":"Polygon","coordinates":[[[-157.21,21.22],[-157.29,21.11],[-156.86,21.06],[-156.74,21.16],[-157.21,21.22]]]},"properties":{"scalerank":0,"featurecla":"Land","min_zoom":1.5}},
{"type":"Feature","geometry":{"type":"Polygon","coordinates":[[[-156.49,20.93],[-156.44,20.62],[-156.11,20.64],[-156.28,20.95],[-156.49,20.93]]]},"properties":{"scalerank":0,"featurecla":"Land","min_zoom":1.5}},
{"type":"Feature","geometry":{"type":"Polygon","coordinates":[[[-160.18,21.84],[-160.08,21.91],[-160.1,22.02],[-160.22,21.9],[-160.18,21.84]]]},"properties":{"scalerank":0,"featurecla":"Land","min_zoom":3}},
{"type":"Feature","geometry":{"type":"Polygon","coordinates":[[[-157.8,21.46],[-157.96,21.7],[-158.27,21.59],[-158.11,21.32],[-157.8,21.46]]]},"properties":{"scalerank":0,"featurecla":"Land","min_zoom":1}},
{"type":"Feature","geometry":{"type":"Polygon","coordinates":[[[-159.37,21.93],[-159.35,22.22],[-159.58,22.22],[-159.79,22.04],[-159.37,21.93]]]},"properties":{"scalerank":0,"featurecla":"Land","min_zoom":1.5}},
{"type":"Feature","geometry":{"type":"Polygon","coordinates":[[[-156.85,20.77],[-156.94,20.93],[-157.05,20.91],[-156.97,20.76],[-156.85,20.77]]]},"properties":{"scalerank":0,"featurecla":"Land","min_zoom":3}},
{"type":"Feature","geometry":{"type":"Polygon","coordinates":[[[179.45,51.37],[179.18,51.47],[178.91,51.62],[178.93,51.54],[179.28,51.37],[179.45,51.37]]]},"properties":{"scalerank":0,"featurecla":"Land","min_zoom":3}},
{"type":"Feature","geometry":{"type":"Polygon","coordinates":[[[179.73,51.91],[179.63,52.03],[179.5,51.98],[179.55,51.89],[179.73,51.91]]]},"properties":{"scalerank":0,"featurecla":"Land","min_zoom":3}},
{"type":"Feature","geometry":{"type":"Polygon","coordinates":[[[177.42,51.88],[177.59,51.95],[177.52,52.02],[177.25,51.9],[177.42,51.88]]]},"properties":{"scalerank":0,"featurecla":"Land","min_zoom":3}},
{"type":"Feature","geometry":{"type":"Polygon","coordinates":[[[173.72,52.36],[173.66,52.5],[173.4,52.4],[173.72,52.36]]]},"properties":{"scalerank":0,"featurecla":"Land","min_zoom":3}},
{"type":"Feature","geometry":{"type":"Polygon","coordinates":[[[172.81,53.01],[172.94,52.75],[173.44,52.85],[172.81,53.01]]]},"properties":{"scalerank":0,"featurecla":"Land","min_zoom":2}},
{"type":"Feature","geometry":{"type":"Polygon","coordinates":[[[-172.74,60.46],[-172.86,60.51],[-173.07,60.49],[-172.64,60.33],[-172.53,60.39],[-172.74,60.46]]]},"properties":{"scalerank":0,"featurecla":"Land","min_zoom":3}},
{"type":"Feature","geometry":{"type":"Polygon","coordinates":[[[-170.16,57.18],[-170.12,57.24],[-170.39,57.2],[-170.26,57.14],[-170.16,57.18]]]},"properties":{"scalerank":0,"featurecla":"Land","min_zoom":3}},
{"type":"Feature","geometry":{"type":"Polygon","coordinates":[[[-160.33,55.34],[-160.48,55.31],[-160.34,55.26],[-160.33,55.34]]]},"properties":{"scalerank":0,"featurecla":"Land","min_zoom":4}},
{"type":"Feature","geometry":{"type":"Polygon","coordinates":[[[-160.68,55.31],[-160.83,55.17],[-160.49,55.18],[-160.68,55.31]]]},"properties":{"scalerank":0,"featurecla":"Land","min_zoom":3}},
{"type":"Feature","geometry":{"type":"Polygon","coordinates":[[[-162.3,54.85],[-162.23,54.93],[-162.29,54.98],[-162.43,54.93],[-162.3,54.85]]]},"properties":{"scalerank":0,"featurecla":"Land","min_zoom":3}},
{"type":"Feature","geometry":{"type":"Polygon","coordinates":[[[-162.55,54.4],[-162.65,54.46],[-162.81,54.44],[-162.64,54.38],[-162.55,54.4]]]},"properties":{"scalerank":0,"featurecla":"Land","min_zoom":3}},
{"type":"Feature","geometry":{"type":"Polygon","coordinates":[[[-159.36,54.97],[-159.39,55.04],[-159.46,55.03],[-159.42,54.98],[-159.36,54.97]]]},"properties":{"scalerank":0,"featurecla":"Land","min_zoom":4}},
{"type":"Feature","geometry":{"type":"Polygon","coordinates":[[[-159.87,55.13],[-159.9,55.22],[-160.17,55.12],[-160.04,55.04],[-159.87,55.13]]]},"properties":{"scalerank":0,"featurecla":"Land","min_zoom":3}},
{"type":"Feature","geometry":{"type":"Polygon","coordinates":[[[-159.52,55.15],[-159.6,55.13],[-159.65,55.07],[-159.52,55.07],[-159.52,55.15]]]},"properties":{"scalerank":0,"featurecla":"Land","min_zoom":4}},
{"type":"Feature","geometry":{"type":"Polygon","coordinates":[[[-169.69,52.85],[-169.75,52.88],[-169.98,52.85],[-169.72,52.79],[-169.69,52.85]]]},"properties":{"scalerank":0,"featurecla":"Land","min_zoom":3}},
{"type":"Feature","geometry":{"type":"Polygon","coordinates":[[[-170.73,52.58],[-170.59,52.64],[-170.68,52.7],[-170.73,52.58]]]},"properties":{"scalerank":0,"featurecla":"Land","min_zoom":3}},
{"type":"Feature","geometry":{"type":"Polygon","coordinates":[[[-165.84,54.07],[-165.89,54.21],[-166.09,54.17],[-166.04,54.05],[-165.84,54.07]]]},"properties":{"scalerank":0,"featurecla":"Land","min_zoom":3}},
{"type":"Feature","geometry":{"type":"Polygon","coordinates":[[[-165.56,54.14],[-165.47,54.18],[-165.55,54.28],[-165.65,54.25],[-165.56,54.14]]]},"properties":{"scalerank":0,"featurecla":"Land","min_zoom":3}},
{"type":"Feature","geometry":{"type":"Polygon","coordinates":[[[-167.96,53.35],[-168.29,53.5],[-168.44,53.26],[-167.96,53.35]]]},"properties":{"scalerank":0,"featurecla":"Land","min_zoom":2}},
{"type":"Feature","geometry":{"type":"Polygon","coordinates":[[[-166.62,53.9],[-166.98,53.96],[-167.14,53.53],[-166.44,53.65],[-166.62,53.9]]]},"properties":{"scalerank":0,"featurecla":"Land","min_zoom":2}},
{"type":"Feature","geometry":{"type":"Polygon","coordinates":[[[-166.21,53.72],[-166.1,53.83],[-166.19,53.82],[-166.25,53.77],[-166.21,53.72]]]},"properties":{"scalerank":0,"featurecla":"Land","min_zoom":4}},
{"type":"Feature","geometry":{"type":"Polygon","coordinates":[[[-172.46,52.27],[-172.31,52.33],[-172.47,52.39],[-172.46,52.27]]]},"properties":{"scalerank":0,"featurecla":"Land","min_zoom":3}},
{"type":"Feature","geometry":{"type":"Polygon","coordinates":[[[-173.55,52.14],[-173.67,52.06],[-173.46,52.04],[-173.55,52.14]]]},"properties":{"scalerank":0,"featurecla":"Land","min_zoom":3}},
{"type":"Feature","geometry":{"type":"Polygon","coordinates":[[[-174.68,52.04],[-174.12,52.14],[-174.02,52.33],[-174.68,52.04]]]},"properties":{"scalerank":0,"featurecla":"Land","min_zoom":2}},
{"type":"Feature","geometry":{"type":"Polygon","coordinates":[[[-176.01,51.81],[-176.19,51.89],[-176.2,51.83],[-176.09,51.79],[-176.01,51.81]]]},"properties":{"scalerank":0,"featurecla":"Land","min_zoom":4}},
{"type":"Feature","geometry":{"type":"Polygon","coordinates":[[[-176.29,51.79],[-176.41,51.84],[-176.4,51.76],[-176.29,51.79]]]},"properties":{"scalerank":0,"featurecla":"Land","min_zoom":4}},
{"type":"Feature","geometry":{"type":"Polygon","coordinates":[[[-176.59,51.87],[-176.87,51.79],[-176.77,51.63],[-176.44,51.75],[-176.59,51.87]]]},"properties":{"scalerank":0,"featurecla":"Land","min_zoom":2}},
{"type":"Feature","geometry":{"type":"Polygon","coordinates":[[[-176.02,52],[-176.03,52.08],[-176.16,52.1],[-176.14,52],[-176.02,52]]]},"properties":{"scalerank":0,"featurecla":"Land","min_zoom":3}},
{"type":"Feature","geometry":{"type":"Polygon","coordinates":[[[-177.15,51.72],[-177.21,51.84],[-177.58,51.69],[-177.15,51.72]]]},"properties":{"scalerank":0,"featurecla":"Land","min_zoom":3}},
{"type":"Feature","geometry":{"type":"Polygon","coordinates":[[[-177.88,51.65],[-177.77,51.78],[-177.95,51.92],[-178.19,51.88],[-177.88,51.65]]]},"properties":{"scalerank":0,"featurecla":"Land","min_zoom":3}},
{"type":"Feature","geometry":{"type":"Polygon","coordinates":[[[73.71,-53.14],[73.59,-53.03],[73.34,-53.03],[73.47,-53.18],[73.71,-53.14]]]},"properties":{"scalerank":0,"featurecla":"Land","min_zoom":3}},
{"type":"Feature","geometry":{"type":"Polygon","coordinates":[[[69.28,-49.06],[69.37,-48.89],[69.15,-48.92],[69.28,-49.06]]]},"properties":{"scalerank":0,"featurecla":"Land","min_zoom":3}},
{"type":"Feature","geometry":{"type":"Polygon","coordinates":[[[51.83,-46.44],[51.74,-46.33],[51.7,-46.43],[51.83,-46.44]]]},"properties":{"scalerank":0,"featurecla":"Land","min_zoom":3}},
{"type":"Feature","geometry":{"type":"Polygon","coordinates":[[[37.86,-46.94],[37.68,-46.82],[37.61,-46.95],[37.86,-46.94]]]},"properties":{"scalerank":0,"featurecla":"Land","min_zoom":3}},
{"type":"Feature","geometry":{"type":"Polygon","coordinates":[[[27.84,35.93],[28.14,36.21],[27.91,36.35],[27.72,36.17],[27.84,35.93]]]},"properties":{"scalerank":0,"featurecla":"Land","min_zoom":2}},
{"type":"Feature","geometry":{"type":"Polygon","coordinates":[[[27.18,35.47],[27.16,35.63],[27.07,35.6],[27.18,35.47]]]},"properties":{"scalerank":0,"featurecla":"Land","min_zoom":3}},
{"type":"Feature","geometry":{"type":"Polygon","coordinates":[[[27.86,36.55],[27.86,36.64],[27.79,36.61],[27.86,36.55]]]},"properties":{"scalerank":0,"featurecla":"Land","min_zoom":4}},
{"type":"Feature","geometry":{"type":"Polygon","coordinates":[[[27.02,36.96],[27.04,37],[26.97,37.05],[26.92,36.95],[27.02,36.96]]]},"properties":{"scalerank":0,"featurecla":"Land","min_zoom":4}},
{"type":"Feature","geometry":{"type":"Polygon","coordinates":[[[26.95,36.73],[27.15,36.78],[27.06,36.84],[26.95,36.73]]]},"properties":{"scalerank":0,"featurecla":"Land","min_zoom":3}},
{"type":"Feature","geometry":{"type":"Polygon","coordinates":[[[25.55,36.97],[25.59,37.15],[25.36,37.07],[25.55,36.97]]]},"properties":{"scalerank":0,"featurecla":"Land","min_zoom":3}},
{"type":"Feature","geometry":{"type":"Polygon","coordinates":[[[25.28,37.07],[25.24,37.15],[25.11,37.03],[25.2,36.99],[25.28,37.07]]]},"properties":{"scalerank":0,"featurecla":"Land","min_zoom":3}},
{"type":"Feature","geometry":{"type":"Polygon","coordinates":[[[25.48,36.39],[25.47,36.44],[25.37,36.36],[25.44,36.34],[25.48,36.39]]]},"properties":{"scalerank":0,"featurecla":"Land","min_zoom":4}},
{"type":"Feature","geometry":{"type":"Polygon","coordinates":[[[25.38,36.67],[25.41,36.72],[25.3,36.79],[25.26,36.76],[25.38,36.67]]]},"properties":{"scalerank":0,"featurecla":"Land","min_zoom":4}},
{"type":"Feature","geometry":{"type":"Polygon","coordinates":[[[26.82,37.81],[26.84,37.64],[27.04,37.77],[26.82,37.81]]]},"properties":{"scalerank":0,"featurecla":"Land","min_zoom":3}},
{"type":"Feature","geometry":{"type":"Polygon","coordinates":[[[26.03,37.53],[26.2,37.57],[26.09,37.63],[26.03,37.53]]]},"properties":{"scalerank":0,"featurecla":"Land","min_zoom":3}},
{"type":"Feature","geometry":{"type":"Polygon","coordinates":[[[25.86,36.79],[25.98,36.88],[25.94,36.89],[25.85,36.85],[25.86,36.79]]]},"properties":{"scalerank":0,"featurecla":"Land","min_zoom":3}},
{"type":"Feature","geometry":{"type":"Polygon","coordinates":[[[26.46,36.59],[26.42,36.62],[26.27,36.55],[26.33,36.51],[26.46,36.59]]]},"properties":{"scalerank":0,"featurecla":"Land","min_zoom":3}},
{"type":"Feature","geometry":{"type":"Polygon","coordinates":[[[24.36,37.58],[24.4,37.65],[24.32,37.68],[24.28,37.6],[24.36,37.58]]]},"properties":{"scalerank":0,"featurecla":"Land","min_zoom":3}},
{"type":"Feature","geometry":{"type":"Polygon","coordinates":[[[24.44,37.34],[24.48,37.41],[24.43,37.48],[24.37,37.42],[24.44,37.34]]]},"properties":{"scalerank":0,"featurecla":"Land","min_zoom":4}},
{"type":"Feature","geometry":{"type":"Polygon","coordinates":[[[24.54,36.76],[24.43,36.71],[24.36,36.74],[24.33,36.66],[24.53,36.68],[24.54,36.76]]]},"properties":{"scalerank":0,"featurecla":"Land","min_zoom":3}},
{"type":"Feature","geometry":{"type":"Polygon","coordinates":[[[24.94,37.49],[24.9,37.41],[24.94,37.39],[24.94,37.49]]]},"properties":{"scalerank":0,"featurecla":"Land","min_zoom":4}},
{"type":"Feature","geometry":{"type":"Polygon","coordinates":[[[24.99,37.76],[24.96,37.9],[24.71,37.9],[24.88,37.77],[24.99,37.76]]]},"properties":{"scalerank":0,"featurecla":"Land","min_zoom":3}},
{"type":"Feature","geometry":{"type":"Polygon","coordinates":[[[25.26,37.6],[25.09,37.65],[25.16,37.55],[25.26,37.6]]]},"properties":{"scalerank":0,"featurecla":"Land","min_zoom":3}},
{"type":"Feature","geometry":{"type":"Polygon","coordinates":[[[24.72,36.92],[24.76,36.95],[24.72,37.02],[24.68,36.96],[24.72,36.92]]]},"properties":{"scalerank":0,"featurecla":"Land","min_zoom":4}},
{"type":"Feature","geometry":{"type":"Polygon","coordinates":[[[26.09,38.22],[26.15,38.47],[25.85,38.51],[26.09,38.22]]]},"properties":{"scalerank":0,"featurecla":"Land","min_zoom":2}},
{"type":"Feature","geometry":{"type":"Polygon","coordinates":[[[26.41,39.33],[25.91,39.14],[26.47,38.97],[26.41,39.33]]]},"properties":{"scalerank":0,"featurecla":"Land","min_zoom":0}},
{"type":"Feature","geometry":{"type":"Polygon","coordinates":[[[23.78,39.11],[23.59,39.21],[23.67,39.1],[23.78,39.11]]]},"properties":{"scalerank":0,"featurecla":"Land","min_zoom":4}},
{"type":"Feature","geometry":{"type":"Polygon","coordinates":[[[23.89,39.16],[23.94,39.2],[23.89,39.23],[23.89,39.16]]]},"properties":{"scalerank":0,"featurecla":"Land","min_zoom":4}},
{"type":"Feature","geometry":{"type":"Polygon","coordinates":[[[24.67,38.81],[24.58,38.88],[24.56,38.94],[24.49,38.98],[24.46,38.89],[24.67,38.81]]]},"properties":{"scalerank":0,"featurecla":"Land","min_zoom":3}},
{"type":"Feature","geometry":{"type":"Polygon","coordinates":[[[25.69,40.43],[25.57,40.52],[25.45,40.48],[25.57,40.4],[25.69,40.43]]]},"properties":{"scalerank":0,"featurecla":"Land","min_zoom":3}},
{"type":"Feature","geometry":{"type":"Polygon","coordinates":[[[25.44,39.98],[25.06,40],[25.06,39.85],[25.36,39.81],[25.44,39.98]]]},"properties":{"scalerank":0,"featurecla":"Land","min_zoom":3}},
{"type":"Feature","geometry":{"type":"Polygon","coordinates":[[[24.77,40.62],[24.62,40.79],[24.52,40.65],[24.77,40.62]]]},"properties":{"scalerank":0,"featurecla":"Land","min_zoom":3}},
{"type":"Feature","geometry":{"type":"Polygon","coordinates":[[[25.97,40.14],[25.92,40.24],[25.74,40.2],[25.74,40.11],[25.97,40.14]]]},"properties":{"scalerank":0,"featurecla":"Land","min_zoom":3}},
{"type":"Feature","geometry":{"type":"Polygon","coordinates":[[[-16.11,11.06],[-16.07,11.2],[-16.24,11.11],[-16.11,11.06]]]},"properties":{"scalerank":0,"featurecla":"Land","min_zoom":3}},
{"type":"Feature","geometry":{"type":"Polygon","coordinates":[[[-16.37,19.71],[-16.39,19.85],[-16.48,19.71],[-16.37,19.71]]]},"properties":{"scalerank":0,"featurecla":"Land","min_zoom":3}},
{"type":"Feature","geometry":{"type":"Polygon","coordinates":[[[-17.19,32.87],[-17.17,32.72],[-16.84,32.65],[-16.69,32.76],[-17.19,32.87]]]},"properties":{"scalerank":0,"featurecla":"Land","min_zoom":2}},
{"type":"Feature","geometry":{"type":"Polygon","coordinates":[[[-15.9,11.08],[-15.91,11.16],[-15.95,11.18],[-15.96,11.06],[-15.9,11.08]]]},"properties":{"scalerank":0,"featurecla":"Land","min_zoom":4}},
{"type":"Feature","geometry":{"type":"Polygon","coordinates":[[[-16.33,28.38],[-16.91,28.34],[-16.66,28.01],[-16.33,28.38]]]},"properties":{"scalerank":0,"featurecla":"Land","min_zoom":2}},
{"type":"Feature","geometry":{"type":"Polygon","coordinates":[[[-13.72,28.91],[-13.48,29.01],[-13.45,29.15],[-13.79,29.06],[-13.72,28.91]]]},"properties":{"scalerank":0,"featurecla":"Land","min_zoom":2}},
{"type":"Feature","geometry":{"type":"Polygon","coordinates":[[[-14.2,28.17],[-13.93,28.25],[-13.83,28.59],[-14,28.71],[-14.2,28.17]]]},"properties":{"scalerank":0,"featurecla":"Land","min_zoom":2}},
{"type":"Feature","geometry":{"type":"Polygon","coordinates":[[[-12.53,7.44],[-12.62,7.64],[-12.95,7.57],[-12.53,7.44]]]},"properties":{"scalerank":0,"featurecla":"Land","min_zoom":2}},
{"type":"Feature","geometry":{"type":"Polygon","coordinates":[[[-15.4,28.15],[-15.68,28.15],[-15.71,27.78],[-15.39,27.87],[-15.4,28.15]]]},"properties":{"scalerank":0,"featurecla":"Land","min_zoom":2}},
{"type":"Feature","geometry":{"type":"Polygon","coordinates":[[[-15.73,11.22],[-15.67,11.26],[-15.72,11.3],[-15.75,11.27],[-15.73,11.22]]]},"properties":{"scalerank":0,"featurecla":"Land","min_zoom":3}},
{"type":"Feature","geometry":{"type":"Polygon","coordinates":[[[-15.55,11.54],[-15.48,11.57],[-15.54,11.62],[-15.55,11.54]]]},"properties":{"scalerank":0,"featurecla":"Land","min_zoom":4}},
{"type":"Feature","geometry":{"type":"Polygon","coordinates":[[[-25.17,16.95],[-24.98,17.09],[-25.11,17.19],[-25.34,17.09],[-25.17,16.95]]]},"properties":{"scalerank":0,"featurecla":"Land","min_zoom":2}},
{"type":"Feature","geometry":{"type":"Polygon","coordinates":[[[-24.89,16.82],[-24.94,16.92],[-25.07,16.87],[-25.02,16.8],[-24.89,16.82]]]},"properties":{"scalerank":0,"featurecla":"Land","min_zoom":3}},
{"type":"Feature","geometry":{"type":"Polygon","coordinates":[[[-17.18,28.02],[-17.13,28.16],[-17.26,28.2],[-17.32,28.12],[-17.18,28.02]]]},"properties":{"scalerank":0,"featurecla":"Land","min_zoom":3}},
{"type":"Feature","geometry":{"type":"Polygon","coordinates":[[[-15.9,11.47],[-15.96,11.6],[-16.02,11.48],[-15.9,11.47]]]},"properties":{"scalerank":0,"featurecla":"Land","min_zoom":3}},
{"type":"Feature","geometry":{"type":"Polygon","coordinates":[[[-15.99,11.88],[-16.15,11.88],[-16.04,11.76],[-15.99,11.88]]]},"properties":{"scalerank":0,"featurecla":"Land","min_zoom":3}},
{"type":"Feature","geometry":{"type":"Polygon","coordinates":[[[-17.89,27.81],[-18.11,27.71],[-17.98,27.65],[-17.89,27.81]]]},"properties":{"scalerank":0,"featurecla":"Land","min_zoom":3}},
{"type":"Feature","geometry":{"type":"Polygon","coordinates":[[[-22.92,16.24],[-22.96,16.05],[-22.71,16.04],[-22.75,16.22],[-22.92,16.24]]]},"properties":{"scalerank":0,"featurecla":"Land","min_zoom":3}},
{"type":"Feature","geometry":{"type":"Polygon","coordinates":[[[-24.31,14.86],[-24.33,15.02],[-24.5,14.98],[-24.49,14.87],[-24.31,14.86]]]},"properties":{"scalerank":0,"featurecla":"Land","min_zoom":3}},
{"type":"Feature","geometry":{"type":"Polygon","coordinates":[[[-17.83,28.49],[-17.74,28.79],[-18,28.76],[-17.83,28.49]]]},"properties":{"scalerank":0,"featurecla":"Land","min_zoom":2}},
{"type":"Feature","geometry":{"type":"Polygon","coordinates":[[[-24.09,16.62],[-24.38,16.68],[-24.32,16.49],[-24.24,16.6],[-24.09,16.62]]]},"properties":{"scalerank":0,"featurecla":"Land","min_zoom":3}},
{"type":"Feature","geometry":{"type":"Polygon","coordinates":[[[-22.89,16.66],[-22.9,16.84],[-22.99,16.81],[-22.98,16.7],[-22.89,16.66]]]},"properties":{"scalerank":0,"featurecla":"Land","min_zoom":3}},
{"type":"Feature","geometry":{"type":"Polygon","coordinates":[[[-23.18,15.14],[-23.12,15.17],[-23.14,15.32],[-23.21,15.32],[-23.25,15.18],[-23.18,15.14]]]},"properties":{"scalerank":0,"featurecla":"Land","min_zoom":3}},
{"type":"Feature","geometry":{"type":"Polygon","coordinates":[[[-23.44,15.01],[-23.7,15.27],[-23.71,14.96],[-23.44,15.01]]]},"properties":{"scalerank":0,"featurecla":"Land","min_zoom":2}},
{"type":"Feature","geometry":{"type":"Polygon","coordinates":[[[44.48,-12.08],[44.41,-12.09],[44.38,-12.25],[44.53,-12.22],[44.48,-12.08]]]},"properties":{"scalerank":0,"featurecla":"Land","min_zoom":3}},
{"type":"Feature","geometry":{"type":"Polygon","coordinates":[[[43.79,-12.31],[43.7,-12.26],[43.66,-12.34],[43.79,-12.31]]]},"properties":{"scalerank":0,"featurecla":"Land","min_zoom":3}},
{"type":"Feature","geometry":{"type":"Polygon","coordinates":[[[45.18,-12.98],[45.22,-12.75],[45.13,-12.71],[45.07,-12.9],[45.18,-12.98]]]},"properties":{"scalerank":0,"featurecla":"Land","min_zoom":3}},
{"type":"Feature","geometry":{"type":"Polygon","coordinates":[[[43.47,-11.9],[43.38,-11.61],[43.23,-11.75],[43.47,-11.9]]]},"properties":{"scalerank":0,"featurecla":"Land","min_zoom":2}},
{"type":"Feature","geometry":{"type":"Polygon","coordinates":[[[39.71,-7.98],[39.82,-7.9],[39.85,-7.73],[39.6,-7.94],[39.71,-7.98]]]},"properties":{"scalerank":0,"featurecla":"Land","min_zoom":3}},
{"type":"Feature","geometry":{"type":"Polygon","coordinates":[[[40.99,-2.16],[41.12,-2.1],[41.09,-2.04],[40.98,-2.11],[40.99,-2.16]]]},"properties":{"scalerank":0,"featurecla":"Land","min_zoom":3}},
{"type":"Feature","geometry":{"type":"Polygon","coordinates":[[[39.5,-6.17],[39.37,-5.95],[39.19,-5.93],[39.24,-6.27],[39.5,-6.17]]]},"properties":{"scalerank":0,"featurecla":"Land","min_zoom":2}},
{"type":"Feature","geometry":{"type":"Polygon","coordinates":[[[57.65,-20.48],[57.79,-20.21],[57.58,-20],[57.39,-20.23],[57.65,-20.48]]]},"properties":{"scalerank":0,"featurecla":"Land","min_zoom":2}},
{"type":"Feature","geometry":{"type":"Polygon","coordinates":[[[55.8,-21.34],[55.66,-20.91],[55.31,-20.9],[55.36,-21.27],[55.8,-21.34]]]},"properties":{"scalerank":0,"featurecla":"Land","min_zoom":2}},
{"type":"Feature","geometry":{"type":"Polygon","coordinates":[[[48.34,-13.36],[48.31,-13.2],[48.19,-13.26],[48.21,-13.39],[48.34,-13.36]]]},"properties":{"scalerank":0,"featurecla":"Land","min_zoom":3}},
{"type":"Feature","geometry":{"type":"Polygon","coordinates":[[[49.94,-16.9],[49.99,-16.71],[49.86,-16.93],[49.94,-16.9]]]},"properties":{"scalerank":0,"featurecla":"Land","min_zoom":3}},
{"type":"Feature","geometry":{"type":"Polygon","coordinates":[[[-5.69,-16],[-5.71,-15.91],[-5.78,-15.96],[-5.69,-16]]]},"properties":{"scalerank":0,"featurecla":"Land","min_zoom":3}},
{"type":"Feature","geometry":{"type":"Polygon","coordinates":[[[39.87,-4.91],[39.67,-4.93],[39.7,-5.11],[39.85,-5.26],[39.87,-4.91]]]},"properties":{"scalerank":0,"featurecla":"Land","min_zoom":2}},
{"type":"Feature","geometry":{"type":"Polygon","coordinates":[[[55.54,-4.69],[55.46,-4.56],[55.38,-4.61],[55.54,-4.69]]]},"properties":{"scalerank":0,"featurecla":"Land","min_zoom":3}},
{"type":"Feature","geometry":{"type":"Polygon","coordinates":[[[8.74,3.76],[8.47,3.26],[8.7,3.22],[8.95,3.63],[8.74,3.76]]]},"properties":{"scalerank":0,"featurecla":"Land","min_zoom":2}},
{"type":"Feature","geometry":{"type":"Polygon","coordinates":[[[6.66,0.12],[6.75,0.24],[6.69,0.4],[6.52,0.34],[6.66,0.12]]]},"properties":{"scalerank":0,"featurecla":"Land","min_zoom":2}},
{"type":"Feature","geometry":{"type":"Polygon","coordinates":[[[7.42,1.57],[7.45,1.63],[7.41,1.7],[7.33,1.6],[7.42,1.57]]]},"properties":{"scalerank":0,"featurecla":"Land","min_zoom":3}},
{"type":"Feature","geometry":{"type":"Polygon","coordinates":[[[7.3,4.42],[7.23,4.53],[7.14,4.4],[7.3,4.42]]]},"properties":{"scalerank":0,"featurecla":"Land","min_zoom":3}},
{"type":"Feature","geometry":{"type":"Polygon","coordinates":[[[-44.13,-23.14],[-44.24,-23.07],[-44.32,-23.21],[-44.13,-23.14]]]},"properties":{"scalerank":0,"featurecla":"Land","min_zoom":3}},
{"type":"Feature","geometry":{"type":"Polygon","coordinates":[[[-48.58,-26.4],[-48.5,-26.22],[-48.67,-26.29],[-48.58,-26.4]]]},"properties":{"scalerank":0,"featurecla":"Land","min_zoom":3}},
{"type":"Feature","geometry":{"type":"Polygon","coordinates":[[[-48.49,-27.77],[-48.5,-27.71],[-48.38,-27.45],[-48.46,-27.44],[-48.54,-27.57],[-48.49,-27.77]]]},"properties":{"scalerank":0,"featurecla":"Land","min_zoom":3}},
{"type":"Feature","geometry":{"type":"Polygon","coordinates":[[[-45.26,-23.89],[-45.3,-23.73],[-45.45,-23.9],[-45.26,-23.89]]]},"properties":{"scalerank":0,"featurecla":"Land","min_zoom":3}},
{"type":"Feature","geometry":{"type":"Polygon","coordinates":[[[11.28,34.75],[11.25,34.82],[11.15,34.74],[11.28,34.75]]]},"properties":{"scalerank":0,"featurecla":"Land","min_zoom":4}},
{"type":"Feature","geometry":{"type":"Polygon","coordinates":[[[10.96,33.72],[10.92,33.89],[10.75,33.89],[10.72,33.74],[10.96,33.72]]]},"properties":{"scalerank":0,"featurecla":"Land","min_zoom":3}},
{"type":"Feature","geometry":{"type":"Polygon","coordinates":[[[-4.41,54.19],[-4.51,54.38],[-4.75,54.12],[-4.41,54.19]]]},"properties":{"scalerank":0,"featurecla":"Land","min_zoom":3}},
{"type":"Feature","geometry":{"type":"Polygon","coordinates":[[[-6.61,56.59],[-6.53,56.63],[-6.57,56.66],[-6.67,56.59],[-6.61,56.59]]]},"properties":{"scalerank":0,"featurecla":"Land","min_zoom":4}},
{"type":"Feature","geometry":{"type":"Polygon","coordinates":[[[-5.11,55.45],[-5.16,55.67],[-5.39,55.62],[-5.33,55.48],[-5.11,55.45]]]},"properties":{"scalerank":0,"featurecla":"Land","min_zoom":3}},
{"type":"Feature","geometry":{"type":"Polygon","coordinates":[[[-5.78,56.34],[-5.76,56.49],[-6.1,56.65],[-6.18,56.29],[-5.78,56.34]]]},"properties":{"scalerank":0,"featurecla":"Land","min_zoom":2}},
{"type":"Feature","geometry":{"type":"Polygon","coordinates":[[[-6.13,55.93],[-6.31,55.86],[-6.25,55.61],[-6.06,55.7],[-6.13,55.93]]]},"properties":{"scalerank":0,"featurecla":"Land","min_zoom":3}},
{"type":"Feature","geometry":{"type":"Polygon","coordinates":[[[-5.97,55.81],[-5.8,56.01],[-5.94,56.05],[-6.07,55.89],[-5.97,55.81]]]},"properties":{"scalerank":0,"featurecla":"Land","min_zoom":3}},
{"type":"Feature","geometry":{"type":"Polygon","coordinates":[[[-1.04,60.51],[-1.05,60.65],[-1.17,60.6],[-1.04,60.51]]]},"properties":{"scalerank":0,"featurecla":"Land","min_zoom":3}},
{"type":"Feature","geometry":{"type":"Polygon","coordinates":[[[-1.31,60.54],[-1.49,60.29],[-1.18,60.11],[-1.07,60.38],[-1.31,60.54]]]},"properties":{"scalerank":0,"featurecla":"Land","min_zoom":2}},
{"type":"Feature","geometry":{"type":"Polygon","coordinates":[[[-0.77,60.81],[-0.93,60.8],[-0.83,60.72],[-0.77,60.81]]]},"properties":{"scalerank":0,"featurecla":"Land","min_zoom":3}},
{"type":"Feature","geometry":{"type":"Polygon","coordinates":[[[-3.16,58.79],[-3.27,58.91],[-3.4,58.88],[-3.28,58.78],[-3.16,58.79]]]},"properties":{"scalerank":0,"featurecla":"Land","min_zoom":3}},
{"type":"Feature","geometry":{"type":"Polygon","coordinates":[[[-4.2,53.32],[-4.57,53.39],[-4.37,53.13],[-4.2,53.32]]]},"properties":{"scalerank":0,"featurecla":"Land","min_zoom":2}},
{"type":"Feature","geometry":{"type":"Polygon","coordinates":[[[-2.55,59.23],[-2.43,59.27],[-2.54,59.3],[-2.55,59.23]]]},"properties":{"scalerank":0,"featurecla":"Land","min_zoom":4}},
{"type":"Feature","geometry":{"type":"Polygon","coordinates":[[[-2.93,58.74],[-2.9,58.83],[-3.04,58.82],[-2.93,58.74]]]},"properties":{"scalerank":0,"featurecla":"Land","min_zoom":4}},
{"type":"Feature","geometry":{"type":"Polygon","coordinates":[[[-3.06,59.03],[-3.31,59.13],[-3.35,58.99],[-3.06,59.03]]]},"properties":{"scalerank":0,"featurecla":"Land","min_zoom":3}},
{"type":"Feature","geometry":{"type":"Polygon","coordinates":[[[-6.62,61.81],[-6.66,61.86],[-6.84,61.84],[-6.67,61.77],[-6.62,61.81]]]},"properties":{"scalerank":0,"featurecla":"Land","min_zoom":3}},
{"type":"Feature","geometry":{"type":"Polygon","coordinates":[[[-6.7,61.44],[-6.77,61.58],[-6.89,61.53],[-6.7,61.44]]]},"properties":{"scalerank":0,"featurecla":"Land","min_zoom":3}},
{"type":"Feature","geometry":{"type":"Polygon","coordinates":[[[-7.19,62.14],[-7.42,62.14],[-7.25,62.05],[-7.19,62.14]]]},"properties":{"scalerank":0,"featurecla":"Land","min_zoom":3}},
{"type":"Feature","geometry":{"type":"Polygon","coordinates":[[[-6.63,62.23],[-7.17,62.29],[-7.01,62.09],[-6.63,62.23]]]},"properties":{"scalerank":0,"featurecla":"Land","min_zoom":2}},
{"type":"Feature","geometry":{"type":"Polygon","coordinates":[[[-2.73,59.19],[-2.86,59.29],[-2.98,59.35],[-3.01,59.29],[-2.86,59.25],[-2.85,59.18],[-2.73,59.19]]]},"properties":{"scalerank":0,"featurecla":"Land","min_zoom":3}},
{"type":"Feature","geometry":{"type":"Polygon","coordinates":[[[-6.41,62.26],[-6.55,62.36],[-6.56,62.22],[-6.41,62.26]]]},"properties":{"scalerank":0,"featurecla":"Land","min_zoom":4}},
{"type":"Feature","geometry":{"type":"Polygon","coordinates":[[[-6.2,58.36],[-7.09,58.18],[-6.86,57.93],[-6.43,58.02],[-6.2,58.36]]]},"properties":{"scalerank":0,"featurecla":"Land","min_zoom":2}},
{"type":"Feature","geometry":{"type":"Polygon","coordinates":[[[-6.28,56.96],[-6.32,57.05],[-6.43,57.02],[-6.28,56.96]]]},"properties":{"scalerank":0,"featurecla":"Land","min_zoom":4}},
{"type":"Feature","geometry":{"type":"Polygon","coordinates":[[[-6.14,57.5],[-6.25,57.65],[-6.76,57.44],[-6.14,57.31],[-6.14,57.5]]]},"properties":{"scalerank":0,"featurecla":"Land","min_zoom":2}},
{"type":"Feature","geometry":{"type":"Polygon","coordinates":[[[-7.21,57.68],[-7.5,57.64],[-7.32,57.53],[-7.21,57.68]]]},"properties":{"scalerank":0,"featurecla":"Land","min_zoom":3}},
{"type":"Feature","geometry":{"type":"Polygon","coordinates":[[[-7.25,57.12],[-7.27,57.37],[-7.41,57.38],[-7.38,57.13],[-7.25,57.12]]]},"properties":{"scalerank":0,"featurecla":"Land","min_zoom":3}},
{"type":"Feature","geometry":{"type":"Polygon","coordinates":[[[-9.95,53.91],[-9.96,53.99],[-10.18,54.02],[-9.95,53.91]]]},"properties":{"scalerank":0,"featurecla":"Land","min_zoom":3}},
{"type":"Feature","geometry":{"type":"Polygon","coordinates":[[[-7.42,56.97],[-7.46,57.02],[-7.52,57.01],[-7.5,56.95],[-7.42,56.97]]]},"properties":{"scalerank":0,"featurecla":"Land","min_zoom":4}},
{"type":"Feature","geometry":{"type":"Polygon","coordinates":[[[21.99,60.34],[21.91,60.39],[21.82,60.38],[21.92,60.33],[21.99,60.34]]]},"properties":{"scalerank":0,"featurecla":"Land","min_zoom":4}},
{"type":"Feature","geometry":{"type":"Polygon","coordinates":[[[19.66,60.19],[19.55,60.24],[19.54,60.14],[19.66,60.19]]]},"properties":{"scalerank":0,"featurecla":"Land","min_zoom":4}},
{"type":"Feature","geometry":{"type":"Polygon","coordinates":[[[19.99,60.35],[19.69,60.27],[19.75,60.1],[20.26,60.26],[19.99,60.35]]]},"properties":{"scalerank":0,"featurecla":"Land","min_zoom":2}},
{"type":"Feature","geometry":{"type":"Polygon","coordinates":[[[21.22,63.24],[21.15,63.2],[21.25,63.15],[21.29,63.23],[21.22,63.24]]]},"properties":{"scalerank":0,"featurecla":"Land","min_zoom":3}},
{"type":"Feature","geometry":{"type":"Polygon","coordinates":[[[19.16,57.92],[19.04,57.91],[19.14,57.86],[19.16,57.92]]]},"properties":{"scalerank":0,"featurecla":"Land","min_zoom":4}},
{"type":"Feature","geometry":{"type":"Polygon","coordinates":[[[16.53,56.29],[16.78,56.81],[16.41,56.57],[16.53,56.29]]]},"properties":{"scalerank":0,"featurecla":"Land","min_zoom":2}},
{"type":"Feature","geometry":{"type":"Polygon","coordinates":[[[15.09,55.02],[15.13,55.14],[14.77,55.3],[14.68,55.1],[15.09,55.02]]]},"properties":{"scalerank":0,"featurecla":"Land","min_zoom":3}},
{"type":"Feature","geometry":{"type":"Polygon","coordinates":[[[13.71,54.38],[13.42,54.7],[13.18,54.54],[13.36,54.25],[13.71,54.38]]]},"properties":{"scalerank":0,"featurecla":"Land","min_zoom":2}},
{"type":"Feature","geometry":{"type":"Polygon","coordinates":[[[12.55,54.97],[12.31,55.04],[12.16,54.97],[12.55,54.97]]]},"properties":{"scalerank":0,"featurecla":"Land","min_zoom":1}},
{"type":"Feature","geometry":{"type":"Polygon","coordinates":[[[12.67,55.6],[12.6,55.68],[12.52,55.61],[12.67,55.6]]]},"properties":{"scalerank":0,"featurecla":"Land","min_zoom":1}},
{"type":"Feature","geometry":{"type":"Polygon","coordinates":[[[11.36,54.89],[11.04,54.77],[11.46,54.63],[11.74,54.81],[11.36,54.89]]]},"properties":{"scalerank":0,"featurecla":"Land","min_zoom":2}},
{"type":"Feature","geometry":{"type":"Polygon","coordinates":[[[10.48,54.85],[10.41,54.9],[10.27,54.95],[10.34,54.86],[10.48,54.85]]]},"properties":{"scalerank":0,"featurecla":"Land","min_zoom":4}},
{"type":"Feature","geometry":{"type":"Polygon","coordinates":[[[10.06,54.89],[10,54.99],[9.77,55.06],[9.81,54.91],[10.06,54.89]]]},"properties":{"scalerank":0,"featurecla":"Land","min_zoom":3}},
{"type":"Feature","geometry":{"type":"Polygon","coordinates":[[[10.73,54.75],[10.86,55.05],[10.62,54.85],[10.73,54.75]]]},"properties":{"scalerank":0,"featurecla":"Land","min_zoom":3}},
{"type":"Feature","geometry":{"type":"Polygon","coordinates":[[[10.61,55.78],[10.66,55.88],[10.55,55.99],[10.53,55.78],[10.61,55.78]]]},"properties":{"scalerank":0,"featurecla":"Land","min_zoom":3}},
{"type":"Feature","geometry":{"type":"Polygon","coordinates":[[[11.28,54.42],[11.23,54.5],[11.08,54.53],[11.01,54.47],[11.13,54.42],[11.28,54.42]]]},"properties":{"scalerank":0,"featurecla":"Land","min_zoom":3}},
{"type":"Feature","geometry":{"type":"Polygon","coordinates":[[[11.05,57.25],[11.09,57.33],[10.93,57.31],[11.05,57.25]]]},"properties":{"scalerank":0,"featurecla":"Land","min_zoom":3}},
{"type":"Feature","geometry":{"type":"Polygon","coordinates":[[[8.31,54.79],[8.35,54.85],[8.6,54.87],[8.63,54.89],[8.3,54.91],[8.31,54.79]]]},"properties":{"scalerank":0,"featurecla":"Land","min_zoom":3}},
{"type":"Feature","geometry":{"type":"Polygon","coordinates":[[[-1.18,45.9],[-1.29,46],[-1.37,45.97],[-1.21,45.82],[-1.18,45.9]]]},"properties":{"scalerank":0,"featurecla":"Land","min_zoom":3}},
{"type":"Feature","geometry":{"type":"Polygon","coordinates":[[[-1.07,50.69],[-1.31,50.77],[-1.52,50.67],[-1.31,50.59],[-1.07,50.69]]]},"properties":{"scalerank":0,"featurecla":"Land","min_zoom":3}},
{"type":"Feature","geometry":{"type":"Polygon","coordinates":[[[4.89,53.07],[4.89,53.18],[4.74,53.09],[4.89,53.07]]]},"properties":{"scalerank":0,"featurecla":"Land","min_zoom":3}},
{"type":"Feature","geometry":{"type":"Polygon","coordinates":[[[10.4,42.86],[10.36,42.82],[10.13,42.81],[10.21,42.74],[10.41,42.77],[10.4,42.86]]]},"properties":{"scalerank":0,"featurecla":"Land","min_zoom":3}},
{"type":"Feature","geometry":{"type":"Polygon","coordinates":[[[8.48,39.07],[8.36,39.04],[8.42,38.97],[8.48,39.07]]]},"properties":{"scalerank":0,"featurecla":"Land","min_zoom":4}},
{"type":"Feature","geometry":{"type":"Polygon","coordinates":[[[8.29,41.04],[8.34,41.1],[8.27,41.1],[8.21,41],[8.25,40.99],[8.29,41.04]]]},"properties":{"scalerank":0,"featurecla":"Land","min_zoom":4}},
{"type":"Feature","geometry":{"type":"Polygon","coordinates":[[[4.29,39.84],[4.23,40.03],[3.85,40.06],[3.84,39.98],[4.29,39.84]]]},"properties":{"scalerank":0,"featurecla":"Land","min_zoom":2}},
{"type":"Feature","geometry":{"type":"Polygon","coordinates":[[[1.59,38.67],[1.5,38.71],[1.44,38.77],[1.41,38.67],[1.59,38.67]]]},"properties":{"scalerank":0,"featurecla":"Land","min_zoom":3}},
{"type":"Feature","geometry":{"type":"Polygon","coordinates":[[[1.45,38.92],[1.62,39.04],[1.56,39.12],[1.35,39.08],[1.45,38.92]]]},"properties":{"scalerank":0,"featurecla":"Land","min_zoom":3}},
{"type":"Feature","geometry":{"type":"Polygon","coordinates":[[[-31.14,39.41],[-31.14,39.48],[-31.26,39.5],[-31.28,39.39],[-31.14,39.41]]]},"properties":{"scalerank":0,"featurecla":"Land","min_zoom":3}},
{"type":"Feature","geometry":{"type":"Polygon","coordinates":[[[-27.08,38.64],[-27.04,38.74],[-27.26,38.8],[-27.3,38.66],[-27.08,38.64]]]},"properties":{"scalerank":0,"featurecla":"Land","min_zoom":3}},
{"type":"Feature","geometry":{"type":"Polygon","coordinates":[[[-27.78,38.56],[-27.96,38.64],[-28.31,38.74],[-28.19,38.66],[-27.83,38.54],[-27.78,38.56]]]},"properties":{"scalerank":0,"featurecla":"Land","min_zoom":3}},
{"type":"Feature","geometry":{"type":"Polygon","coordinates":[[[-28.64,38.53],[-28.7,38.64],[-28.84,38.6],[-28.74,38.52],[-28.64,38.53]]]},"properties":{"scalerank":0,"featurecla":"Land","min_zoom":3}},
{"type":"Feature","geometry":{"type":"Polygon","coordinates":[[[-28.15,38.45],[-28.4,38.55],[-28.45,38.41],[-28.15,38.45]]]},"properties":{"scalerank":0,"featurecla":"Land","min_zoom":3}},
{"type":"Feature","geometry":{"type":"Polygon","coordinates":[[[-25.65,37.84],[-25.44,37.72],[-25.27,37.85],[-25.65,37.84]]]},"properties":{"scalerank":0,"featurecla":"Land","min_zoom":2}},
{"type":"Feature","geometry":{"type":"Polygon","coordinates":[[[14.57,35.85],[14.45,35.96],[14.35,35.87],[14.44,35.82],[14.57,35.85]]]},"properties":{"scalerank":0,"featurecla":"Land","min_zoom":3}},
{"type":"Feature","geometry":{"type":"Polygon","coordinates":[[[15.23,44.06],[15.07,44.16],[15.12,44.09],[15.23,44.06]]]},"properties":{"scalerank":0,"featurecla":"Land","min_zoom":4}},
{"type":"Feature","geometry":{"type":"Polygon","coordinates":[[[14.81,44.98],[14.57,45.22],[14.44,45.1],[14.81,44.98]]]},"properties":{"scalerank":0,"featurecla":"Land","min_zoom":3}},
{"type":"Feature","geometry":{"type":"Polygon","coordinates":[[[14.83,44.76],[14.75,44.84],[14.68,44.77],[14.83,44.76]]]},"properties":{"scalerank":0,"featurecla":"Land","min_zoom":3}},
{"type":"Feature","geometry":{"type":"Polygon","coordinates":[[[15.19,44.34],[15.11,44.44],[14.9,44.61],[14.91,44.49],[15.19,44.34]]]},"properties":{"scalerank":0,"featurecla":"Land","min_zoom":3}},
{"type":"Feature","geometry":{"type":"Polygon","coordinates":[[[15.19,43.92],[14.95,44.12],[14.89,44.13],[15.14,43.91],[15.19,43.92]]]},"properties":{"scalerank":0,"featurecla":"Land","min_zoom":3}},
{"type":"Feature","geometry":{"type":"Polygon","coordinates":[[[15.37,43.97],[15.31,43.96],[15.37,43.91],[15.37,43.97]]]},"properties":{"scalerank":0,"featurecla":"Land","min_zoom":4}},
{"type":"Feature","geometry":{"type":"Polygon","coordinates":[[[14.49,44.66],[14.47,44.97],[14.3,44.94],[14.49,44.66]]]},"properties":{"scalerank":0,"featurecla":"Land","min_zoom":3}},
{"type":"Feature","geometry":{"type":"Polygon","coordinates":[[[17.61,42.77],[17.43,42.8],[17.34,42.79],[17.74,42.7],[17.61,42.77]]]},"properties":{"scalerank":0,"featurecla":"Land","min_zoom":4}},
{"type":"Feature","geometry":{"type":"Polygon","coordinates":[[[20.61,38.38],[20.41,38.34],[20.52,38.11],[20.79,38.14],[20.62,38.27],[20.61,38.38]]]},"properties":{"scalerank":0,"featurecla":"Land","min_zoom":2}},
{"type":"Feature","geometry":{"type":"Polygon","coordinates":[[[20.89,37.81],[20.76,37.85],[20.7,37.74],[20.82,37.66],[20.89,37.81]]]},"properties":{"scalerank":0,"featurecla":"Land","min_zoom":3}},
{"type":"Feature","geometry":{"type":"Polygon","coordinates":[[[20.69,38.61],[20.72,38.8],[20.63,38.82],[20.56,38.66],[20.69,38.61]]]},"properties":{"scalerank":0,"featurecla":"Land","min_zoom":3}},
{"type":"Feature","geometry":{"type":"Polygon","coordinates":[[[20.76,38.33],[20.71,38.4],[20.65,38.41],[20.71,38.32],[20.76,38.33]]]},"properties":{"scalerank":0,"featurecla":"Land","min_zoom":4}},
{"type":"Feature","geometry":{"type":"Polygon","coordinates":[[[20.08,39.43],[19.94,39.75],[19.65,39.73],[19.88,39.46],[20.08,39.43]]]},"properties":{"scalerank":0,"featurecla":"Land","min_zoom":3}},
{"type":"Feature","geometry":{"type":"Polygon","coordinates":[[[23.55,37.93],[23.46,37.98],[23.44,37.91],[23.55,37.93]]]},"properties":{"scalerank":0,"featurecla":"Land","min_zoom":4}},
{"type":"Feature","geometry":{"type":"Polygon","coordinates":[[[23.05,36.19],[23.1,36.25],[22.91,36.32],[22.94,36.18],[23.05,36.19]]]},"properties":{"scalerank":0,"featurecla":"Land","min_zoom":3}},
{"type":"Feature","geometry":{"type":"Polygon","coordinates":[[[3.95,51.74],[3.82,51.69],[3.95,51.63],[4.08,51.65],[3.95,51.74]]]},"properties":{"scalerank":0,"featurecla":"Land","min_zoom":3}},
{"type":"Feature","geometry":{"type":"Polygon","coordinates":[[[-51.01,69.55],[-50.94,69.91],[-51.35,69.85],[-51.01,69.55]]]},"properties":{"scalerank":0,"featurecla":"Land","min_zoom":2}},
{"type":"Feature","geometry":{"type":"Polygon","coordinates":[[[-37.03,65.53],[-36.95,65.66],[-37.22,65.7],[-37.19,65.53],[-37.03,65.53]]]},"properties":{"scalerank":0,"featurecla":"Land","min_zoom":3}},
{"type":"Feature","geometry":{"type":"Polygon","coordinates":[[[-53.54,71.04],[-53.44,71.19],[-53.7,71.28],[-53.95,71.16],[-53.54,71.04]]]},"properties":{"scalerank":0,"featurecla":"Land","min_zoom":3}},
{"type":"Feature","geometry":{"type":"Polygon","coordinates":[[[-55.02,72.79],[-55.99,72.78],[-55.52,72.57],[-55.02,72.79]]]},"properties":{"scalerank":0,"featurecla":"Land","min_zoom":3}},
{"type":"Feature","geometry":{"type":"Polygon","coordinates":[[[-51.68,70.86],[-51.97,70.98],[-52.12,70.87],[-51.68,70.86]]]},"properties":{"scalerank":0,"featurecla":"Land","min_zoom":3}},
{"type":"Feature","geometry":{"type":"Polygon","coordinates":[[[-46.27,60.78],[-46.21,60.94],[-46.79,60.78],[-46.38,60.66],[-46.27,60.78]]]},"properties":{"scalerank":0,"featurecla":"Land","min_zoom":3}},
{"type":"Feature","geometry":{"type":"Polygon","coordinates":[[[-126.09,49.35],[-126.21,49.38],[-126.23,49.3],[-126.06,49.26],[-126.09,49.35]]]},"properties":{"scalerank":0,"featurecla":"Land","min_zoom":1}},
{"type":"Feature","geometry":{"type":"Polygon","coordinates":[[[-122.39,47.4],[-122.49,47.49],[-122.51,47.36],[-122.39,47.4]]]},"properties":{"scalerank":0,"featurecla":"Land","min_zoom":4}},
{"type":"Feature","geometry":{"type":"Polygon","coordinates":[[[-122.5,47.59],[-122.51,47.68],[-122.57,47.67],[-122.5,47.59]]]},"properties":{"scalerank":0,"featurecla":"Land","min_zoom":4}},
{"type":"Feature","geometry":{"type":"Polygon","coordinates":[[[-122.78,48.67],[-122.9,48.71],[-122.99,48.63],[-122.89,48.59],[-122.78,48.67]]]},"properties":{"scalerank":0,"featurecla":"Land","min_zoom":3}},
{"type":"Feature","geometry":{"type":"Polygon","coordinates":[[[-122.82,48.43],[-122.81,48.45],[-122.91,48.54],[-122.93,48.48],[-122.89,48.43],[-122.82,48.43]]]},"properties":{"scalerank":0,"featurecla":"Land","min_zoom":4}},
{"type":"Feature","geometry":{"type":"Polygon","coordinates":[[[-123.01,48.5],[-123.11,48.61],[-123.17,48.59],[-123.14,48.51],[-123.01,48.5]]]},"properties":{"scalerank":0,"featurecla":"Land","min_zoom":3}},
{"type":"Feature","geometry":{"type":"Polygon","coordinates":[[[-122.57,48.16],[-122.56,47.99],[-122.37,47.99],[-122.57,48.16]]]},"properties":{"scalerank":0,"featurecla":"Land","min_zoom":3}},
{"type":"Feature","geometry":{"type":"Polygon","coordinates":[[[-124.15,49.53],[-124.42,49.73],[-124.63,49.74],[-124.36,49.59],[-124.15,49.53]]]},"properties":{"scalerank":0,"featurecla":"Land","min_zoom":3}},
{"type":"Feature","geometry":{"type":"Polygon","coordinates":[[[-123.37,48.89],[-123.38,48.91],[-123.48,48.95],[-123.54,48.95],[-123.38,48.88],[-123.37,48.89]]]},"properties":{"scalerank":0,"featurecla":"Land","min_zoom":4}},
{"type":"Feature","geometry":{"type":"Polygon","coordinates":[[[-123.44,48.75],[-123.47,48.87],[-123.58,48.93],[-123.52,48.75],[-123.44,48.75]]]},"properties":{"scalerank":0,"featurecla":"Land","min_zoom":3}},
{"type":"Feature","geometry":{"type":"Polygon","coordinates":[[[-124.98,50.03],[-124.91,50.07],[-124.94,50.17],[-125.03,50.13],[-124.98,50.03]]]},"properties":{"scalerank":0,"featurecla":"Land","min_zoom":3}},
{"type":"Feature","geometry":{"type":"Polygon","coordinates":[[[-126.64,49.61],[-126.74,49.84],[-126.94,49.72],[-126.64,49.61]]]},"properties":{"scalerank":0,"featurecla":"Land","min_zoom":1}},
{"type":"Feature","geometry":{"type":"Polygon","coordinates":[[[-125.18,50.1],[-125.07,50.22],[-125.2,50.39],[-125.36,50.31],[-125.18,50.1]]]},"properties":{"scalerank":0,"featurecla":"Land","min_zoom":3}},
{"type":"Feature","geometry":{"type":"Polygon","coordinates":[[[-118.35,32.83],[-118.51,32.96],[-118.47,32.84],[-118.35,32.83]]]},"properties":{"scalerank":0,"featurecla":"Land","min_zoom":3}},
{"type":"Feature","geometry":{"type":"Polygon","coordinates":[[[-118.24,28.94],[-118.31,29.13],[-118.4,29.11],[-118.24,28.94]]]},"properties":{"scalerank":0,"featurecla":"Land","min_zoom":3}},
{"type":"Feature","geometry":{"type":"Polygon","coordinates":[[[-120.04,33.92],[-120.07,34.03],[-120.25,34.01],[-120.17,33.92],[-120.04,33.92]]]},"properties":{"scalerank":0,"featurecla":"Land","min_zoom":3}},
{"type":"Feature","geometry":{"type":"Polygon","coordinates":[[[-119.88,34.08],[-119.81,33.97],[-119.56,34.01],[-119.88,34.08]]]},"properties":{"scalerank":0,"featurecla":"Land","min_zoom":3}},
{"type":"Feature","geometry":{"type":"Polygon","coordinates":[[[-118.35,33.39],[-118.49,33.41],[-118.45,33.32],[-118.35,33.39]]]},"properties":{"scalerank":0,"featurecla":"Land","min_zoom":3}},
{"type":"Feature","geometry":{"type":"Polygon","coordinates":[[[-71.37,41.49],[-71.35,41.54],[-71.4,41.52],[-71.37,41.49]]]},"properties":{"scalerank":0,"featurecla":"Land","min_zoom":4}},
{"type":"Feature","geometry":{"type":"Polygon","coordinates":[[[-74.13,39.68],[-74.25,39.56],[-74.25,39.53],[-74.13,39.68]]]},"properties":{"scalerank":0,"featurecla":"Land","min_zoom":4}},
{"type":"Feature","geometry":{"type":"Polygon","coordinates":[[[-74.19,40.52],[-74.08,40.59],[-74.19,40.61],[-74.19,40.52]]]},"properties":{"scalerank":0,"featurecla":"Land","min_zoom":3}},
{"type":"Feature","geometry":{"type":"Polygon","coordinates":[[[-64.73,32.29],[-64.69,32.39],[-64.82,32.26],[-64.73,32.29]]]},"properties":{"scalerank":0,"featurecla":"Land","min_zoom":3}},
{"type":"Feature","geometry":{"type":"Polygon","coordinates":[[[-70.51,41.38],[-70.67,41.45],[-70.79,41.33],[-70.51,41.38]]]},"properties":{"scalerank":0,"featurecla":"Land","min_zoom":3}},
{"type":"Feature","geometry":{"type":"Polygon","coordinates":[[[-71.24,41.49],[-71.23,41.65],[-71.28,41.62],[-71.32,41.51],[-71.24,41.49]]]},"properties":{"scalerank":0,"featurecla":"Land","min_zoom":3}},
{"type":"Feature","geometry":{"type":"Polygon","coordinates":[[[-69.98,41.27],[-70.06,41.33],[-70.23,41.29],[-70.06,41.25],[-69.98,41.27]]]},"properties":{"scalerank":0,"featurecla":"Land","min_zoom":3}},
{"type":"Feature","geometry":{"type":"Polygon","coordinates":[[[-75.78,35.19],[-75.86,35.17],[-75.96,35.12],[-75.78,35.19]]]},"properties":{"scalerank":0,"featurecla":"Land","min_zoom":4}},
{"type":"Feature","geometry":{"type":"Polygon","coordinates":[[[-75.64,35.86],[-75.65,35.91],[-75.72,35.95],[-75.65,35.84],[-75.64,35.86]]]},"properties":{"scalerank":0,"featurecla":"Land","min_zoom":4}},
{"type":"Feature","geometry":{"type":"Polygon","coordinates":[[[-75.33,37.89],[-75.2,38.07],[-75.23,38.07],[-75.38,37.87],[-75.33,37.89]]]},"properties":{"scalerank":0,"featurecla":"Land","min_zoom":3}},
{"type":"Feature","geometry":{"type":"Polygon","coordinates":[[[-75.54,35.24],[-75.51,35.28],[-75.46,35.45],[-75.49,35.48],[-75.54,35.24]]]},"properties":{"scalerank":0,"featurecla":"Land","min_zoom":3}},
{"type":"Feature","geometry":{"type":"Polygon","coordinates":[[[-76.5,34.64],[-76.26,34.91],[-76.44,34.76],[-76.5,34.64]]]},"properties":{"scalerank":0,"featurecla":"Land","min_zoom":4}},
{"type":"Feature","geometry":{"type":"Polygon","coordinates":[[[-96.76,28.15],[-96.54,28.28],[-96.76,28.2],[-96.76,28.15]]]},"properties":{"scalerank":0,"featurecla":"Land","min_zoom":3}},
{"type":"Feature","geometry":{"type":"Polygon","coordinates":[[[-97.35,27.3],[-97.25,27.54],[-97.3,27.52],[-97.38,27.33],[-97.35,27.3]]]},"properties":{"scalerank":0,"featurecla":"Land","min_zoom":3}},
{"type":"Feature","geometry":{"type":"Polygon","coordinates":[[[-95.04,29.15],[-94.86,29.25],[-94.87,29.29],[-95.04,29.15]]]},"properties":{"scalerank":0,"featurecla":"Land","min_zoom":3}},
{"type":"Feature","geometry":{"type":"Polygon","coordinates":[[[-97.17,26.16],[-97.35,26.8],[-97.4,26.82],[-97.27,26.33],[-97.17,26.16]]]},"properties":{"scalerank":0,"featurecla":"Land","min_zoom":3}},
{"type":"Feature","geometry":{"type":"Polygon","coordinates":[[[-84.91,29.64],[-84.74,29.73],[-84.81,29.72],[-84.88,29.68],[-84.91,29.64]]]},"properties":{"scalerank":0,"featurecla":"Land","min_zoom":4}},
{"type":"Feature","geometry":{"type":"Polygon","coordinates":[[[-81.42,30.97],[-81.48,30.9],[-81.46,30.73],[-81.42,30.97]]]},"properties":{"scalerank":0,"featurecla":"Land","min_zoom":4}},
{"type":"Feature","geometry":{"type":"Polygon","coordinates":[[[-89.22,30.08],[-89.28,30.11],[-89.34,30.06],[-89.27,30.06],[-89.22,30.08]]]},"properties":{"scalerank":0,"featurecla":"Land","min_zoom":4}},
{"type":"Feature","geometry":{"type":"Polygon","coordinates":[[[-91.79,29.5],[-91.88,29.64],[-92,29.57],[-91.79,29.5]]]},"properties":{"scalerank":0,"featurecla":"Land","min_zoom":3}},
{"type":"Feature","geometry":{"type":"Polygon","coordinates":[[[-88.83,29.81],[-88.81,29.93],[-88.83,29.93],[-88.86,29.78],[-88.83,29.81]]]},"properties":{"scalerank":0,"featurecla":"Land","min_zoom":4}},
{"type":"Feature","geometry":{"type":"Polygon","coordinates":[[[-77.66,24.25],[-77.85,24.04],[-77.77,23.75],[-77.52,23.87],[-77.66,24.25]]]},"properties":{"scalerank":0,"featurecla":"Land","min_zoom":1}},
{"type":"Feature","geometry":{"type":"Polygon","coordinates":[[[-77.67,21.95],[-77.63,22.05],[-77.77,22.08],[-77.9,22.04],[-77.67,21.95]]]},"properties":{"scalerank":0,"featurecla":"Land","min_zoom":3}},
{"type":"Feature","geometry":{"type":"Polygon","coordinates":[[[-78.03,22.29],[-78.15,22.43],[-78.18,22.32],[-78.03,22.29]]]},"properties":{"scalerank":0,"featurecla":"Land","min_zoom":3}},
{"type":"Feature","geometry":{"type":"Polygon","coordinates":[[[-78.63,22.55],[-78.55,22.46],[-78.39,22.45],[-78.35,22.54],[-78.63,22.55]]]},"properties":{"scalerank":0,"featurecla":"Land","min_zoom":3}},
{"type":"Feature","geometry":{"type":"Polygon","coordinates":[[[-77.23,25.9],[-77.17,26.24],[-77.04,26.33],[-77.21,26.49],[-77.23,25.9]]]},"properties":{"scalerank":0,"featurecla":"Land","min_zoom":1.5}},
{"type":"Feature","geometry":{"type":"Polygon","coordinates":[[[-74.06,22.72],[-74.22,22.81],[-74.27,22.71],[-74.1,22.67],[-74.06,22.72]]]},"properties":{"scalerank":0,"featurecla":"Land","min_zoom":3}},
{"type":"Feature","geometry":{"type":"Polygon","coordinates":[[[-74.43,24.07],[-74.53,24.11],[-74.55,23.97],[-74.51,23.96],[-74.43,24.07]]]},"properties":{"scalerank":0,"featurecla":"Land","min_zoom":3}},
{"type":"Feature","geometry":{"type":"Polygon","coordinates":[[[-73.03,21.19],[-73.52,21.19],[-73.66,20.94],[-73.16,20.98],[-73.03,21.19]]]},"properties":{"scalerank":0,"featurecla":"Land","min_zoom":2}},
{"type":"Feature","geometry":{"type":"Polygon","coordinates":[[[-74.21,22.21],[-73.97,22.36],[-73.84,22.54],[-73.88,22.68],[-73.98,22.64],[-73.91,22.57],[-73.94,22.48],[-74.13,22.32],[-74.21,22.21]]]},"properties":{"scalerank":0,"featurecla":"Land","min_zoom":3}},
{"type":"Feature","geometry":{"type":"Polygon","coordinates":[[[-76.65,25.49],[-76.5,25.34],[-76.37,25.31],[-76.16,25.12],[-76.2,24.94],[-76.14,24.89],[-76.13,25.14],[-76.34,25.33],[-76.48,25.37],[-76.65,25.49]]]},"properties":{"scalerank":0,"featurecla":"Land","min_zoom":2}},
{"type":"Feature","geometry":{"type":"Polygon","coordinates":[[[-75.66,23.45],[-75.75,23.49],[-75.95,23.65],[-75.96,23.59],[-75.78,23.47],[-75.66,23.45]]]},"properties":{"scalerank":0,"featurecla":"Land","min_zoom":3}},
{"type":"Feature","geometry":{"type":"Polygon","coordinates":[[[-74.84,22.89],[-74.85,23],[-75.06,23.15],[-75.11,23.33],[-75.16,23.34],[-75.13,23.12],[-74.97,23.07],[-74.84,22.89]]]},"properties":{"scalerank":0,"featurecla":"Land","min_zoom":3}},
{"type":"Feature","geometry":{"type":"Polygon","coordinates":[[[-75.31,24.2],[-75.41,24.27],[-75.47,24.14],[-75.31,24.2]]]},"properties":{"scalerank":0,"featurecla":"Land","min_zoom":3}},
{"type":"Feature","geometry":{"type":"Polygon","coordinates":[[[-77.88,22.13],[-77.89,22.21],[-78.01,22.25],[-78.01,22.17],[-77.88,22.13]]]},"properties":{"scalerank":0,"featurecla":"Land","min_zoom":3}},
{"type":"Feature","geometry":{"type":"Polygon","coordinates":[[[-82.04,26.45],[-82.12,26.46],[-82.2,26.55],[-82.18,26.48],[-82.14,26.45],[-82.07,26.43],[-82.04,26.45]]]},"properties":{"scalerank":0,"featurecla":"Land","min_zoom":4}},
{"type":"Feature","geometry":{"type":"Polygon","coordinates":[[[-77.74,24.71],[-78.03,25.14],[-78.3,24.75],[-78.04,24.29],[-77.74,24.71]]]},"properties":{"scalerank":0,"featurecla":"Land","min_zoom":1}},
{"type":"Feature","geometry":{"type":"Polygon","coordinates":[[[-81.57,24.6],[-81.53,24.64],[-81.56,24.69],[-81.58,24.63],[-81.57,24.6]]]},"properties":{"scalerank":0,"featurecla":"Land","min_zoom":3}},
{"type":"Feature","geometry":{"type":"Polygon","coordinates":[[[-80.19,27.28],[-80.36,27.68],[-80.38,27.64],[-80.26,27.38],[-80.19,27.28]]]},"properties":{"scalerank":0,"featurecla":"Land","min_zoom":3}},
{"type":"Feature","geometry":{"type":"Polygon","coordinates":[[[-82.56,21.57],[-82.71,21.89],[-83.08,21.79],[-82.85,21.44],[-82.56,21.57]]]},"properties":{"scalerank":0,"featurecla":"Land","min_zoom":2}},
{"type":"Feature","geometry":{"type":"Polygon","coordinates":[[[-82.08,26.55],[-82.12,26.67],[-82.17,26.7],[-82.14,26.59],[-82.08,26.55]]]},"properties":{"scalerank":0,"featurecla":"Land","min_zoom":4}},
{"type":"Feature","geometry":{"type":"Polygon","coordinates":[[[-79.35,22.66],[-79.58,22.81],[-79.52,22.71],[-79.35,22.66]]]},"properties":{"scalerank":0,"featurecla":"Land","min_zoom":3}},
{"type":"Feature","geometry":{"type":"Polygon","coordinates":[[[-78.49,26.73],[-78.67,26.51],[-78.23,26.64],[-78.49,26.73]]]},"properties":{"scalerank":0,"featurecla":"Land","min_zoom":1.5}},
{"type":"Feature","geometry":{"type":"Polygon","coordinates":[[[-80.38,25.14],[-80.26,25.35],[-80.35,25.3],[-80.38,25.14]]]},"properties":{"scalerank":0,"featurecla":"Land","min_zoom":3}},
{"type":"Feature","geometry":{"type":"Polygon","coordinates":[[[-87.95,17.92],[-87.85,18.14],[-87.9,18.15],[-87.95,17.92]]]},"properties":{"scalerank":0,"featurecla":"Land","min_zoom":3}},
{"type":"Feature","geometry":{"type":"Polygon","coordinates":[[[-87.85,17.42],[-87.8,17.48],[-87.83,17.5],[-87.85,17.42]]]},"properties":{"scalerank":0,"featurecla":"Land","min_zoom":3}},
{"type":"Feature","geometry":{"type":"Polygon","coordinates":[[[-91.68,18.68],[-91.59,18.78],[-91.82,18.68],[-91.68,18.68]]]},"properties":{"scalerank":0,"featurecla":"Land","min_zoom":3}},
{"type":"Feature","geometry":{"type":"Polygon","coordinates":[[[-82.23,9.38],[-82.26,9.43],[-82.32,9.42],[-82.24,9.33],[-82.23,9.38]]]},"properties":{"scalerank":0,"featurecla":"Land","min_zoom":4}},
{"type":"Feature","geometry":{"type":"Polygon","coordinates":[[[-81.37,19.35],[-81.3,19.27],[-81.13,19.35],[-81.28,19.36],[-81.37,19.35]]]},"properties":{"scalerank":0,"featurecla":"Land","min_zoom":3}},
{"type":"Feature","geometry":{"type":"Polygon","coordinates":[[[-86.94,20.3],[-86.76,20.55],[-86.93,20.55],[-86.94,20.3]]]},"properties":{"scalerank":0,"featurecla":"Land","min_zoom":3}},
{"type":"Feature","geometry":{"type":"Polygon","coordinates":[[[-62.63,17.24],[-62.71,17.35],[-62.79,17.4],[-62.84,17.34],[-62.63,17.24]]]},"properties":{"scalerank":0,"featurecla":"Land","min_zoom":3}},
{"type":"Feature","geometry":{"type":"Polygon","coordinates":[[[-60.9,13.82],[-60.89,14.01],[-61.06,13.92],[-60.9,13.82]]]},"properties":{"scalerank":0,"featurecla":"Land","min_zoom":3}},
{"type":"Feature","geometry":{"type":"Polygon","coordinates":[[[-60.83,14.49],[-60.92,14.74],[-61.22,14.8],[-61.06,14.47],[-60.83,14.49]]]},"properties":{"scalerank":0,"featurecla":"Land","min_zoom":2}},
{"type":"Feature","geometry":{"type":"Polygon","coordinates":[[[-61.01,10.13],[-61.03,10.67],[-61.46,10.54],[-61.6,10.06],[-61.01,10.13]]]},"properties":{"scalerank":0,"featurecla":"Land","min_zoom":1}},
{"type":"Feature","geometry":{"type":"Polygon","coordinates":[[[-68.21,12.14],[-68.22,12.23],[-68.37,12.3],[-68.37,12.26],[-68.29,12.17],[-68.21,12.14]]]},"properties":{"scalerank":0,"featurecla":"Land","min_zoom":3}},
{"type":"Feature","geometry":{"type":"Polygon","coordinates":[[[-60.76,11.18],[-60.55,11.26],[-60.56,11.32],[-60.71,11.28],[-60.76,11.18]]]},"properties":{"scalerank":0,"featurecla":"Land","min_zoom":3}},
{"type":"Feature","geometry":{"type":"Polygon","coordinates":[[[-62.15,16.74],[-62.22,16.75],[-62.22,16.7],[-62.15,16.68],[-62.15,16.74]]]},"properties":{"scalerank":0,"featurecla":"Land","min_zoom":4}},
{"type":"Feature","geometry":{"type":"Polygon","coordinates":[[[-59.49,13.08],[-59.43,13.15],[-59.59,13.32],[-59.61,13.1],[-59.49,13.08]]]},"properties":{"scalerank":0,"featurecla":"Land","min_zoom":3}},
{"type":"Feature","geometry":{"type":"Polygon","coordinates":[[[-63.85,11.13],[-64.16,10.96],[-63.92,10.89],[-63.85,11.13]]]},"properties":{"scalerank":0,"featurecla":"Land","min_zoom":2}},
{"type":"Feature","geometry":{"type":"Polygon","coordinates":[[[-63,18.22],[-63.03,18.27],[-63.15,18.2],[-63,18.22]]]},"properties":{"scalerank":0,"featurecla":"Land","min_zoom":4}},
{"type":"Feature","geometry":{"type":"Polygon","coordinates":[[[-61.72,12.01],[-61.63,12.05],[-61.61,12.22],[-61.72,12.19],[-61.72,12.01]]]},"properties":{"scalerank":0,"featurecla":"Land","min_zoom":3}},
{"type":"Feature","geometry":{"type":"Polygon","coordinates":[[[-61.75,17.57],[-61.75,17.66],[-61.85,17.71],[-61.84,17.6],[-61.75,17.57]]]},"properties":{"scalerank":0,"featurecla":"Land","min_zoom":3}},
{"type":"Feature","geometry":{"type":"Polygon","coordinates":[[[-61.23,15.89],[-61.25,16.01],[-61.32,15.95],[-61.23,15.89]]]},"properties":{"scalerank":0,"featurecla":"Land","min_zoom":3}},
{"type":"Feature","geometry":{"type":"Polygon","coordinates":[[[-61.72,17.04],[-61.82,17.17],[-61.86,17.01],[-61.72,17.04]]]},"properties":{"scalerank":0,"featurecla":"Land","min_zoom":3}},
{"type":"Feature","geometry":{"type":"Polygon","coordinates":[[[-61.28,15.25],[-61.32,15.59],[-61.48,15.53],[-61.28,15.25]]]},"properties":{"scalerank":0,"featurecla":"Land","min_zoom":2}},
{"type":"Feature","geometry":{"type":"Polygon","coordinates":[[[-61.33,16.23],[-61.41,16.47],[-61.53,16.43],[-61.52,16.23],[-61.33,16.23]]]},"properties":{"scalerank":0,"featurecla":"Land","min_zoom":2}},
{"type":"Feature","geometry":{"type":"Polygon","coordinates":[[[-61.59,16.01],[-61.55,16.27],[-61.79,16.3],[-61.76,16.06],[-61.59,16.01]]]},"properties":{"scalerank":0,"featurecla":"Land","min_zoom":2}},
{"type":"Feature","geometry":{"type":"Polygon","coordinates":[[[-61.17,13.16],[-61.12,13.29],[-61.18,13.36],[-61.28,13.21],[-61.17,13.16]]]},"properties":{"scalerank":0,"featurecla":"Land","min_zoom":3}},
{"type":"Feature","geometry":{"type":"Polygon","coordinates":[[[-73.04,22.43],[-73.11,22.37],[-72.89,22.36],[-73.04,22.43]]]},"properties":{"scalerank":0,"featurecla":"Land","min_zoom":3}},
{"type":"Feature","geometry":{"type":"Polygon","coordinates":[[[-68.75,12.06],[-68.83,12.16],[-69.01,12.23],[-69.08,12.34],[-69.15,12.3],[-69,12.14],[-68.8,12.05],[-68.75,12.06]]]},"properties":{"scalerank":0,"featurecla":"Land","min_zoom":3}},
{"type":"Feature","geometry":{"type":"Polygon","coordinates":[[[-71.66,21.77],[-71.67,21.83],[-71.81,21.85],[-71.83,21.79],[-71.66,21.77]]]},"properties":{"scalerank":0,"featurecla":"Land","min_zoom":3}},
{"type":"Feature","geometry":{"type":"Polygon","coordinates":[[[-72.92,21.51],[-72.99,21.56],[-73.06,21.52],[-73.05,21.46],[-72.92,21.51]]]},"properties":{"scalerank":0,"featurecla":"Land","min_zoom":4}},
{"type":"Feature","geometry":{"type":"Polygon","coordinates":[[[-71.88,21.84],[-71.93,21.95],[-72.02,21.92],[-71.88,21.84]]]},"properties":{"scalerank":0,"featurecla":"Land","min_zoom":4}},
{"type":"Feature","geometry":{"type":"Polygon","coordinates":[[[-72.33,21.85],[-72.34,21.76],[-72.22,21.8],[-72.33,21.85]]]},"properties":{"scalerank":0,"featurecla":"Land","min_zoom":3}},
{"type":"Feature","geometry":{"type":"Polygon","coordinates":[[[-160.92,58.58],[-160.72,58.8],[-161.13,58.67],[-160.92,58.58]]]},"properties":{"scalerank":0,"featurecla":"Land","min_zoom":3}},
{"type":"Feature","geometry":{"type":"Polygon","coordinates":[[[-153.01,57.12],[-153.29,57.19],[-153.37,57.05],[-153.01,57.12]]]},"properties":{"scalerank":0,"featurecla":"Land","min_zoom":1}},
{"type":"Feature","geometry":{"type":"Polygon","coordinates":[[[-152.02,60.36],[-151.89,60.47],[-151.96,60.5],[-152.02,60.36]]]},"properties":{"scalerank":0,"featurecla":"Land","min_zoom":4}},
{"type":"Feature","geometry":{"type":"Polygon","coordinates":[[[-152.49,58.49],[-152.36,58.59],[-152.46,58.62],[-152.64,58.54],[-152.49,58.49]]]},"properties":{"scalerank":0,"featurecla":"Land","min_zoom":3}},
{"type":"Feature","geometry":{"type":"Polygon","coordinates":[[[-153.24,57.85],[-153.35,57.93],[-153.52,57.94],[-153.27,57.82],[-153.24,57.85]]]},"properties":{"scalerank":0,"featurecla":"Land","min_zoom":1}},
{"type":"Feature","geometry":{"type":"Polygon","coordinates":[[[-155.57,55.82],[-155.62,55.91],[-155.74,55.83],[-155.57,55.82]]]},"properties":{"scalerank":0,"featurecla":"Land","min_zoom":3}},
{"type":"Feature","geometry":{"type":"Polygon","coordinates":[[[-154.68,56.44],[-154.44,56.57],[-154.52,56.6],[-154.73,56.5],[-154.68,56.44]]]},"properties":{"scalerank":0,"featurecla":"Land","min_zoom":3}},
{"type":"Feature","geometry":{"type":"Polygon","coordinates":[[[-154.21,56.51],[-154.12,56.54],[-154.22,56.61],[-154.33,56.54],[-154.21,56.51]]]},"properties":{"scalerank":0,"featurecla":"Land","min_zoom":3}},
{"type":"Feature","geometry":{"type":"Polygon","coordinates":[[[-146.39,60.45],[-146.7,60.41],[-146.62,60.27],[-146.13,60.39],[-146.39,60.45]]]},"properties":{"scalerank":0,"featurecla":"Land","min_zoom":3}},
{"type":"Feature","geometry":{"type":"Polygon","coordinates":[[[-145.12,60.34],[-145.13,60.4],[-145.28,60.34],[-145.12,60.34]]]},"properties":{"scalerank":0,"featurecla":"Land","min_zoom":4}},
{"type":"Feature","geometry":{"type":"Polygon","coordinates":[[[-144.57,59.82],[-144.4,59.92],[-144.25,59.98],[-144.35,60],[-144.54,59.88],[-144.57,59.82]]]},"properties":{"scalerank":0,"featurecla":"Land","min_zoom":3}},
{"type":"Feature","geometry":{"type":"Polygon","coordinates":[[[-147.74,59.81],[-146.99,60.25],[-147.12,60.36],[-147.81,59.9],[-147.74,59.81]]]},"properties":{"scalerank":0,"featurecla":"Land","min_zoom":2}},
{"type":"Feature","geometry":{"type":"Polygon","coordinates":[[[-148.02,60.07],[-148.08,60.15],[-148.23,60.11],[-148.27,60.05],[-148.02,60.07]]]},"properties":{"scalerank":0,"featurecla":"Land","min_zoom":3}},
{"type":"Feature","geometry":{"type":"Polygon","coordinates":[[[-147.66,60.45],[-147.79,60.46],[-147.87,60.23],[-147.73,60.22],[-147.66,60.45]]]},"properties":{"scalerank":0,"featurecla":"Land","min_zoom":3}},
{"type":"Feature","geometry":{"type":"Polygon","coordinates":[[[-147.93,60.83],[-147.96,60.9],[-148.1,60.92],[-148.12,60.84],[-147.93,60.83]]]},"properties":{"scalerank":0,"featurecla":"Land","min_zoom":4}},
{"type":"Feature","geometry":{"type":"Polygon","coordinates":[[[-132.86,54.89],[-133.1,55.21],[-133.25,55.18],[-133.12,54.97],[-132.86,54.89]]]},"properties":{"scalerank":0,"featurecla":"Land","min_zoom":2}},
{"type":"Feature","geometry":{"type":"Polygon","coordinates":[[[-133.99,56.84],[-134.37,56.84],[-134.2,56.41],[-133.86,56.58],[-133.99,56.84]]]},"properties":{"scalerank":0,"featurecla":"Land","min_zoom":2}},
{"type":"Feature","geometry":{"type":"Polygon","coordinates":[[[-133.31,55.54],[-133.63,55.54],[-133.65,55.27],[-133.31,55.54]]]},"properties":{"scalerank":0,"featurecla":"Land","min_zoom":3}},
{"type":"Feature","geometry":{"type":"Polygon","coordinates":[[[-131.34,55.08],[-131.4,55.21],[-131.58,55.2],[-131.6,55.09],[-131.34,55.08]]]},"properties":{"scalerank":0,"featurecla":"Land","min_zoom":3}},
{"type":"Feature","geometry":{"type":"Polygon","coordinates":[[[-132.75,56.53],[-132.57,56.58],[-132.84,56.79],[-132.93,56.52],[-132.75,56.53]]]},"properties":{"scalerank":0,"featurecla":"Land","min_zoom":3}},
{"type":"Feature","geometry":{"type":"Polygon","coordinates":[[[-132.11,56.11],[-132.38,56.5],[-132.66,56.08],[-132.11,56.11]]]},"properties":{"scalerank":0,"featurecla":"Land","min_zoom":0}},
{"type":"Feature","geometry":{"type":"Polygon","coordinates":[[[-132.78,56.25],[-132.71,56.45],[-133.04,56.34],[-132.78,56.25]]]},"properties":{"scalerank":0,"featurecla":"Land","min_zoom":3}},
{"type":"Feature","geometry":{"type":"Polygon","coordinates":[[[-134.31,58.23],[-134.52,58.33],[-134.59,58.24],[-134.31,58.23]]]},"properties":{"scalerank":0,"featurecla":"Land","min_zoom":3}},
{"type":"Feature","geometry":{"type":"Polygon","coordinates":[[[-128.94,52.51],[-128.99,52.66],[-129.15,52.61],[-128.94,52.51]]]},"properties":{"scalerank":0,"featurecla":"Land","min_zoom":3}},
{"type":"Feature","geometry":{"type":"Polygon","coordinates":[[[-130.93,54.48],[-130.81,54.54],[-130.78,54.62],[-130.91,54.63],[-130.93,54.48]]]},"properties":{"scalerank":0,"featurecla":"Land","min_zoom":3}},
{"type":"Feature","geometry":{"type":"Polygon","coordinates":[[[-131.03,51.96],[-131.01,52.1],[-131.12,52.1],[-131.1,52.01],[-131.03,51.96]]]},"properties":{"scalerank":0,"featurecla":"Land","min_zoom":3}},
{"type":"Feature","geometry":{"type":"Polygon","coordinates":[[[-130.24,53.96],[-130.4,54.09],[-130.7,53.95],[-130.38,53.84],[-130.24,53.96]]]},"properties":{"scalerank":0,"featurecla":"Land","min_zoom":3}},
{"type":"Feature","geometry":{"type":"Polygon","coordinates":[[[-129.85,53.17],[-129.94,53.44],[-130.52,53.54],[-129.85,53.17]]]},"properties":{"scalerank":0,"featurecla":"Land","min_zoom":2}},
{"type":"Feature","geometry":{"type":"Polygon","coordinates":[[[-127.92,51.47],[-127.92,51.59],[-128.03,51.71],[-128.15,51.63],[-128.09,51.51],[-127.92,51.47]]]},"properties":{"scalerank":0,"featurecla":"Land","min_zoom":3}},
{"type":"Feature","geometry":{"type":"Polygon","coordinates":[[[-128.37,52.4],[-128.25,52.74],[-128.44,52.7],[-128.37,52.4]]]},"properties":{"scalerank":0,"featurecla":"Land","min_zoom":3}},
{"type":"Feature","geometry":{"type":"Polygon","coordinates":[[[-129.31,52.99],[-129.45,53.17],[-129.5,53.13],[-129.41,53.02],[-129.31,52.99]]]},"properties":{"scalerank":0,"featurecla":"Land","min_zoom":3}},
{"type":"Feature","geometry":{"type":"Polygon","coordinates":[[[-129.17,53.12],[-129.18,53.26],[-129.25,53.29],[-129.32,53.14],[-129.17,53.12]]]},"properties":{"scalerank":0,"featurecla":"Land","min_zoom":3}},
{"type":"Feature","geometry":{"type":"Polygon","coordinates":[[[-139.04,69.58],[-139.14,69.65],[-139.29,69.6],[-139.04,69.58]]]},"properties":{"scalerank":0,"featurecla":"Land","min_zoom":3}},
{"type":"Feature","geometry":{"type":"Polygon","coordinates":[[[-61,8.87],[-60.85,9],[-60.92,9.07],[-61.07,8.95],[-61,8.87]]]},"properties":{"scalerank":0,"featurecla":"Land","min_zoom":3}},
{"type":"Feature","geometry":{"type":"Polygon","coordinates":[[[-80.13,-2.97],[-80.08,-2.67],[-80.22,-2.75],[-80.27,-3],[-80.13,-2.97]]]},"properties":{"scalerank":0,"featurecla":"Land","min_zoom":2}},
{"type":"Feature","geometry":{"type":"Polygon","coordinates":[[[-51.83,-1.43],[-51.28,-1.02],[-51.55,-0.65],[-51.83,-1.43]]]},"properties":{"scalerank":0,"featurecla":"Land","min_zoom":0}},
{"type":"Feature","geometry":{"type":"Polygon","coordinates":[[[-79.07,8.25],[-79.1,8.3],[-79.13,8.25],[-79.11,8.21],[-79.07,8.25]]]},"properties":{"scalerank":0,"featurecla":"Land","min_zoom":4}},
{"type":"Feature","geometry":{"type":"Polygon","coordinates":[[[-78.91,1.25],[-78.9,1.36],[-78.99,1.29],[-78.91,1.25]]]},"properties":{"scalerank":0,"featurecla":"Land","min_zoom":4}},
{"type":"Feature","geometry":{"type":"Polygon","coordinates":[[[-78.11,2.54],[-78.12,2.6],[-78.18,2.65],[-78.19,2.56],[-78.11,2.54]]]},"properties":{"scalerank":0,"featurecla":"Land","min_zoom":4}},
{"type":"Feature","geometry":{"type":"Polygon","coordinates":[[[-60.82,9.14],[-60.78,9.22],[-60.91,9.18],[-60.94,9.11],[-60.82,9.14]]]},"properties":{"scalerank":0,"featurecla":"Land","min_zoom":3}},
{"type":"Feature","geometry":{"type":"Polygon","coordinates":[[[-44.5,-2.94],[-44.48,-2.72],[-44.57,-2.78],[-44.57,-2.92],[-44.5,-2.94]]]},"properties":{"scalerank":0,"featurecla":"Land","min_zoom":3}},
{"type":"Feature","geometry":{"type":"Polygon","coordinates":[[[-38.74,-13.1],[-38.6,-12.99],[-38.61,-12.92],[-38.79,-13.06],[-38.74,-13.1]]]},"properties":{"scalerank":0,"featurecla":"Land","min_zoom":3}},
{"type":"Feature","geometry":{"type":"Polygon","coordinates":[[[-38.9,-13.47],[-38.91,-13.4],[-39.02,-13.45],[-38.98,-13.52],[-38.9,-13.47]]]},"properties":{"scalerank":0,"featurecla":"Land","min_zoom":3}},
{"type":"Feature","geometry":{"type":"Polygon","coordinates":[[[-44.88,-1.32],[-44.98,-1.27],[-44.97,-1.39],[-44.88,-1.32]]]},"properties":{"scalerank":0,"featurecla":"Land","min_zoom":3}},
{"type":"Feature","geometry":{"type":"Polygon","coordinates":[[[-49.74,0.27],[-50.27,0.23],[-50.34,0.04],[-49.84,0.01],[-49.74,0.27]]]},"properties":{"scalerank":0,"featurecla":"Land","min_zoom":2}},
{"type":"Feature","geometry":{"type":"Polygon","coordinates":[[[-50.3,1.94],[-50.34,2.14],[-50.49,2.13],[-50.46,1.91],[-50.3,1.94]]]},"properties":{"scalerank":0,"featurecla":"Land","min_zoom":3}},
{"type":"Feature","geometry":{"type":"Polygon","coordinates":[[[-50.65,-0.13],[-51,-0.11],[-50.93,-0.33],[-50.65,-0.13]]]},"properties":{"scalerank":0,"featurecla":"Land","min_zoom":2}},
{"type":"Feature","geometry":{"type":"Polygon","coordinates":[[[-49.44,-0.11],[-49.5,0.08],[-49.71,0.02],[-49.71,-0.14],[-49.44,-0.11]]]},"properties":{"scalerank":0,"featurecla":"Land","min_zoom":2}},
{"type":"Feature","geometry":{"type":"Polygon","coordinates":[[[-50.43,0.14],[-50.61,0.2],[-50.62,0.05],[-50.44,-0.01],[-50.43,0.14]]]},"properties":{"scalerank":0,"featurecla":"Land","min_zoom":2}},
{"type":"Feature","geometry":{"type":"Polygon","coordinates":[[[-50.15,0.39],[-50.04,0.52],[-50.25,0.59],[-50.26,0.36],[-50.15,0.39]]]},"properties":{"scalerank":0,"featurecla":"Land","min_zoom":3}},
{"type":"Feature","geometry":{"type":"Polygon","coordinates":[[[-90.33,-0.77],[-90.27,-0.48],[-90.47,-0.52],[-90.33,-0.77]]]},"properties":{"scalerank":0,"featurecla":"Land","min_zoom":2}},
{"type":"Feature","geometry":{"type":"Polygon","coordinates":[[[-89.42,-0.91],[-89.42,-0.72],[-89.61,-0.89],[-89.42,-0.91]]]},"properties":{"scalerank":0,"featurecla":"Land","min_zoom":3}},
{"type":"Feature","geometry":{"type":"Polygon","coordinates":[[[-81.6,7.33],[-81.67,7.52],[-81.85,7.45],[-81.6,7.33]]]},"properties":{"scalerank":0,"featurecla":"Land","min_zoom":3}},
{"type":"Feature","geometry":{"type":"Polygon","coordinates":[[[-91.43,-0.46],[-91.46,-0.26],[-91.65,-0.39],[-91.43,-0.46]]]},"properties":{"scalerank":0,"featurecla":"Land","min_zoom":3}},
{"type":"Feature","geometry":{"type":"Polygon","coordinates":[[[-90.42,-1.34],[-90.38,-1.29],[-90.48,-1.22],[-90.52,-1.3],[-90.42,-1.34]]]},"properties":{"scalerank":0,"featurecla":"Land","min_zoom":3}},
{"type":"Feature","geometry":{"type":"Polygon","coordinates":[[[-91.27,0.03],[-91.37,-0.29],[-90.91,-0.94],[-90.8,-0.75],[-91.27,0.03]]]},"properties":{"scalerank":0,"featurecla":"Land","min_zoom":2}},
{"type":"Feature","geometry":{"type":"Polygon","coordinates":[[[-90.57,-0.33],[-90.67,-0.19],[-90.78,-0.16],[-90.81,-0.33],[-90.57,-0.33]]]},"properties":{"scalerank":0,"featurecla":"Land","min_zoom":3}},
{"type":"Feature","geometry":{"type":"Polygon","coordinates":[[[-109.28,-27.14],[-109.39,-27.07],[-109.43,-27.17],[-109.28,-27.14]]]},"properties":{"scalerank":0,"featurecla":"Land","min_zoom":3}},
{"type":"Feature","geometry":{"type":"Polygon","coordinates":[[[-106.5,21.61],[-106.54,21.68],[-106.64,21.7],[-106.61,21.56],[-106.5,21.61]]]},"properties":{"scalerank":0,"featurecla":"Land","min_zoom":3}},
{"type":"Feature","geometry":{"type":"Polygon","coordinates":[[[-110.91,18.74],[-110.99,18.86],[-111.06,18.78],[-110.91,18.74]]]},"properties":{"scalerank":0,"featurecla":"Land","min_zoom":3}},
{"type":"Feature","geometry":{"type":"Polygon","coordinates":[[[-110.57,25],[-110.69,25.09],[-110.66,24.97],[-110.57,25]]]},"properties":{"scalerank":0,"featurecla":"Land","min_zoom":3}},
{"type":"Feature","geometry":{"type":"Polygon","coordinates":[[[-109.81,24.15],[-109.79,24.18],[-109.9,24.33],[-109.88,24.2],[-109.81,24.15]]]},"properties":{"scalerank":0,"featurecla":"Land","min_zoom":3}},
{"type":"Feature","geometry":{"type":"Polygon","coordinates":[[[-113.16,29.05],[-113.2,29.3],[-113.58,29.41],[-113.26,29.1],[-113.16,29.05]]]},"properties":{"scalerank":0,"featurecla":"Land","min_zoom":2}},
{"type":"Feature","geometry":{"type":"Polygon","coordinates":[[[-114.69,31.71],[-114.71,31.76],[-114.77,31.79],[-114.79,31.75],[-114.69,31.71]]]},"properties":{"scalerank":0,"featurecla":"Land","min_zoom":4}},
{"type":"Feature","geometry":{"type":"Polygon","coordinates":[[[-115.17,28.07],[-115.2,28.33],[-115.35,28.1],[-115.17,28.07]]]},"properties":{"scalerank":0,"featurecla":"Land","min_zoom":3}},
{"type":"Feature","geometry":{"type":"Polygon","coordinates":[[[-111.7,24.39],[-111.86,24.54],[-112.01,24.53],[-111.71,24.35],[-111.7,24.39]]]},"properties":{"scalerank":0,"featurecla":"Land","min_zoom":3}},
{"type":"Feature","geometry":{"type":"Polygon","coordinates":[[[-111.1,26.02],[-111.18,26.04],[-111.2,25.85],[-111.14,26],[-111.1,26.02]]]},"properties":{"scalerank":0,"featurecla":"Land","min_zoom":3}},
{"type":"Feature","geometry":{"type":"Polygon","coordinates":[[[-112.2,29.01],[-112.47,29.17],[-112.51,28.85],[-112.28,28.77],[-112.2,29.01]]]},"properties":{"scalerank":0,"featurecla":"Land","min_zoom":1}},
{"type":"Feature","geometry":{"type":"Polygon","coordinates":[[[-112.06,24.55],[-112.22,24.95],[-112.3,24.79],[-112.06,24.55]]]},"properties":{"scalerank":0,"featurecla":"Land","min_zoom":3}},
{"type":"Feature","geometry":{"type":"Polygon","coordinates":[[[166.98,-45.18],[166.89,-45.24],[167.02,-45.3],[166.98,-45.18]]]},"properties":{"scalerank":0,"featurecla":"Land","min_zoom":4}},
{"type":"Feature","geometry":{"type":"Polygon","coordinates":[[[124.32,10.61],[124.38,10.63],[124.38,10.68],[124.33,10.71],[124.32,10.61]]]},"properties":{"scalerank":0,"featurecla":"Land","min_zoom":4}},
{"type":"Feature","geometry":{"type":"Polygon","coordinates":[[[125.28,9.98],[125.23,10.12],[125.16,10.06],[125.28,9.98]]]},"properties":{"scalerank":0,"featurecla":"Land","min_zoom":3}},
{"type":"Feature","geometry":{"type":"Polygon","coordinates":[[[122.94,7.41],[122.8,7.39],[122.8,7.32],[122.94,7.36],[122.94,7.41]]]},"properties":{"scalerank":0,"featurecla":"Land","min_zoom":3}},
{"type":"Feature","geometry":{"type":"Polygon","coordinates":[[[125.78,6.96],[125.78,7.13],[125.68,7.07],[125.78,6.96]]]},"properties":{"scalerank":0,"featurecla":"Land","min_zoom":3}},
{"type":"Feature","geometry":{"type":"Polygon","coordinates":[[[125.97,9.59],[125.99,9.68],[125.95,9.74],[125.92,9.62],[125.97,9.59]]]},"properties":{"scalerank":0,"featurecla":"Land","min_zoom":4}},
{"type":"Feature","geometry":{"type":"Polygon","coordinates":[[[124.61,11.49],[124.51,11.69],[124.36,11.67],[124.48,11.49],[124.61,11.49]]]},"properties":{"scalerank":0,"featurecla":"Land","min_zoom":3}},
{"type":"Feature","geometry":{"type":"Polygon","coordinates":[[[124.85,11.59],[124.79,11.68],[124.74,11.66],[124.78,11.58],[124.85,11.59]]]},"properties":{"scalerank":0,"featurecla":"Land","min_zoom":3}},
{"type":"Feature","geometry":{"type":"Polygon","coordinates":[[[134.82,-6.43],[134.89,-6.32],[134.85,-6.32],[134.8,-6.39],[134.82,-6.43]]]},"properties":{"scalerank":0,"featurecla":"Land","min_zoom":4}},
{"type":"Feature","geometry":{"type":"Polygon","coordinates":[[[134.67,-6.75],[134.73,-6.67],[134.7,-6.63],[134.63,-6.71],[134.67,-6.75]]]},"properties":{"scalerank":0,"featurecla":"Land","min_zoom":4}},
{"type":"Feature","geometry":{"type":"Polygon","coordinates":[[[127.99,-2.94],[127.94,-2.95],[127.85,-3.02],[127.94,-3.02],[127.99,-2.94]]]},"properties":{"scalerank":0,"featurecla":"Land","min_zoom":4}},
{"type":"Feature","geometry":{"type":"Polygon","coordinates":[[[127.61,-3.32],[127.55,-3.25],[127.49,-3.29],[127.53,-3.33],[127.61,-3.32]]]},"properties":{"scalerank":0,"featurecla":"Land","min_zoom":4}},
{"type":"Feature","geometry":{"type":"Polygon","coordinates":[[[124.05,-5.97],[124.02,-5.9],[123.97,-5.94],[124.05,-5.97]]]},"properties":{"scalerank":0,"featurecla":"Land","min_zoom":4}},
{"type":"Feature","geometry":{"type":"Polygon","coordinates":[[[123.63,-5.27],[123.55,-5.33],[123.62,-5.37],[123.63,-5.27]]]},"properties":{"scalerank":0,"featurecla":"Land","min_zoom":4}},
{"type":"Feature","geometry":{"type":"Polygon","coordinates":[[[120.77,-7.12],[120.75,-7.06],[120.63,-7.02],[120.64,-7.12],[120.77,-7.12]]]},"properties":{"scalerank":0,"featurecla":"Land","min_zoom":3}},
{"type":"Feature","geometry":{"type":"Polygon","coordinates":[[[122.98,-8.55],[122.93,-8.5],[122.89,-8.59],[122.95,-8.6],[122.98,-8.55]]]},"properties":{"scalerank":0,"featurecla":"Land","min_zoom":3}},
{"type":"Feature","geometry":{"type":"Polygon","coordinates":[[[117.56,-8.37],[117.67,-8.19],[117.49,-8.18],[117.56,-8.37]]]},"properties":{"scalerank":0,"featurecla":"Land","min_zoom":3}},
{"type":"Feature","geometry":{"type":"Polygon","coordinates":[[[70.02,66.5],[70.08,66.7],[69.47,66.72],[69.65,66.57],[70.02,66.5]]]},"properties":{"scalerank":0,"featurecla":"Land","min_zoom":3}},
{"type":"Feature","geometry":{"type":"Polygon","coordinates":[[[96.85,76.2],[97.05,76.3],[96.88,76.36],[96.74,76.26],[96.85,76.2]]]},"properties":{"scalerank":0,"featurecla":"Land","min_zoom":4}},
{"type":"Feature","geometry":{"type":"Polygon","coordinates":[[[100.14,79.61],[100.3,79.67],[99.96,79.69],[99.92,79.6],[100.14,79.61]]]},"properties":{"scalerank":0,"featurecla":"Land","min_zoom":4}},
{"type":"Feature","geometry":{"type":"Polygon","coordinates":[[[161.47,68.9],[161.35,69.37],[161.14,69.11],[161.47,68.9]]]},"properties":{"scalerank":0,"featurecla":"Land","min_zoom":2}},
{"type":"Feature","geometry":{"type":"Polygon","coordinates":[[[129.72,31.66],[129.79,31.74],[129.71,31.72],[129.72,31.66]]]},"properties":{"scalerank":0,"featurecla":"Land","min_zoom":4}},
{"type":"Feature","geometry":{"type":"Polygon","coordinates":[[[126.42,36.49],[126.39,36.57],[126.32,36.61],[126.34,36.47],[126.42,36.49]]]},"properties":{"scalerank":0,"featurecla":"Land","min_zoom":3}},
{"type":"Feature","geometry":{"type":"Polygon","coordinates":[[[124.91,39.54],[124.93,39.61],[124.89,39.6],[124.85,39.56],[124.91,39.54]]]},"properties":{"scalerank":0,"featurecla":"Land","min_zoom":4}},
{"type":"Feature","geometry":{"type":"Polygon","coordinates":[[[121.25,28.09],[121.21,28.2],[121.13,28.14],[121.25,28.09]]]},"properties":{"scalerank":0,"featurecla":"Land","min_zoom":3}},
{"type":"Feature","geometry":{"type":"Polygon","coordinates":[[[113.56,22.8],[113.46,22.9],[113.43,22.86],[113.56,22.8]]]},"properties":{"scalerank":0,"featurecla":"Land","min_zoom":4}},
{"type":"Feature","geometry":{"type":"Polygon","coordinates":[[[112.79,21.6],[112.8,21.69],[112.71,21.7],[112.74,21.62],[112.79,21.6]]]},"properties":{"scalerank":0,"featurecla":"Land","min_zoom":3}},
{"type":"Feature","geometry":{"type":"Polygon","coordinates":[[[112.64,21.64],[112.65,21.71],[112.56,21.67],[112.55,21.62],[112.64,21.64]]]},"properties":{"scalerank":0,"featurecla":"Land","min_zoom":4}},
{"type":"Feature","geometry":{"type":"Polygon","coordinates":[[[114,22.21],[114,22.28],[113.88,22.28],[113.88,22.21],[114,22.21]]]},"properties":{"scalerank":0,"featurecla":"Land","min_zoom":3}},
{"type":"Feature","geometry":{"type":"Polygon","coordinates":[[[107.17,10.4],[107.08,10.39],[107.08,10.34],[107.17,10.4]]]},"properties":{"scalerank":0,"featurecla":"Land","min_zoom":4}},
{"type":"Feature","geometry":{"type":"Polygon","coordinates":[[[103.32,10.72],[103.22,10.76],[103.28,10.68],[103.32,10.72]]]},"properties":{"scalerank":0,"featurecla":"Land","min_zoom":4}},
{"type":"Feature","geometry":{"type":"Polygon","coordinates":[[[8.59,54.71],[8.51,54.76],[8.42,54.74],[8.45,54.69],[8.59,54.71]]]},"properties":{"scalerank":0,"featurecla":"Land","min_zoom":4}},
{"type":"Feature","geometry":{"type":"Polygon","coordinates":[[[6.73,53.58],[6.75,53.63],[6.67,53.61],[6.73,53.58]]]},"properties":{"scalerank":0,"featurecla":"Land","min_zoom":4}},
{"type":"Feature","geometry":{"type":"Polygon","coordinates":[[[-86.59,71.01],[-85.02,71.35],[-86.04,71.77],[-86.63,72.87],[-84.97,73.69],[-86.77,73.83],[-87.72,73.72],[-89.26,73.07],[-90.03,71.95],[-89.85,71.49],[-88.85,70.52],[-87.9,70.25],[-86.62,70.4],[-86.32,70.15],[-82.14,69.84],[-81.1,70.09],[-79.62,69.89],[-78.81,70.18],[-75.79,69.32],[-76.4,68.69],[-74.92,68.98],[-74.65,68.71],[-73.33,68.27],[-72.22,67.25],[-74.43,66.14],[-73.56,65.54],[-75.83,65.23],[-77.33,65.45],[-78.1,64.94],[-77.79,64.37],[-76.72,64.24],[-75.07,64.46],[-74.51,64.67],[-73.44,64.42],[-71.25,63.04],[-70.24,62.76],[-69.55,62.74],[-69.08,62.41],[-66.26,61.87],[-66.28,62.3],[-67.68,63.09],[-65.98,63],[-65.27,62.72],[-65.07,63.26],[-64.51,63.26],[-64.68,64.03],[-65.27,64.63],[-66.86,65.09],[-68.26,65.94],[-67.18,66.03],[-66.48,66.28],[-65.31,66.01],[-65.4,65.76],[-64.67,65.17],[-63.4,65.12],[-63.36,65.54],[-62.66,65.64],[-61.3,66.65],[-61.97,67.02],[-62.38,66.91],[-63.04,67.24],[-64.01,67.35],[-64.53,67.81],[-66.23,67.96],[-68.04,68.55],[-67.75,69.04],[-66.77,69.34],[-68.51,69.58],[-67.36,70.03],[-69.17,70.76],[-70.56,70.74],[-71.46,71.46],[-74.32,71.84],[-75.19,72.43],[-76.89,72.72],[-78,72.69],[-79,72.27],[-80.94,72.21],[-80.27,72.75],[-81.41,73.63],[-82.66,73.73],[-85.02,73.34],[-85.64,72.77],[-85.34,72.42],[-85.91,71.99],[-84.66,71.59],[-84.79,71.09],[-86.59,71.01]]]},"properties":{"scalerank":0,"featurecla":"Land","min_zoom":0}},
{"type":"Feature","geometry":{"type":"Polygon","coordinates":[[[-69.49,83.02],[-69.97,83.12],[-79.89,82.94],[-82.12,82.6],[-86.58,82.19],[-90.49,81.88],[-88.98,81.54],[-89.95,81.17],[-88.92,80.81],[-85.31,80.53],[-83.4,80.71],[-80.05,80.53],[-83.72,80.23],[-86.31,80.32],[-86.42,79.85],[-85.09,79.61],[-84.32,78.98],[-86.81,78.77],[-88.09,77.72],[-86.87,77.2],[-89.5,76.83],[-89.57,76.49],[-85.14,76.3],[-81.17,76.51],[-80.69,76.18],[-78.28,76.57],[-78.29,76.98],[-79.34,77.16],[-78.08,77.52],[-78.01,77.95],[-75.87,78.01],[-74.43,78.72],[-76.26,79.01],[-75.26,79.42],[-71.39,79.76],[-70.14,80.4],[-65.48,81.28],[-64.57,81.73],[-62.18,82.04],[-61.39,82.44],[-64.78,82.88],[-69.49,83.02]]]},"properties":{"scalerank":0,"featurecla":"Land","min_zoom":0}},
{"type":"Feature","geometry":{"type":"Polygon","coordinates":[[[-94.31,71.76],[-95.2,71.9],[-96.41,71.27],[-96.55,70.33],[-96.12,69.87],[-94.27,69.46],[-93.65,68.54],[-95.65,67.74],[-96.04,68.16],[-97.27,68.45],[-98.22,68.32],[-98.42,67.83],[-99.15,67.72],[-100.46,67.84],[-101.55,67.69],[-102.69,67.81],[-103.47,68.12],[-104.19,68.03],[-105.43,68.46],[-106.16,68.92],[-108.31,68.61],[-108.26,68.15],[-107.16,66.88],[-108.59,67.59],[-110.04,67.98],[-112.44,67.68],[-113.89,67.71],[-115.43,67.92],[-114.41,68.66],[-118.1,69.04],[-120.29,69.42],[-120.96,69.66],[-123.03,69.81],[-123.61,69.38],[-124.77,69.99],[-126.06,69.47],[-127.14,70.24],[-127.76,70.22],[-128.97,69.71],[-130.5,70.14],[-133.16,69.43],[-135.14,69.47],[-135.88,68.92],[-136.72,68.89],[-138.13,69.15],[-139.18,69.52],[-141.41,69.65],[-143.22,70.12],[-145.2,70.01],[-145.82,70.16],[-147.71,70.22],[-149.27,70.5],[-151.94,70.45],[-152.23,70.81],[-154.2,70.8],[-155.17,71.1],[-156.78,71.32],[-158,70.85],[-159.31,70.88],[-161,70.3],[-161.88,70.33],[-162.95,69.76],[-163.16,69.39],[-164.3,68.94],[-166.21,68.89],[-166.38,68.43],[-164.13,67.61],[-163.72,67.2],[-161.97,67.05],[-161.86,66.7],[-160.86,66.67],[-161.82,66.05],[-163.7,66.08],[-163.78,66.53],[-164.67,66.56],[-168.09,65.66],[-167.4,65.42],[-166.14,64.58],[-164.9,64.46],[-163.71,64.59],[-162.81,64.37],[-161.76,64.82],[-160.93,64.58],[-160.78,63.82],[-161.1,63.56],[-161.97,63.45],[-163.36,63.05],[-164.41,63.22],[-165.19,62.47],[-166.08,61.8],[-165.57,61.1],[-164.81,60.89],[-165.35,60.54],[-164.66,60.3],[-163.91,59.81],[-163.22,59.85],[-162.24,60.18],[-161.83,59.59],[-161.76,58.61],[-160.36,59.05],[-159.67,58.91],[-159.08,58.47],[-158.5,58.85],[-157.52,58.42],[-157.61,57.6],[-159.28,56.69],[-160.3,56.31],[-160.85,55.77],[-161.22,56.02],[-162.16,55.72],[-162.96,55.18],[-162.07,55.14],[-161.74,55.39],[-161.1,55.41],[-159.96,55.79],[-159.52,55.81],[-158.28,56.2],[-158.41,56.44],[-157.58,56.63],[-156.48,57.11],[-156.48,57.33],[-155.01,58.02],[-154.25,58.16],[-153.33,58.86],[-154.13,59.12],[-154.09,59.36],[-153.11,59.88],[-151.75,60.75],[-150.61,61.3],[-150.44,61.02],[-151.32,60.74],[-151.73,59.99],[-151.74,59.19],[-150.96,59.24],[-149.43,60],[-148.43,59.99],[-148.2,60.17],[-148.34,60.85],[-148.21,61.03],[-147.89,60.89],[-147.59,60.98],[-146.87,61],[-145.9,60.48],[-145.25,60.38],[-144.98,60.54],[-144.9,60.34],[-143.81,60.01],[-142.95,60.1],[-140.22,59.73],[-138.35,59.09],[-137.54,58.58],[-136.58,58.25],[-135.86,58.58],[-135.3,58.26],[-134.78,58.45],[-134.06,58.21],[-133.55,57.7],[-133.47,57.17],[-132.81,57.04],[-131.84,56.16],[-130.92,55.74],[-131.05,55.16],[-130.85,54.81],[-130.04,54.13],[-130.34,53.72],[-129.56,53.25],[-129.28,53.39],[-128.65,53.24],[-128.11,52.86],[-128.36,52.16],[-127.64,51.48],[-127.71,51.15],[-127.06,50.87],[-126.4,50.81],[-126.4,50.53],[-125.06,50.42],[-124.78,50.02],[-124.14,49.79],[-123.86,49.48],[-123.34,49.46],[-122.79,48.99],[-122.24,48.01],[-122.66,47.88],[-122.86,48.09],[-123.98,48.17],[-124.63,48.38],[-124.07,46.74],[-123.93,45.58],[-124.15,43.69],[-124.54,42.81],[-124.07,41.38],[-124.37,40.49],[-123.88,39.86],[-123.7,38.91],[-122.47,37.84],[-122.39,37.21],[-121.79,36.73],[-121.88,36.33],[-120.63,35.08],[-120.48,34.47],[-119.61,34.42],[-119.14,34.11],[-118.51,34.02],[-117.47,33.3],[-117.24,32.66],[-116.66,31.56],[-116.06,30.8],[-115.67,29.76],[-114.99,29.38],[-114.05,28.43],[-114.3,27.87],[-114.99,27.74],[-114.45,27.22],[-113.84,26.97],[-113.6,26.72],[-113.21,26.86],[-113.02,26.58],[-112.38,26.21],[-112.06,25.49],[-112.07,24.84],[-110.36,23.6],[-109.92,22.89],[-109.46,23.21],[-109.42,23.48],[-110.02,24.17],[-110.55,24.21],[-110.68,24.79],[-111.03,25.53],[-111.29,25.79],[-111.57,26.71],[-112.01,26.97],[-112.33,27.52],[-112.73,27.83],[-112.87,28.42],[-113.5,28.93],[-113.76,29.37],[-114.37,29.83],[-114.65,30.24],[-114.88,31.16],[-114.84,31.8],[-114.93,31.9],[-114.7,31.78],[-114.55,31.73],[-114.15,31.51],[-113.05,31.18],[-113.11,30.79],[-112.74,29.99],[-112.16,29.02],[-111.12,27.97],[-110.53,27.86],[-110.48,27.32],[-109.94,27.08],[-109.2,26.31],[-109.38,25.73],[-108.37,25.19],[-107.95,24.61],[-106.94,23.88],[-106.4,23.2],[-105.79,22.63],[-105.65,21.99],[-105.21,21.49],[-105.24,21.12],[-105.67,20.39],[-105.48,19.98],[-104.94,19.31],[-103.91,18.83],[-103.44,18.33],[-102.7,18.06],[-101.85,17.92],[-101.6,17.65],[-100.85,17.2],[-99.69,16.72],[-98.76,16.53],[-98.52,16.3],[-97.75,15.97],[-97.18,15.91],[-96.51,15.65],[-95.46,15.97],[-94.9,16.42],[-93.92,16.05],[-92.81,15.14],[-91.82,14.23],[-91.15,13.93],[-90.61,13.93],[-89.8,13.56],[-89.28,13.48],[-88.51,13.18],[-87.93,13.18],[-86.76,12.16],[-86.47,11.74],[-85.75,11.09],[-85.67,10.75],[-85.83,10.4],[-85.62,9.9],[-85.11,9.58],[-84.66,9.65],[-83.9,9.28],[-83.64,9.04],[-83.73,8.61],[-83.16,8.59],[-83.12,8.35],[-81.73,8.14],[-81.5,7.72],[-81.04,7.71],[-80.85,7.22],[-80.44,7.27],[-80.08,7.67],[-80.46,8.08],[-80.37,8.29],[-79.75,8.6],[-79.44,9.01],[-79.09,9],[-78.11,8.38],[-78.42,8.06],[-78.17,7.54],[-77.36,6.5],[-77.47,6.18],[-77.25,5.78],[-77.4,5.42],[-77.29,4.72],[-77.43,4.06],[-77.17,3.86],[-77.67,2.88],[-78.12,2.49],[-78.62,2.31],[-78.9,1.21],[-79.74,0.98],[-80.09,0.78],[-80.13,-0.01],[-80.48,-0.37],[-80.55,-0.85],[-80.9,-1.08],[-80.77,-2.08],[-80.45,-2.63],[-79.73,-2.58],[-80.03,-3.23],[-80.8,-3.73],[-81.28,-4.32],[-81.34,-4.67],[-81.11,-5.03],[-80.88,-5.76],[-81.18,-5.94],[-80.81,-6.28],[-80.11,-6.65],[-79.76,-7.07],[-79.38,-7.84],[-78.76,-8.62],[-78.19,-10.09],[-77.74,-10.84],[-77.63,-11.29],[-77.22,-11.66],[-77.15,-12.06],[-76.83,-12.35],[-76.18,-13.52],[-76.29,-14.13],[-75.93,-14.63],[-75.53,-14.9],[-75.1,-15.41],[-73.82,-16.15],[-72.47,-16.71],[-71.53,-17.29],[-71.34,-17.68],[-70.36,-18.4],[-70.15,-19.81],[-70.2,-20.73],[-70.09,-21.49],[-70.33,-22.85],[-70.56,-23.06],[-70.49,-23.78],[-70.57,-24.64],[-70.45,-25.17],[-70.71,-25.78],[-70.65,-26.33],[-71.05,-27.73],[-71.19,-28.38],[-71.52,-28.93],[-71.32,-29.65],[-71.4,-30.14],[-71.67,-30.33],[-71.66,-31.17],[-71.45,-32.66],[-71.74,-33.1],[-71.66,-33.65],[-72,-34.17],[-72.22,-35.1],[-72.62,-35.59],[-73.22,-37.17],[-73.6,-37.19],[-73.66,-37.7],[-73.23,-39.22],[-73.67,-40.08],[-73.97,-41.12],[-73.52,-41.8],[-73.01,-41.54],[-72.5,-41.98],[-72.79,-42.3],[-73,-43.63],[-73.27,-44.17],[-72.66,-44.44],[-72.74,-44.73],[-73.36,-44.98],[-73.55,-45.48],[-74.04,-45.42],[-74.16,-45.77],[-75.07,-45.87],[-74.92,-46.16],[-75.66,-46.61],[-74.15,-46.97],[-74.65,-47.7],[-74.34,-48.6],[-74.33,-49.97],[-75.09,-50.68],[-74.81,-51.06],[-73.9,-51.33],[-73.97,-51.78],[-73.52,-52.04],[-74.01,-52.64],[-73.05,-53.24],[-71.4,-53.11],[-72.17,-53.63],[-71.3,-53.88],[-71,-53.78],[-70.8,-52.77],[-69.56,-52.42],[-69.24,-52.21],[-68.39,-52.31],[-69.03,-51.64],[-69.24,-50.95],[-68.94,-50.38],[-67.78,-49.86],[-67.68,-49.25],[-67.03,-48.63],[-65.81,-47.94],[-65.74,-47.34],[-66,-47.09],[-66.78,-47.01],[-67.56,-46.35],[-67.56,-45.97],[-66.94,-45.26],[-66.19,-44.96],[-65.64,-45.01],[-65.36,-44.48],[-65.28,-43.63],[-64.99,-43.29],[-64.43,-43.06],[-65.03,-42.76],[-64.65,-42.53],[-64.13,-42.86],[-63.69,-42.81],[-63.6,-42.41],[-64.42,-42.43],[-65.06,-41.97],[-65.13,-40.88],[-64.85,-40.81],[-63.77,-41.15],[-62.96,-41.11],[-62.4,-40.89],[-62.29,-39.9],[-62.05,-39.37],[-62.07,-38.92],[-61.11,-38.99],[-59.83,-38.84],[-58.18,-38.44],[-57.55,-38.09],[-57.4,-37.74],[-56.67,-36.85],[-56.7,-36.43],[-57.26,-36.14],[-57.3,-35.19],[-58.28,-34.68],[-58.53,-34.3],[-58.4,-33.91],[-57.83,-34.48],[-57.17,-34.45],[-56.86,-34.68],[-56.12,-34.91],[-55.67,-34.78],[-54.9,-34.93],[-54.17,-34.67],[-53.79,-34.38],[-53.42,-33.78],[-52.65,-33.14],[-52.13,-32.17],[-52.19,-31.89],[-51.97,-31.38],[-51.46,-31.05],[-51.16,-30.36],[-50.3,-30.43],[-49.75,-29.36],[-49.27,-28.87],[-48.8,-28.58],[-48.62,-28.08],[-48.55,-27.2],[-48.68,-26.7],[-48.65,-26.41],[-48.75,-26.27],[-48.62,-26.18],[-48.55,-25.82],[-47.88,-25],[-46.87,-24.24],[-45.97,-23.8],[-45.42,-23.69],[-44.64,-23.06],[-43.87,-22.91],[-43.53,-23.05],[-42.04,-22.95],[-41.71,-22.31],[-41.12,-22.08],[-41.05,-21.51],[-40.79,-20.91],[-40.4,-20.57],[-39.7,-19.28],[-39.74,-18.64],[-39.49,-17.99],[-39.15,-17.7],[-39.22,-17.32],[-38.88,-15.86],[-39.06,-14.65],[-38.94,-14.03],[-39.09,-13.59],[-38.79,-12.78],[-38.24,-12.84],[-37.69,-12.1],[-37.41,-11.5],[-36.94,-10.82],[-36.4,-10.48],[-35.34,-9.23],[-35.16,-8.93],[-34.83,-7.97],[-34.81,-7.29],[-35.24,-5.57],[-35.55,-5.13],[-36.59,-5.1],[-37.17,-4.91],[-38.05,-4.22],[-38.48,-3.72],[-39.96,-2.86],[-40.47,-2.8],[-41.32,-2.94],[-41.88,-2.75],[-42.25,-2.79],[-42.94,-2.47],[-43.93,-2.58],[-44.31,-2.54],[-44.65,-1.75],[-45.08,-1.47],[-45.64,-1.35],[-46.81,-0.78],[-47.4,-0.63],[-48.12,-0.74],[-48.99,-1.83],[-49.31,-1.73],[-49.72,-1.93],[-50,-1.83],[-50.4,-2.02],[-50.69,-1.76],[-50.92,-1.12],[-51.95,-1.59],[-51.7,-0.76],[-51.28,-0.09],[-50.82,0.17],[-50.29,0.84],[-49.9,1.16],[-49.96,1.66],[-50.46,1.83],[-50.66,2.13],[-51.05,3.28],[-51.22,4.09],[-51.67,4.23],[-52.29,4.94],[-52.9,5.43],[-53.85,5.78],[-54.83,5.99],[-55.83,5.96],[-55.94,5.8],[-56.97,5.99],[-57.98,6.79],[-58.48,7.04],[-58.63,7.55],[-59.2,8.07],[-59.98,8.53],[-60.8,8.59],[-61.3,8.41],[-61.05,9.1],[-60.79,9.36],[-62.52,10.18],[-62.84,10.42],[-62.7,10.75],[-63.87,10.66],[-64.85,10.1],[-65.85,10.26],[-66.25,10.63],[-66.99,10.61],[-67.87,10.47],[-68.23,10.57],[-68.4,11.16],[-68.83,11.43],[-69.63,11.48],[-70,12.18],[-70.29,11.89],[-70.23,11.37],[-71.47,10.96],[-71.39,10.26],[-71.05,9.71],[-71.3,9.13],[-71.69,9.07],[-72.11,9.82],[-71.59,10.66],[-71.95,11.41],[-71.14,12.05],[-71.26,12.34],[-71.71,12.42],[-72.14,12.19],[-72.28,11.89],[-72.72,11.71],[-73.31,11.3],[-74.06,11.34],[-74.45,10.99],[-74.84,11.11],[-75.45,10.61],[-75.67,10.2],[-75.64,9.45],[-76.14,9.27],[-76.28,8.99],[-76.89,8.62],[-77.34,8.64],[-78.08,9.24],[-78.5,9.41],[-79.58,9.6],[-80.13,9.21],[-80.84,8.89],[-81.35,8.78],[-82.24,9.03],[-82.37,9.43],[-82.78,9.67],[-83.45,10.47],[-83.87,11.3],[-83.65,11.64],[-83.77,11.93],[-83.51,12.41],[-83.57,13.32],[-83.41,14],[-83.19,14.34],[-83.37,15.24],[-83.76,15.22],[-84.26,15.82],[-84.97,15.99],[-85.48,15.9],[-85.78,16],[-86.36,15.78],[-86.91,15.76],[-87.62,15.91],[-88.13,15.7],[-88.89,15.89],[-88.31,16.63],[-88.27,17.61],[-88.1,18.12],[-87.76,18.45],[-87.42,19.58],[-87.47,20.1],[-86.86,20.89],[-86.82,21.42],[-88.13,21.62],[-88.88,21.41],[-89.82,21.27],[-90.35,21.01],[-90.51,19.91],[-90.74,19.35],[-91.34,18.9],[-91.28,18.62],[-91.8,18.47],[-91.97,18.72],[-92.71,18.61],[-92.88,18.47],[-93.55,18.43],[-94.55,18.17],[-94.8,18.51],[-95.18,18.7],[-95.82,18.75],[-96.29,19.34],[-96.46,19.87],[-97.12,20.61],[-97.64,21.6],[-97.86,22.62],[-97.67,24.39],[-97.14,26.03],[-97.4,26.4],[-97.55,26.97],[-97.17,27.88],[-97.16,28.14],[-96.56,28.37],[-96.45,28.59],[-95.85,28.64],[-95.27,28.96],[-94.89,29.37],[-93.69,29.77],[-93.18,29.78],[-92.26,29.56],[-91.89,29.84],[-91.33,29.51],[-91.29,29.29],[-90.75,29.13],[-90.1,29.18],[-89.59,29.92],[-90.41,30.14],[-90.23,30.38],[-89.59,30.17],[-88.91,30.42],[-87.79,30.29],[-86.26,30.49],[-85.35,29.88],[-85.32,29.68],[-84.38,29.91],[-84.04,30.1],[-83.69,29.93],[-82.65,28.89],[-82.84,27.85],[-82.66,27.72],[-82.44,27.06],[-81.87,26.44],[-81.72,25.98],[-81.36,25.83],[-81.1,25.32],[-80.74,25.16],[-80.37,25.33],[-80.13,25.83],[-80.04,26.57],[-80.23,27.21],[-80.65,28.18],[-80.52,28.49],[-80.9,29.05],[-81.25,29.79],[-81.52,30.87],[-80.85,32.11],[-79.28,33.14],[-78.92,33.66],[-78.58,33.87],[-78.01,33.91],[-77.75,34.28],[-76.74,34.94],[-76.51,35.27],[-75.77,35.65],[-75.77,35.9],[-76.48,36.03],[-75.89,36.66],[-76.26,37.36],[-76.26,37.89],[-76.5,38.53],[-75.66,37.95],[-75.04,38.5],[-75.39,39.09],[-74.43,39.39],[-73.96,40.33],[-74.24,40.46],[-74.23,40.61],[-73.58,41.02],[-72.85,41.27],[-71.52,41.38],[-71.43,41.63],[-71.33,41.76],[-71.2,41.64],[-70.97,41.55],[-70.7,41.71],[-70.66,41.53],[-70.4,41.63],[-70.74,42.23],[-71.05,42.33],[-70.83,42.83],[-70.18,43.77],[-69.79,43.81],[-68.28,44.51],[-67.91,44.45],[-66.87,45.07],[-65.88,45.22],[-64.9,45.63],[-64.45,45.26],[-65.66,44.76],[-66.1,44.37],[-66.13,43.81],[-65.74,43.56],[-64.86,43.87],[-64.29,44.55],[-63.76,44.49],[-61.28,45.24],[-61.49,45.69],[-61.96,45.87],[-62.48,45.62],[-63.29,45.75],[-64.54,46.24],[-64.91,46.89],[-65.32,47.1],[-64.7,47.72],[-65.26,48.02],[-64.25,48.55],[-64.26,48.92],[-64.84,49.19],[-66.18,49.21],[-67.56,48.86],[-68.99,48.28],[-70.52,47.03],[-70.71,47.14],[-69.91,47.83],[-69.78,48.1],[-68.93,48.83],[-68.28,49.2],[-67.37,49.35],[-66.94,49.99],[-66.5,50.21],[-62.72,50.3],[-61.29,50.2],[-60.08,50.25],[-59.17,50.78],[-58.51,51.3],[-56.98,51.46],[-55.7,52.14],[-55.83,52.31],[-55.8,53.21],[-56.46,53.77],[-57.15,53.85],[-57.4,54.57],[-58.2,54.87],[-58.78,54.84],[-59,55.15],[-59.93,55.26],[-60.83,55.96],[-61.09,55.87],[-61.51,56.39],[-61.33,57.01],[-61.85,57.38],[-62.34,57.48],[-61.97,57.61],[-61.9,57.86],[-62.31,57.97],[-62.59,58.47],[-63.19,58.86],[-64.5,60.27],[-64.93,60.25],[-65.43,59.78],[-65.61,59.11],[-66.61,58.55],[-67.57,58.21],[-68.7,58.9],[-69.17,58.9],[-69.65,58.73],[-69.41,59.09],[-69.4,59.34],[-69.68,59.34],[-69.64,60.69],[-70.28,61.07],[-71.42,61.16],[-72.08,61.73],[-73.63,62.45],[-74.69,62.18],[-77.37,62.57],[-78.14,62.11],[-77.74,61.44],[-77.87,60.79],[-77.31,60.04],[-77.76,59.38],[-78.52,58.68],[-77.16,58.02],[-76.57,57.18],[-76.65,56.11],[-77.89,55.24],[-79.67,54.7],[-79.24,54.1],[-78.72,52.63],[-78.49,52.25],[-78.98,51.73],[-79.5,51.57],[-79.84,51.17],[-80.37,51.33],[-80.66,51.76],[-81.66,52.29],[-82.26,52.96],[-82.14,53.82],[-82.42,54.36],[-82.22,54.81],[-82.58,55.15],[-83.91,55.31],[-85.06,55.29],[-85.68,55.6],[-87.56,56.06],[-88.08,56.47],[-88.95,56.85],[-90.59,57.22],[-92.25,57.01],[-93.28,58.76],[-94.29,58.72],[-94.71,58.9],[-94.79,59.95],[-94.06,61.32],[-93.42,61.71],[-92.36,62.82],[-90.87,62.95],[-90.75,63.35],[-91.33,63.51],[-88.65,64.01],[-88.11,64.18],[-87.28,64.83],[-87.29,65.35],[-86.04,66.02],[-86.63,66.53],[-85.44,66.54],[-84.48,66.18],[-82.64,66.59],[-81.47,67.07],[-81.27,67.46],[-81.98,67.86],[-82.55,68.45],[-81.28,68.66],[-81.33,69.12],[-82.64,69.46],[-82.62,69.69],[-85.51,69.85],[-85.39,69.23],[-84.86,69.07],[-85.73,68.63],[-85.95,68.07],[-86.54,67.52],[-87.27,67.18],[-88.2,67.77],[-88.35,68.29],[-88.04,68.81],[-89.06,69.27],[-90.47,68.86],[-90.82,69.29],[-92.75,69.71],[-91.56,70.18],[-92.98,70.85],[-92.95,71.26],[-94.31,71.76]]]},"properties":{"scalerank":0,"featurecla":"Land","min_zoom":0}},
{"type":"Feature","geometry":{"type":"Polygon","coordinates":[[[-80.73,52.75],[-81.14,53.21],[-81.84,52.96],[-80.73,52.75]]]},"properties":{"scalerank":0,"featurecla":"Land","min_zoom":2}},
{"type":"Feature","geometry":{"type":"Polygon","coordinates":[[[-73.62,67.78],[-73.44,67.97],[-74.38,68.09],[-74.57,67.83],[-73.62,67.78]]]},"properties":{"scalerank":0,"featurecla":"Land","min_zoom":2}},
{"type":"Feature","geometry":{"type":"Polygon","coordinates":[[[-77.88,63.47],[-78.47,63.36],[-77.94,63.11],[-77.54,63.29],[-77.88,63.47]]]},"properties":{"scalerank":0,"featurecla":"Land","min_zoom":2}},
{"type":"Feature","geometry":{"type":"Polygon","coordinates":[[[-82,62.95],[-83.38,62.9],[-83.9,62.48],[-83.02,62.21],[-82.11,62.65],[-82,62.95]]]},"properties":{"scalerank":0,"featurecla":"Land","min_zoom":1.5}},
{"type":"Feature","geometry":{"type":"Polygon","coordinates":[[[-79.55,62.41],[-80.23,62.15],[-80.28,61.86],[-79.71,61.61],[-79.32,62.03],[-79.55,62.41]]]},"properties":{"scalerank":0,"featurecla":"Land","min_zoom":1.5}},
{"type":"Feature","geometry":{"type":"Polygon","coordinates":[[[-104.56,77.14],[-104.54,77.34],[-105.59,77.74],[-106.07,77.73],[-105.22,77.18],[-104.56,77.14]]]},"properties":{"scalerank":0,"featurecla":"Land","min_zoom":2}},
{"type":"Feature","geometry":{"type":"Polygon","coordinates":[[[-95.48,77.79],[-95.99,77.48],[-93.52,77.47],[-93.3,77.74],[-95.48,77.79]]]},"properties":{"scalerank":0,"featurecla":"Land","min_zoom":1.5}},
{"type":"Feature","geometry":{"type":"Polygon","coordinates":[[[-98.79,79.98],[-100.05,80.09],[-100.09,79.92],[-98.79,79.98]]]},"properties":{"scalerank":0,"featurecla":"Land","min_zoom":2}},
{"type":"Feature","geometry":{"type":"Polygon","coordinates":[[[-89.83,77.27],[-90.17,77.59],[-91.15,77.39],[-89.83,77.27]]]},"properties":{"scalerank":0,"featurecla":"Land","min_zoom":2}},
{"type":"Feature","geometry":{"type":"Polygon","coordinates":[[[-93.54,75.03],[-94.43,75.59],[-95.67,75.53],[-96.57,75.1],[-94.7,74.64],[-93.54,75.03]]]},"properties":{"scalerank":0,"featurecla":"Land","min_zoom":1.5}},
{"type":"Feature","geometry":{"type":"Polygon","coordinates":[[[-109.82,78.65],[-110.41,78.76],[-113.15,78.41],[-109.39,78.34],[-109.82,78.65]]]},"properties":{"scalerank":0,"featurecla":"Land","min_zoom":1.5}},
{"type":"Feature","geometry":{"type":"Polygon","coordinates":[[[-118.33,75.58],[-117.63,75.97],[-118.63,75.91],[-119.39,75.62],[-118.33,75.58]]]},"properties":{"scalerank":0,"featurecla":"Land","min_zoom":2}},
{"type":"Feature","geometry":{"type":"Polygon","coordinates":[[[-105.29,72.92],[-104.58,73.35],[-105.51,73.77],[-106.92,73.48],[-105.29,72.92]]]},"properties":{"scalerank":0,"featurecla":"Land","min_zoom":1.5}},
{"type":"Feature","geometry":{"type":"Polygon","coordinates":[[[-100,73.95],[-101.45,73.43],[-100.28,73.12],[-100.48,72.77],[-102.71,72.78],[-101.72,72.31],[-100.59,72.15],[-99.17,71.37],[-98.66,71.3],[-96.61,71.83],[-97.05,72.64],[-97.8,73.29],[-97,73.67],[-97.58,73.89],[-99.16,73.73],[-100,73.95]]]},"properties":{"scalerank":0,"featurecla":"Land","min_zoom":0}},
{"type":"Feature","geometry":{"type":"Polygon","coordinates":[[[-84.92,65.26],[-85.24,65.8],[-85.96,65.7],[-86.37,64.57],[-86.25,64.14],[-87.19,63.67],[-85.71,63.66],[-85.5,63.14],[-84.63,63.31],[-83.49,64.1],[-82.47,63.93],[-82.38,63.71],[-81.05,63.46],[-80.3,63.76],[-80.83,64.09],[-81.72,64.02],[-82.05,64.64],[-83.41,65.1],[-84.92,65.26]]]},"properties":{"scalerank":0,"featurecla":"Land","min_zoom":0.5}},
{"type":"Feature","geometry":{"type":"Polygon","coordinates":[[[-75.68,68.32],[-76.74,68.23],[-77.31,67.71],[-77,67.27],[-75.78,67.28],[-75.13,67.54],[-75.15,68.23],[-75.68,68.32]]]},"properties":{"scalerank":0,"featurecla":"Land","min_zoom":1}},
{"type":"Feature","geometry":{"type":"Polygon","coordinates":[[[-79.54,73.65],[-80.82,73.38],[-79.5,72.76],[-76.29,73.08],[-77.21,73.5],[-79.54,73.65]]]},"properties":{"scalerank":0,"featurecla":"Land","min_zoom":1}},
{"type":"Feature","geometry":{"type":"Polygon","coordinates":[[[-97.7,76.47],[-100.39,76.61],[-102.14,76.28],[-101.43,75.99],[-102.54,75.51],[-100.71,75.41],[-100.23,75.01],[-97.8,75.12],[-97.41,75.55],[-97.7,76.47]]]},"properties":{"scalerank":0,"featurecla":"Land","min_zoom":0}},
{"type":"Feature","geometry":{"type":"Polygon","coordinates":[[[-103.43,79.32],[-105.54,79.03],[-103.52,78.77],[-102.73,78.37],[-99.17,77.86],[-99.61,78.58],[-103.43,79.32]]]},"properties":{"scalerank":0,"featurecla":"Land","min_zoom":0.5}},
{"type":"Feature","geometry":{"type":"Polygon","coordinates":[[[-91.89,81.13],[-95.27,81],[-95.61,80.4],[-96.77,80.14],[-95.1,79.29],[-92.68,78.39],[-90.61,78.15],[-88.79,78.19],[-87.02,78.9],[-85.29,79.21],[-87.14,79.66],[-87.67,80.37],[-90.64,80.59],[-91.89,81.13]]]},"properties":{"scalerank":0,"featurecla":"Land","min_zoom":0}},
{"type":"Feature","geometry":{"type":"Polygon","coordinates":[[[-94.29,76.91],[-95.64,77.06],[-96.64,76.7],[-95.27,76.26],[-93.09,76.35],[-92.19,75.85],[-92.43,75.35],[-91.96,74.79],[-88.42,74.49],[-81.81,74.48],[-80.28,74.58],[-79.51,74.88],[-79.66,75.45],[-82.15,75.83],[-83.93,75.82],[-86.07,75.5],[-88.2,75.51],[-90.25,76.05],[-91.31,76.68],[-92.72,76.6],[-94.29,76.91]]]},"properties":{"scalerank":0,"featurecla":"Land","min_zoom":0}},
{"type":"Feature","geometry":{"type":"Polygon","coordinates":[[[-96.2,78.53],[-98.25,78.43],[-96.99,77.81],[-95.09,77.99],[-94.89,78.35],[-96.2,78.53]]]},"properties":{"scalerank":0,"featurecla":"Land","min_zoom":1}},
{"type":"Feature","geometry":{"type":"Polygon","coordinates":[[[-110.46,78.1],[-113.22,77.9],[-113.16,77.53],[-111.95,77.34],[-110.2,77.52],[-110.46,78.1]]]},"properties":{"scalerank":0,"featurecla":"Land","min_zoom":1}},
{"type":"Feature","geometry":{"type":"Polygon","coordinates":[[[-115.55,77.36],[-119.09,77.31],[-121.61,76.44],[-121.91,76.03],[-119.91,75.86],[-119.37,76.22],[-116.22,76.61],[-115.55,77.36]]]},"properties":{"scalerank":0,"featurecla":"Land","min_zoom":0.5}},
{"type":"Feature","geometry":{"type":"Polygon","coordinates":[[[-108.29,76.06],[-109.49,76.14],[-111.05,75.55],[-112.7,76.2],[-114.19,76.45],[-115.58,76.44],[-116.61,76.07],[-117.6,75.27],[-115.73,74.97],[-114.45,75.09],[-113.51,74.43],[-110.94,74.64],[-108.83,75.06],[-107.15,74.93],[-105.86,75.19],[-105.48,75.75],[-108.29,76.06]]]},"properties":{"scalerank":0,"featurecla":"Land","min_zoom":0}},
{"type":"Feature","geometry":{"type":"Polygon","coordinates":[[[-93.17,74.16],[-95.04,74.02],[-95.63,73.7],[-95.55,72.78],[-95.19,72.03],[-94.04,72.03],[-93.34,72.8],[-92.12,72.75],[-90.35,73.87],[-93.17,74.16]]]},"properties":{"scalerank":0,"featurecla":"Land","min_zoom":0.5}},
{"type":"Feature","geometry":{"type":"Polygon","coordinates":[[[-97.44,69.64],[-99.56,69.03],[-97.47,68.54],[-96.4,68.47],[-95.69,68.74],[-96.3,69.34],[-97.44,69.64]]]},"properties":{"scalerank":0,"featurecla":"Land","min_zoom":1.5}},
{"type":"Feature","geometry":{"type":"Polygon","coordinates":[[[-114.52,72.59],[-114.05,73.07],[-114.64,73.37],[-116.57,73.05],[-118.37,72.53],[-118.87,71.69],[-117.81,71.16],[-117.59,70.63],[-115.99,70.59],[-113.76,70.69],[-112.11,70.45],[-112.64,70.23],[-114.59,70.31],[-117.14,70.1],[-116.51,69.42],[-113.69,69.2],[-113.13,68.49],[-111.31,68.54],[-108.95,68.76],[-106.14,69.16],[-103.47,68.81],[-101.86,69.02],[-102.18,69.85],[-101.15,70.15],[-103.1,70.51],[-104.57,71.1],[-104.35,71.43],[-105.42,72.79],[-106.48,73.2],[-107.72,73.33],[-108.7,72.5],[-111.27,72.71],[-112.75,72.99],[-114.52,72.59]]]},"properties":{"scalerank":0,"featurecla":"Land","min_zoom":0}},
{"type":"Feature","geometry":{"type":"Polygon","coordinates":[[[-119.74,74.11],[-121.32,74.53],[-124.7,74.35],[-123.8,73.77],[-124.84,73.08],[-124.99,72.59],[-125.76,72.14],[-124.01,71.68],[-123.21,71.12],[-120.62,71.51],[-120.18,72.21],[-118.96,72.68],[-115.45,73.44],[-115.51,73.62],[-117.97,74.27],[-119.74,74.11]]]},"properties":{"scalerank":0,"featurecla":"Land","min_zoom":0}},
{"type":"Feature","geometry":{"type":"Polygon","coordinates":[[[-56.15,46.76],[-56.15,46.81],[-56.21,46.8],[-56.24,46.77],[-56.15,46.76]]]},"properties":{"scalerank":0,"featurecla":"Land","min_zoom":4}},
{"type":"Feature","geometry":{"type":"Polygon","coordinates":[[[-94.53,75.75],[-94.3,75.79],[-94.54,76],[-94.9,75.93],[-94.53,75.75]]]},"properties":{"scalerank":0,"featurecla":"Land","min_zoom":3}},
{"type":"Feature","geometry":{"type":"Polygon","coordinates":[[[-79.38,51.95],[-79.33,52.1],[-79.64,52.01],[-79.38,51.95]]]},"properties":{"scalerank":0,"featurecla":"Land","min_zoom":3}},
{"type":"Feature","geometry":{"type":"Polygon","coordinates":[[[-78.83,56.15],[-78.66,56.32],[-78.8,56.38],[-78.83,56.15]]]},"properties":{"scalerank":0,"featurecla":"Land","min_zoom":3}},
{"type":"Feature","geometry":{"type":"Polygon","coordinates":[[[-78.94,56.27],[-79.6,56.24],[-80,55.93],[-79.18,55.89],[-78.94,56.27]]]},"properties":{"scalerank":0,"featurecla":"Land","min_zoom":2}},
{"type":"Feature","geometry":{"type":"Polygon","coordinates":[[[-79.87,56.77],[-79.83,56.84],[-79.9,56.87],[-79.94,56.78],[-79.87,56.77]]]},"properties":{"scalerank":0,"featurecla":"Land","min_zoom":4}},
{"type":"Feature","geometry":{"type":"Polygon","coordinates":[[[-79.72,57.52],[-79.73,57.6],[-79.81,57.56],[-79.72,57.52]]]},"properties":{"scalerank":0,"featurecla":"Land","min_zoom":4}},
{"type":"Feature","geometry":{"type":"Polygon","coordinates":[[[-79.98,56.21],[-79.69,56.33],[-79.68,56.4],[-80.01,56.32],[-79.98,56.21]]]},"properties":{"scalerank":0,"featurecla":"Land","min_zoom":3}},
{"type":"Feature","geometry":{"type":"Polygon","coordinates":[[[-80.29,59.62],[-80.18,59.68],[-80.3,59.67],[-80.29,59.62]]]},"properties":{"scalerank":0,"featurecla":"Land","min_zoom":4}},
{"type":"Feature","geometry":{"type":"Polygon","coordinates":[[[-79.94,53.3],[-79.97,53.35],[-80.07,53.34],[-80.04,53.3],[-79.94,53.3]]]},"properties":{"scalerank":0,"featurecla":"Land","min_zoom":4}},
{"type":"Feature","geometry":{"type":"Polygon","coordinates":[[[-80.06,59.77],[-79.9,59.85],[-80.04,59.87],[-80.06,59.77]]]},"properties":{"scalerank":0,"featurecla":"Land","min_zoom":3}},
{"type":"Feature","geometry":{"type":"Polygon","coordinates":[[[-79.52,56.66],[-79.48,56.71],[-79.55,56.73],[-79.58,56.64],[-79.52,56.66]]]},"properties":{"scalerank":0,"featurecla":"Land","min_zoom":4}},
{"type":"Feature","geometry":{"type":"Polygon","coordinates":[[[-96.78,72.94],[-96.6,73.07],[-97.07,73.13],[-97.09,73],[-96.78,72.94]]]},"properties":{"scalerank":0,"featurecla":"Land","min_zoom":3}},
{"type":"Feature","geometry":{"type":"Polygon","coordinates":[[[-97.36,74.53],[-97.42,74.63],[-97.75,74.51],[-97.36,74.53]]]},"properties":{"scalerank":0,"featurecla":"Land","min_zoom":3}},
{"type":"Feature","geometry":{"type":"Polygon","coordinates":[[[-98.27,73.87],[-98.06,74.1],[-98.9,74.01],[-98.27,73.87]]]},"properties":{"scalerank":0,"featurecla":"Land","min_zoom":2}},
{"type":"Feature","geometry":{"type":"Polygon","coordinates":[[[-90.2,69.42],[-90.49,69.37],[-90.36,69.26],[-90.18,69.36],[-90.2,69.42]]]},"properties":{"scalerank":0,"featurecla":"Land","min_zoom":3}},
{"type":"Feature","geometry":{"type":"Polygon","coordinates":[[[-90.49,69.22],[-90.6,69.37],[-90.74,69.36],[-90.49,69.22]]]},"properties":{"scalerank":0,"featurecla":"Land","min_zoom":3}},
{"type":"Feature","geometry":{"type":"Polygon","coordinates":[[[-74,62.62],[-74.11,62.68],[-74.39,62.7],[-74.25,62.62],[-74,62.62]]]},"properties":{"scalerank":0,"featurecla":"Land","min_zoom":3}},
{"type":"Feature","geometry":{"type":"Polygon","coordinates":[[[-74.88,68.35],[-74.98,68.65],[-75.4,68.53],[-74.88,68.35]]]},"properties":{"scalerank":0,"featurecla":"Land","min_zoom":3}},
{"type":"Feature","geometry":{"type":"Polygon","coordinates":[[[-78.53,60.73],[-78.28,60.78],[-78.4,60.81],[-78.61,60.77],[-78.53,60.73]]]},"properties":{"scalerank":0,"featurecla":"Land","min_zoom":3}},
{"type":"Feature","geometry":{"type":"Polygon","coordinates":[[[-78.98,68.19],[-78.83,68.27],[-79.15,68.34],[-79.17,68.23],[-78.98,68.19]]]},"properties":{"scalerank":0,"featurecla":"Land","min_zoom":3}},
{"type":"Feature","geometry":{"type":"Polygon","coordinates":[[[-76.68,63.39],[-76.76,63.57],[-77.13,63.68],[-77.36,63.59],[-76.68,63.39]]]},"properties":{"scalerank":0,"featurecla":"Land","min_zoom":2}},
{"type":"Feature","geometry":{"type":"Polygon","coordinates":[[[-64.82,62.56],[-64.9,62.42],[-64.48,62.42],[-64.52,62.55],[-64.82,62.56]]]},"properties":{"scalerank":0,"featurecla":"Land","min_zoom":3}},
{"type":"Feature","geometry":{"type":"Polygon","coordinates":[[[-62.68,67.06],[-62.4,67.18],[-62.63,67.18],[-62.68,67.06]]]},"properties":{"scalerank":0,"featurecla":"Land","min_zoom":3}},
{"type":"Feature","geometry":{"type":"Polygon","coordinates":[[[-68.23,60.24],[-67.84,60.39],[-68.14,60.56],[-68.34,60.36],[-68.23,60.24]]]},"properties":{"scalerank":0,"featurecla":"Land","min_zoom":2}},
{"type":"Feature","geometry":{"type":"Polygon","coordinates":[[[-70.34,62.55],[-70.44,62.73],[-70.77,62.6],[-70.34,62.55]]]},"properties":{"scalerank":0,"featurecla":"Land","min_zoom":2}},
{"type":"Feature","geometry":{"type":"Polygon","coordinates":[[[-64.83,61.37],[-64.67,61.59],[-65.13,61.69],[-65.39,61.56],[-64.83,61.37]]]},"properties":{"scalerank":0,"featurecla":"Land","min_zoom":2}},
{"type":"Feature","geometry":{"type":"Polygon","coordinates":[[[-67.91,69.54],[-67.75,69.63],[-67.99,69.68],[-68.2,69.58],[-67.91,69.54]]]},"properties":{"scalerank":0,"featurecla":"Land","min_zoom":3}},
{"type":"Feature","geometry":{"type":"Polygon","coordinates":[[[-79.43,69.79],[-80.65,69.75],[-80.16,69.54],[-79.43,69.79]]]},"properties":{"scalerank":0,"featurecla":"Land","min_zoom":2}},
{"type":"Feature","geometry":{"type":"Polygon","coordinates":[[[-78.03,69.71],[-78.58,69.64],[-78.47,69.5],[-77.97,69.64],[-78.03,69.71]]]},"properties":{"scalerank":0,"featurecla":"Land","min_zoom":3}},
{"type":"Feature","geometry":{"type":"Polygon","coordinates":[[[-77.64,63.99],[-77.93,64.01],[-77.93,63.96],[-77.71,63.95],[-77.64,63.99]]]},"properties":{"scalerank":0,"featurecla":"Land","min_zoom":3}},
{"type":"Feature","geometry":{"type":"Polygon","coordinates":[[[-83.12,66.28],[-83.06,66.2],[-82.93,66.26],[-83.12,66.28]]]},"properties":{"scalerank":0,"featurecla":"Land","min_zoom":4}},
{"type":"Feature","geometry":{"type":"Polygon","coordinates":[[[-79.21,68.85],[-78.23,69.3],[-78.6,69.37],[-79.21,68.85]]]},"properties":{"scalerank":0,"featurecla":"Land","min_zoom":2}},
{"type":"Feature","geometry":{"type":"Polygon","coordinates":[[[-77,69.14],[-76.75,69.4],[-77.32,69.42],[-77.38,69.27],[-77,69.14]]]},"properties":{"scalerank":0,"featurecla":"Land","min_zoom":2}},
{"type":"Feature","geometry":{"type":"Polygon","coordinates":[[[-65.03,61.88],[-65.17,61.8],[-64.93,61.73],[-64.85,61.76],[-65.03,61.88]]]},"properties":{"scalerank":0,"featurecla":"Land","min_zoom":3}},
{"type":"Feature","geometry":{"type":"Polygon","coordinates":[[[-86.91,70.11],[-87.19,70.02],[-86.73,69.98],[-86.61,70.11],[-86.91,70.11]]]},"properties":{"scalerank":0,"featurecla":"Land","min_zoom":3}},
{"type":"Feature","geometry":{"type":"Polygon","coordinates":[[[-83.73,65.8],[-83.7,65.92],[-84.14,65.92],[-84.12,65.77],[-83.73,65.8]]]},"properties":{"scalerank":0,"featurecla":"Land","min_zoom":2}},
{"type":"Feature","geometry":{"type":"Polygon","coordinates":[[[-86.6,67.74],[-86.42,68.18],[-86.96,68.1],[-86.6,67.74]]]},"properties":{"scalerank":0,"featurecla":"Land","min_zoom":2}},
{"type":"Feature","geometry":{"type":"Polygon","coordinates":[[[-84.67,65.58],[-84.6,65.66],[-84.94,66.01],[-85.14,65.82],[-84.67,65.58]]]},"properties":{"scalerank":0,"featurecla":"Land","min_zoom":2}},
{"type":"Feature","geometry":{"type":"Polygon","coordinates":[[[-93.04,61.84],[-93.08,61.94],[-93.2,61.92],[-93.04,61.84]]]},"properties":{"scalerank":0,"featurecla":"Land","min_zoom":4}},
{"type":"Feature","geometry":{"type":"Polygon","coordinates":[[[-102.23,76.01],[-102.58,76.28],[-104.35,76.18],[-103.31,75.76],[-102.23,76.01]]]},"properties":{"scalerank":0,"featurecla":"Land","min_zoom":2}},
{"type":"Feature","geometry":{"type":"Polygon","coordinates":[[[-101.23,76.58],[-100.27,76.73],[-100.96,76.73],[-101.23,76.58]]]},"properties":{"scalerank":0,"featurecla":"Land","min_zoom":3}},
{"type":"Feature","geometry":{"type":"Polygon","coordinates":[[[-104.02,76.58],[-104.27,76.33],[-103.05,76.45],[-104.02,76.58]]]},"properties":{"scalerank":0,"featurecla":"Land","min_zoom":2}},
{"type":"Feature","geometry":{"type":"Polygon","coordinates":[[[-103,78.15],[-102.79,78.22],[-103.11,78.25],[-103.26,78.18],[-103,78.15]]]},"properties":{"scalerank":0,"featurecla":"Land","min_zoom":3}},
{"type":"Feature","geometry":{"type":"Polygon","coordinates":[[[-101.69,77.7],[-101.64,77.89],[-102.45,77.88],[-102.46,77.77],[-101.69,77.7]]]},"properties":{"scalerank":0,"featurecla":"Land","min_zoom":3}},
{"type":"Feature","geometry":{"type":"Polygon","coordinates":[[[-89.73,76.51],[-89.7,76.74],[-90.56,76.73],[-89.73,76.51]]]},"properties":{"scalerank":0,"featurecla":"Land","min_zoom":3}},
{"type":"Feature","geometry":{"type":"Polygon","coordinates":[[[-96.08,75.51],[-96.52,75.58],[-96.98,75.51],[-96.72,75.38],[-96.46,75.49],[-96.08,75.51]]]},"properties":{"scalerank":0,"featurecla":"Land","min_zoom":3}},
{"type":"Feature","geometry":{"type":"Polygon","coordinates":[[[-95.31,74.51],[-95.51,74.64],[-95.78,74.55],[-95.31,74.51]]]},"properties":{"scalerank":0,"featurecla":"Land","min_zoom":3}},
{"type":"Feature","geometry":{"type":"Polygon","coordinates":[[[-113.83,77.75],[-114.28,78],[-115.03,77.97],[-114.61,77.77],[-113.83,77.75]]]},"properties":{"scalerank":0,"featurecla":"Land","min_zoom":2}},
{"type":"Feature","geometry":{"type":"Polygon","coordinates":[[[-121.08,75.75],[-120.95,75.79],[-120.88,75.91],[-121.22,75.78],[-121.08,75.75]]]},"properties":{"scalerank":0,"featurecla":"Land","min_zoom":4}},
{"type":"Feature","geometry":{"type":"Polygon","coordinates":[[[-113.56,76.74],[-113.89,76.89],[-114.42,76.88],[-114.75,76.76],[-113.56,76.74]]]},"properties":{"scalerank":0,"featurecla":"Land","min_zoom":3}},
{"type":"Feature","geometry":{"type":"Polygon","coordinates":[[[-104.12,75.04],[-103.64,75.16],[-104.35,75.43],[-104.89,75.15],[-104.12,75.04]]]},"properties":{"scalerank":0,"featurecla":"Land","min_zoom":2}},
{"type":"Feature","geometry":{"type":"Polygon","coordinates":[[[-55.46,51.54],[-56.03,51.57],[-56.75,51.27],[-57.3,50.7],[-58.02,49.54],[-58.72,48.6],[-58.71,48.33],[-59.36,47.87],[-59.12,47.57],[-58.33,47.68],[-56.95,47.57],[-56.22,47.67],[-54.86,47.39],[-53.87,47.39],[-54.17,46.88],[-53.62,46.68],[-53.07,46.68],[-52.65,47.55],[-53.18,47.65],[-52.95,48.03],[-53.53,48.23],[-53.85,48.81],[-53.57,49.14],[-53.96,49.44],[-54.58,49.49],[-55.03,49.31],[-55.89,49.58],[-55.76,49.96],[-56.69,50.06],[-55.87,50.91],[-55.46,51.54]]]},"properties":{"scalerank":0,"featurecla":"Land","min_zoom":0}},
{"type":"Feature","geometry":{"type":"Polygon","coordinates":[[[-55.54,50.72],[-55.47,50.78],[-55.6,50.78],[-55.63,50.72],[-55.54,50.72]]]},"properties":{"scalerank":0,"featurecla":"Land","min_zoom":4}},
{"type":"Feature","geometry":{"type":"Polygon","coordinates":[[[-54.55,49.59],[-54.62,49.62],[-54.73,49.56],[-54.86,49.58],[-54.79,49.5],[-54.55,49.59]]]},"properties":{"scalerank":0,"featurecla":"Land","min_zoom":3}},
{"type":"Feature","geometry":{"type":"Polygon","coordinates":[[[-55.36,51.89],[-55.29,51.93],[-55.35,51.98],[-55.42,51.9],[-55.36,51.89]]]},"properties":{"scalerank":0,"featurecla":"Land","min_zoom":4}},
{"type":"Feature","geometry":{"type":"Polygon","coordinates":[[[-54.09,49.74],[-54.29,49.66],[-54.24,49.59],[-53.98,49.66],[-54.09,49.74]]]},"properties":{"scalerank":0,"featurecla":"Land","min_zoom":3}},
{"type":"Feature","geometry":{"type":"Polygon","coordinates":[[[-56.27,46.84],[-56.31,46.95],[-56.29,47.07],[-56.39,47.07],[-56.27,46.84]]]},"properties":{"scalerank":0,"featurecla":"Land","min_zoom":3}},
{"type":"Feature","geometry":{"type":"Polygon","coordinates":[[[-54.23,47.44],[-54.23,47.54],[-54.32,47.44],[-54.23,47.44]]]},"properties":{"scalerank":0,"featurecla":"Land","min_zoom":3}},
{"type":"Feature","geometry":{"type":"Polygon","coordinates":[[[-100.22,68.81],[-100.18,68.9],[-100.61,68.99],[-100.62,68.78],[-100.22,68.81]]]},"properties":{"scalerank":0,"featurecla":"Land","min_zoom":3}},
{"type":"Feature","geometry":{"type":"Polygon","coordinates":[[[-99.99,69.01],[-100.04,69.09],[-100.24,69.04],[-100.14,68.97],[-99.99,69.01]]]},"properties":{"scalerank":0,"featurecla":"Land","min_zoom":3}},
{"type":"Feature","geometry":{"type":"Polygon","coordinates":[[[-100.31,70.5],[-100.43,70.65],[-100.68,70.65],[-100.62,70.55],[-100.31,70.5]]]},"properties":{"scalerank":0,"featurecla":"Land","min_zoom":3}},
{"type":"Feature","geometry":{"type":"Polygon","coordinates":[[[-95.51,69.57],[-95.99,69.47],[-95.5,69.35],[-95.51,69.57]]]},"properties":{"scalerank":0,"featurecla":"Land","min_zoom":3}},
{"type":"Feature","geometry":{"type":"Polygon","coordinates":[[[-101.17,69.4],[-101,69.46],[-101.1,69.54],[-101.29,69.44],[-101.17,69.4]]]},"properties":{"scalerank":0,"featurecla":"Land","min_zoom":3}},
{"type":"Feature","geometry":{"type":"Polygon","coordinates":[[[-101.85,68.59],[-101.72,68.72],[-102.01,68.83],[-102.27,68.66],[-101.85,68.59]]]},"properties":{"scalerank":0,"featurecla":"Land","min_zoom":3}},
{"type":"Feature","geometry":{"type":"Polygon","coordinates":[[[-104.54,68.41],[-104.47,68.5],[-104.91,68.58],[-104.97,68.49],[-104.54,68.41]]]},"properties":{"scalerank":0,"featurecla":"Land","min_zoom":3}},
{"type":"Feature","geometry":{"type":"Polygon","coordinates":[[[-107.9,67.4],[-107.99,67.62],[-108.13,67.63],[-108.15,67.43],[-107.9,67.4]]]},"properties":{"scalerank":0,"featurecla":"Land","min_zoom":3}},
{"type":"Feature","geometry":{"type":"Polygon","coordinates":[[[-109.17,67.98],[-109.1,67.92],[-108.89,67.9],[-108.97,67.98],[-109.17,67.98]]]},"properties":{"scalerank":0,"featurecla":"Land","min_zoom":4}},
{"type":"Feature","geometry":{"type":"Polygon","coordinates":[[[-108.09,67.01],[-107.97,66.88],[-107.81,67],[-108.09,67.01]]]},"properties":{"scalerank":0,"featurecla":"Land","min_zoom":3}},
{"type":"Feature","geometry":{"type":"Polygon","coordinates":[[[-109.32,67.99],[-109.34,68.05],[-109.47,68.1],[-109.5,68.05],[-109.32,67.99]]]},"properties":{"scalerank":0,"featurecla":"Land","min_zoom":4}},
{"type":"Feature","geometry":{"type":"Polygon","coordinates":[[[-60.99,56.04],[-61.09,56.14],[-61.19,56.05],[-60.99,56.04]]]},"properties":{"scalerank":0,"featurecla":"Land","min_zoom":3}},
{"type":"Feature","geometry":{"type":"Polygon","coordinates":[[[-61.74,57.55],[-61.98,57.5],[-61.8,57.42],[-61.74,57.55]]]},"properties":{"scalerank":0,"featurecla":"Land","min_zoom":3}},
{"type":"Feature","geometry":{"type":"Polygon","coordinates":[[[-69.16,59.04],[-69.2,59.15],[-69.33,59.12],[-69.3,58.98],[-69.16,59.04]]]},"properties":{"scalerank":0,"featurecla":"Land","min_zoom":3}},
{"type":"Feature","geometry":{"type":"Polygon","coordinates":[[[22.18,60.37],[22.08,60.29],[22.26,60.17],[22.35,60.36],[22.18,60.37]]]},"properties":{"scalerank":0,"featurecla":"Land","min_zoom":3}},
{"type":"Feature","geometry":{"type":"Polygon","coordinates":[[[21.45,60.53],[21.3,60.6],[21.3,60.48],[21.45,60.53]]]},"properties":{"scalerank":0,"featurecla":"Land","min_zoom":3}},
{"type":"Feature","geometry":{"type":"Polygon","coordinates":[[[21.83,60.14],[21.86,60.2],[21.7,60.17],[21.73,60.11],[21.83,60.14]]]},"properties":{"scalerank":0,"featurecla":"Land","min_zoom":4}},
{"type":"Feature","geometry":{"type":"Polygon","coordinates":[[[-64.41,60.37],[-64.65,60.51],[-64.81,60.41],[-64.41,60.37]]]},"properties":{"scalerank":0,"featurecla":"Land","min_zoom":3}},
{"type":"Feature","geometry":{"type":"Polygon","coordinates":[[[126.17,34.73],[126.17,34.83],[126.05,34.84],[126.12,34.71],[126.17,34.73]]]},"properties":{"scalerank":0,"featurecla":"Land","min_zoom":3}},
{"type":"Feature","geometry":{"type":"Polygon","coordinates":[[[72.49,-7.38],[72.49,-7.26],[72.45,-7.22],[72.47,-7.31],[72.47,-7.37],[72.49,-7.38]]]},"properties":{"scalerank":0,"featurecla":"Land","min_zoom":3}},
{"type":"Feature","geometry":{"type":"Polygon","coordinates":[[[-139.56,-8.94],[-139.58,-8.86],[-139.63,-8.9],[-139.56,-8.94]]]},"properties":{"scalerank":0,"featurecla":"Land","min_zoom":4}},
{"type":"Feature","geometry":{"type":"Polygon","coordinates":[[[157.65,-8.76],[157.58,-8.7],[157.46,-8.73],[157.59,-8.78],[157.65,-8.76]]]},"properties":{"scalerank":0,"featurecla":"Land","min_zoom":3}},
{"type":"Feature","geometry":{"type":"Polygon","coordinates":[[[20.61,60.04],[20.57,60.07],[20.43,60.06],[20.52,60.01],[20.61,60.04]]]},"properties":{"scalerank":0,"featurecla":"Land","min_zoom":4}},
{"type":"Feature","geometry":{"type":"Polygon","coordinates":[[[21.63,60.11],[21.57,60.17],[21.49,60.13],[21.63,60.11]]]},"properties":{"scalerank":0,"featurecla":"Land","min_zoom":4}},
{"type":"Feature","geometry":{"type":"Polygon","coordinates":[[[24.85,64.99],[24.79,65.09],[24.58,65.04],[24.7,64.96],[24.85,64.99]]]},"properties":{"scalerank":0,"featurecla":"Land","min_zoom":3}},
{"type":"Feature","geometry":{"type":"Polygon","coordinates":[[[29.96,69.8],[30.06,69.84],[29.84,69.91],[29.74,69.79],[29.96,69.8]]]},"properties":{"scalerank":0,"featurecla":"Land","min_zoom":3}},
{"type":"Feature","geometry":{"type":"Polygon","coordinates":[[[4.96,61.08],[4.97,61.15],[4.82,61.18],[4.8,61.08],[4.96,61.08]]]},"properties":{"scalerank":0,"featurecla":"Land","min_zoom":4}},
{"type":"Feature","geometry":{"type":"Polygon","coordinates":[[[8.1,63.34],[8.07,63.47],[7.8,63.41],[8.1,63.34]]]},"properties":{"scalerank":0,"featurecla":"Land","min_zoom":3}},
{"type":"Feature","geometry":{"type":"Polygon","coordinates":[[[8.47,63.67],[8.79,63.7],[8.71,63.77],[8.45,63.73],[8.47,63.67]]]},"properties":{"scalerank":0,"featurecla":"Land","min_zoom":3}},
{"type":"Feature","geometry":{"type":"Polygon","coordinates":[[[12.51,65.9],[12.72,65.96],[12.55,66],[12.51,65.9]]]},"properties":{"scalerank":0,"featurecla":"Land","min_zoom":3}},
{"type":"Feature","geometry":{"type":"Polygon","coordinates":[[[12.42,66.04],[12.58,66.07],[12.62,66.18],[12.46,66.19],[12.42,66.04]]]},"properties":{"scalerank":0,"featurecla":"Land","min_zoom":3}},
{"type":"Feature","geometry":{"type":"Polygon","coordinates":[[[19.77,70.22],[19.78,70.08],[20.09,70.1],[19.77,70.22]]]},"properties":{"scalerank":0,"featurecla":"Land","min_zoom":3}},
{"type":"Feature","geometry":{"type":"Polygon","coordinates":[[[23.44,70.82],[22.35,70.66],[23.07,70.59],[23.44,70.82]]]},"properties":{"scalerank":0,"featurecla":"Land","min_zoom":2}},
{"type":"Feature","geometry":{"type":"Polygon","coordinates":[[[20.78,70.09],[20.82,70.21],[20.41,70.15],[20.46,70.08],[20.78,70.09]]]},"properties":{"scalerank":0,"featurecla":"Land","min_zoom":3}},
{"type":"Feature","geometry":{"type":"Polygon","coordinates":[[[25.59,71.14],[25.58,70.96],[26.13,71],[25.59,71.14]]]},"properties":{"scalerank":0,"featurecla":"Land","min_zoom":3}},
{"type":"Feature","geometry":{"type":"Polygon","coordinates":[[[23.62,70.55],[22.94,70.44],[23.16,70.28],[23.55,70.41],[23.62,70.55]]]},"properties":{"scalerank":0,"featurecla":"Land","min_zoom":3}},
{"type":"Feature","geometry":{"type":"Polygon","coordinates":[[[24.02,70.57],[24.08,70.65],[23.78,70.75],[23.67,70.6],[24.02,70.57]]]},"properties":{"scalerank":0,"featurecla":"Land","min_zoom":3}},
{"type":"Feature","geometry":{"type":"Polygon","coordinates":[[[13.87,68.27],[13.54,68.25],[13.23,68],[14.03,68.19],[13.87,68.27]]]},"properties":{"scalerank":0,"featurecla":"Land","min_zoom":3}},
{"type":"Feature","geometry":{"type":"Polygon","coordinates":[[[12.97,67.87],[13.1,67.96],[12.96,68.02],[12.82,67.82],[12.97,67.87]]]},"properties":{"scalerank":0,"featurecla":"Land","min_zoom":3}},
{"type":"Feature","geometry":{"type":"Polygon","coordinates":[[[17.5,69.6],[16.97,69.14],[17.95,69.2],[17.5,69.6]]]},"properties":{"scalerank":0,"featurecla":"Land","min_zoom":2}},
{"type":"Feature","geometry":{"type":"Polygon","coordinates":[[[19.26,70.07],[18.35,69.77],[18.78,69.58],[19.59,69.97],[19.26,70.07]]]},"properties":{"scalerank":0,"featurecla":"Land","min_zoom":2}},
{"type":"Feature","geometry":{"type":"Polygon","coordinates":[[[15.76,68.56],[15.41,68.62],[14.93,68.31],[15.91,68.39],[15.76,68.56]]]},"properties":{"scalerank":0,"featurecla":"Land","min_zoom":2}},
{"type":"Feature","geometry":{"type":"Polygon","coordinates":[[[15.21,68.94],[14.37,68.71],[15.22,68.62],[15.21,68.94]]]},"properties":{"scalerank":0,"featurecla":"Land","min_zoom":2}},
{"type":"Feature","geometry":{"type":"Polygon","coordinates":[[[11.23,64.87],[11.13,64.98],[10.81,64.92],[10.83,64.84],[11.23,64.87]]]},"properties":{"scalerank":0,"featurecla":"Land","min_zoom":3}},
{"type":"Feature","geometry":{"type":"Polygon","coordinates":[[[5.09,60.31],[5.05,60.39],[4.93,60.41],[4.94,60.27],[5.09,60.31]]]},"properties":{"scalerank":0,"featurecla":"Land","min_zoom":3}},
{"type":"Feature","geometry":{"type":"Polygon","coordinates":[[[11.97,65.63],[12,65.68],[11.8,65.68],[11.78,65.6],[11.97,65.63]]]},"properties":{"scalerank":0,"featurecla":"Land","min_zoom":4}},
{"type":"Feature","geometry":{"type":"Polygon","coordinates":[[[-79.06,75.93],[-79.01,76.15],[-79.7,75.88],[-79.06,75.93]]]},"properties":{"scalerank":0,"featurecla":"Land","min_zoom":3}},
{"type":"Feature","geometry":{"type":"Polygon","coordinates":[[[-71.67,77.33],[-72.09,77.47],[-72.49,77.39],[-71.67,77.33]]]},"properties":{"scalerank":0,"featurecla":"Land","min_zoom":3}},
{"type":"Feature","geometry":{"type":"Polygon","coordinates":[[[-44.86,82.08],[-44.75,82.4],[-46.75,82.35],[-44.86,82.08]]]},"properties":{"scalerank":0,"featurecla":"Land","min_zoom":0}},
{"type":"Feature","geometry":{"type":"Polygon","coordinates":[[[-18.66,81.85],[-19.31,82.12],[-19.59,81.99],[-19.03,81.83],[-18.66,81.85]]]},"properties":{"scalerank":0,"featurecla":"Land","min_zoom":3}},
{"type":"Feature","geometry":{"type":"Polygon","coordinates":[[[-17.61,79.83],[-17.98,80.06],[-19,79.94],[-19.03,79.77],[-17.61,79.83]]]},"properties":{"scalerank":0,"featurecla":"Land","min_zoom":2}},
{"type":"Feature","geometry":{"type":"Polygon","coordinates":[[[-19,77.97],[-18.88,78.11],[-18.94,78.42],[-19.31,78.34],[-19.3,78.19],[-19,77.97]]]},"properties":{"scalerank":0,"featurecla":"Land","min_zoom":3}},
{"type":"Feature","geometry":{"type":"Polygon","coordinates":[[[-18.58,76.04],[-18.73,76.64],[-19.09,76.43],[-18.58,76.04]]]},"properties":{"scalerank":0,"featurecla":"Land","min_zoom":3}},
{"type":"Feature","geometry":{"type":"Polygon","coordinates":[[[-18,75.41],[-18.67,75],[-17.59,74.99],[-18,75.41]]]},"properties":{"scalerank":0,"featurecla":"Land","min_zoom":2}},
{"type":"Feature","geometry":{"type":"Polygon","coordinates":[[[-17.95,77.64],[-17.73,77.71],[-17.68,77.86],[-17.9,77.86],[-18.17,77.71],[-17.95,77.64]]]},"properties":{"scalerank":0,"featurecla":"Land","min_zoom":3}},
{"type":"Feature","geometry":{"type":"Polygon","coordinates":[[[-29.95,83.56],[-32.98,83.6],[-43.19,83.26],[-46.48,82.95],[-44.24,82.37],[-45.29,81.83],[-48.86,82.41],[-50.89,81.9],[-52.78,82.32],[-58.72,82.09],[-61.2,81.75],[-62.99,81.21],[-67,80.41],[-66.84,80.08],[-64.79,80],[-65.97,79.13],[-72.4,78.5],[-72.82,78.19],[-69.35,77.47],[-70.86,77.18],[-70.79,76.87],[-69.25,76.69],[-69.37,76.33],[-66.83,75.97],[-63.44,76.34],[-61.19,76.16],[-58.52,75.69],[-58.6,75.39],[-56.8,74.67],[-56.71,74.22],[-55.93,73.9],[-56.1,73.56],[-54.74,72.87],[-55.6,72.45],[-55.32,72.11],[-55.59,71.55],[-54.69,71.37],[-53.48,71.64],[-53.12,71.31],[-51.13,70.97],[-51.52,70.44],[-52.41,70.69],[-54.17,70.82],[-54.01,70.42],[-52.25,70.06],[-50.5,69.94],[-51.25,68.74],[-53.04,68.61],[-53.88,67.14],[-53.04,66.83],[-53.63,66.41],[-52.26,65.15],[-52.09,64.42],[-51.47,63.64],[-50.34,62.83],[-50.32,62.47],[-49.55,62.23],[-49.29,61.59],[-48.92,61.28],[-47.8,60.83],[-46.87,60.82],[-46.01,61.1],[-46.05,60.62],[-45.38,60.2],[-44.07,59.92],[-43.32,59.93],[-42.72,60.77],[-42.11,61.86],[-42.15,62.57],[-40.55,63.73],[-40.78,64.22],[-40.18,64.48],[-40.66,64.92],[-39.58,65.34],[-39.96,65.56],[-37.75,65.59],[-36.93,65.78],[-36.38,65.83],[-34.63,66.43],[-34.1,66.73],[-33.16,67.63],[-32.27,67.92],[-32.14,68.38],[-30.98,68.06],[-26.34,68.7],[-23.09,69.88],[-23.17,70.11],[-26.75,70.48],[-28.02,70.4],[-28.54,70.48],[-27.69,70.99],[-26.72,70.95],[-25.74,71.18],[-24.38,71.15],[-23.33,70.45],[-21.52,70.53],[-22.29,72.12],[-22.19,73.27],[-20.51,73.49],[-20.37,73.85],[-21.13,74.11],[-19.23,74.48],[-20.48,75.31],[-19.51,75.76],[-20.1,76.22],[-21.57,76.29],[-20.94,76.89],[-18.51,76.78],[-18.34,77.22],[-20.23,77.37],[-20.86,77.91],[-20.96,78.56],[-19.07,79.15],[-19.43,80.26],[-16.87,80.2],[-16.76,80.57],[-14.5,80.76],[-11.53,81.42],[-12.19,81.65],[-15.56,81.83],[-17.23,81.43],[-21.15,81.7],[-21.34,82.07],[-25.15,82],[-21.52,82.6],[-24.47,82.88],[-25.95,83.29],[-29.95,83.56]]]},"properties":{"scalerank":0,"featurecla":"Land","min_zoom":0}},
{"type":"Feature","geometry":{"type":"Polygon","coordinates":[[[180,-16.54],[180,-16.49],[179.98,-16.52],[180,-16.54]]]},"properties":{"scalerank":0,"featurecla":"Land","min_zoom":4}},
{"type":"Feature","geometry":{"type":"Polygon","coordinates":[[[-179.96,-16.15],[-179.97,-16.13],[-180,-16.15],[-180,-16.16],[-180,-16.17],[-179.96,-16.15]]]},"properties":{"scalerank":0,"featurecla":"Land","min_zoom":1}},
{"type":"Feature","geometry":{"type":"Polygon","coordinates":[[[-85.87,16.46],[-85.92,16.48],[-85.96,16.43],[-85.95,16.4],[-85.87,16.46]]]},"properties":{"scalerank":0,"featurecla":"Land","min_zoom":4}},
{"type":"Feature","geometry":{"type":"Polygon","coordinates":[[[25.4,37.42],[25.46,37.47],[25.35,37.51],[25.31,37.41],[25.4,37.42]]]},"properties":{"scalerank":0,"featurecla":"Land","min_zoom":3}},
{"type":"Feature","geometry":{"type":"Polygon","coordinates":[[[166.96,-0.52],[166.91,-0.5],[166.92,-0.55],[166.96,-0.52]]]},"properties":{"scalerank":0,"featurecla":"Land","min_zoom":4}},
{"type":"Feature","geometry":{"type":"Polygon","coordinates":[[[169.64,5.83],[169.67,5.94],[169.65,5.95],[169.63,5.86],[169.64,5.83]]]},"properties":{"scalerank":0,"featurecla":"Land","min_zoom":4}},
{"type":"Feature","geometry":{"type":"Polygon","coordinates":[[[172.97,3.13],[172.96,3.15],[172.89,3.1],[172.91,3.1],[172.97,3.13]]]},"properties":{"scalerank":0,"featurecla":"Land","min_zoom":4}},
{"type":"Feature","geometry":{"type":"Polygon","coordinates":[[[172.84,3.05],[172.88,3.05],[172.89,3.07],[172.83,3.07],[172.84,3.05]]]},"properties":{"scalerank":0,"featurecla":"Land","min_zoom":4}},
{"type":"Feature","geometry":{"type":"Polygon","coordinates":[[[173.02,1.85],[172.97,1.91],[172.93,1.93],[173.02,1.85]]]},"properties":{"scalerank":0,"featurecla":"Land","min_zoom":4}},
{"type":"Feature","geometry":{"type":"Polygon","coordinates":[[[173.03,1.72],[173.05,1.74],[173.04,1.8],[173.02,1.81],[173.03,1.72]]]},"properties":{"scalerank":0,"featurecla":"Land","min_zoom":4}},
{"type":"Feature","geometry":{"type":"Polygon","coordinates":[[[173.03,1.01],[173.07,0.96],[173.04,0.91],[172.97,0.84],[172.99,0.84],[173.06,0.92],[173.09,0.97],[173.03,1.01]]]},"properties":{"scalerank":0,"featurecla":"Land","min_zoom":4}},
{"type":"Feature","geometry":{"type":"Polygon","coordinates":[[[174.51,-0.8],[174.47,-0.64],[174.45,-0.65],[174.48,-0.77],[174.51,-0.8]]]},"properties":{"scalerank":0,"featurecla":"Land","min_zoom":4}},
{"type":"Feature","geometry":{"type":"Polygon","coordinates":[[[174.77,-1.21],[174.74,-1.18],[174.76,-1.26],[174.78,-1.26],[174.77,-1.21]]]},"properties":{"scalerank":0,"featurecla":"Land","min_zoom":4}},
{"type":"Feature","geometry":{"type":"Polygon","coordinates":[[[168.83,7.31],[168.68,7.34],[168.72,7.3],[168.82,7.29],[168.83,7.31]]]},"properties":{"scalerank":0,"featurecla":"Land","min_zoom":4}},
{"type":"Feature","geometry":{"type":"Polygon","coordinates":[[[171.58,7.05],[171.59,7.02],[171.61,7.01],[171.66,7.01],[171.69,7],[171.69,7.03],[171.61,7.03],[171.58,7.05]]]},"properties":{"scalerank":0,"featurecla":"Land","min_zoom":4}},
{"type":"Feature","geometry":{"type":"Polygon","coordinates":[[[171.1,7.14],[171.1,7.11],[171.2,7.07],[171.23,7.09],[171.1,7.14]]]},"properties":{"scalerank":0,"featurecla":"Land","min_zoom":4}},
{"type":"Feature","geometry":{"type":"Polygon","coordinates":[[[-178.05,-14.32],[-178.14,-14.24],[-178.16,-14.31],[-178.05,-14.32]]]},"properties":{"scalerank":0,"featurecla":"Land","min_zoom":4}},
{"type":"Feature","geometry":{"type":"Polygon","coordinates":[[[-140.81,-17.86],[-140.83,-17.84],[-140.78,-17.75],[-140.8,-17.75],[-140.85,-17.83],[-140.81,-17.86]]]},"properties":{"scalerank":0,"featurecla":"Land","min_zoom":4}},
{"type":"Feature","geometry":{"type":"Polygon","coordinates":[[[-136.29,-18.54],[-136.43,-18.47],[-136.44,-18.49],[-136.34,-18.53],[-136.29,-18.54]]]},"properties":{"scalerank":0,"featurecla":"Land","min_zoom":4}},
{"type":"Feature","geometry":{"type":"Polygon","coordinates":[[[-136.97,-18.34],[-137.03,-18.27],[-137.07,-18.27],[-136.97,-18.36],[-136.97,-18.34]]]},"properties":{"scalerank":0,"featurecla":"Land","min_zoom":4}},
{"type":"Feature","geometry":{"type":"Polygon","coordinates":[[[-138.51,-20.86],[-138.51,-20.81],[-138.55,-20.8],[-138.52,-20.85],[-138.51,-20.86]]]},"properties":{"scalerank":0,"featurecla":"Land","min_zoom":4}},
{"type":"Feature","geometry":{"type":"Polygon","coordinates":[[[-140.69,-18.38],[-140.78,-18.33],[-140.77,-18.36],[-140.7,-18.4],[-140.69,-18.38]]]},"properties":{"scalerank":0,"featurecla":"Land","min_zoom":4}},
{"type":"Feature","geometry":{"type":"Polygon","coordinates":[[[-140.83,-18.19],[-140.93,-18.08],[-140.96,-18.09],[-140.9,-18.15],[-140.86,-18.2],[-140.83,-18.19]]]},"properties":{"scalerank":0,"featurecla":"Land","min_zoom":4}},
{"type":"Feature","geometry":{"type":"Polygon","coordinates":[[[-142.51,-16.1],[-142.48,-16.02],[-142.51,-16.03],[-142.51,-16.1]]]},"properties":{"scalerank":0,"featurecla":"Land","min_zoom":4}},
{"type":"Feature","geometry":{"type":"Polygon","coordinates":[[[-143.44,-16.62],[-143.46,-16.64],[-143.39,-16.67],[-143.44,-16.62]]]},"properties":{"scalerank":0,"featurecla":"Land","min_zoom":4}},
{"type":"Feature","geometry":{"type":"Polygon","coordinates":[[[-143.57,-16.63],[-143.61,-16.62],[-143.67,-16.58],[-143.71,-16.58],[-143.61,-16.64],[-143.57,-16.63]]]},"properties":{"scalerank":0,"featurecla":"Land","min_zoom":4}},
{"type":"Feature","geometry":{"type":"Polygon","coordinates":[[[-145.05,-15.86],[-145.13,-15.76],[-145.14,-15.79],[-145.08,-15.86],[-145.05,-15.86]]]},"properties":{"scalerank":0,"featurecla":"Land","min_zoom":4}},
{"type":"Feature","geometry":{"type":"Polygon","coordinates":[[[-145.49,-16.33],[-145.58,-16.16],[-145.58,-16.2],[-145.54,-16.3],[-145.49,-16.33]]]},"properties":{"scalerank":0,"featurecla":"Land","min_zoom":4}},
{"type":"Feature","geometry":{"type":"Polygon","coordinates":[[[173.04,1.34],[173.11,1.36],[173.16,1.36],[173.14,1.38],[173.03,1.36],[173.04,1.34]]]},"properties":{"scalerank":0,"featurecla":"Land","min_zoom":4}},
{"type":"Feature","geometry":{"type":"Polygon","coordinates":[[[-169.76,56.64],[-169.59,56.54],[-169.47,56.59],[-169.76,56.64]]]},"properties":{"scalerank":0,"featurecla":"Land","min_zoom":3}},
{"type":"Feature","geometry":{"type":"Polygon","coordinates":[[[-72.66,20.04],[-72.79,20.09],[-72.84,20.04],[-72.66,20.04]]]},"properties":{"scalerank":0,"featurecla":"Land","min_zoom":3}},
{"type":"Feature","geometry":{"type":"Polygon","coordinates":[[[24.52,37.13],[24.53,37.19],[24.44,37.19],[24.42,37.13],[24.52,37.13]]]},"properties":{"scalerank":0,"featurecla":"Land","min_zoom":4}},
{"type":"Feature","geometry":{"type":"Polygon","coordinates":[[[142.19,26.62],[142.2,26.65],[142.16,26.71],[142.11,26.72],[142.17,26.62],[142.19,26.62]]]},"properties":{"scalerank":0,"featurecla":"Land","min_zoom":4}},
{"type":"Feature","geometry":{"type":"Polygon","coordinates":[[[130.92,37.48],[130.9,37.55],[130.84,37.54],[130.82,37.48],[130.92,37.48]]]},"properties":{"scalerank":0,"featurecla":"Land","min_zoom":4}},
{"type":"Feature","geometry":{"type":"Polygon","coordinates":[[[-57.02,-63.37],[-57.39,-63.23],[-58.87,-63.55],[-59.51,-63.82],[-60.86,-64.07],[-61.63,-64.6],[-62.58,-64.76],[-64.04,-65.18],[-64.07,-65.55],[-65.62,-66.14],[-67.49,-67.11],[-67.59,-67.44],[-66.7,-67.53],[-67.15,-68.02],[-66.79,-68.24],[-67.39,-68.86],[-67.37,-69.41],[-68.71,-69.43],[-67.89,-70.42],[-67.46,-71.53],[-66.83,-72.09],[-67.67,-72.83],[-68.82,-73.11],[-72.93,-73.45],[-74,-73.7],[-75.29,-73.64],[-77.13,-73.82],[-78.41,-73.56],[-79.52,-73.09],[-80.44,-72.94],[-81.26,-73.31],[-81.31,-73.74],[-82.18,-73.86],[-84.98,-73.5],[-85.98,-73.21],[-87.04,-73.35],[-88.42,-73.23],[-88.19,-72.86],[-90.3,-72.98],[-90.92,-73.32],[-92.24,-73.18],[-96.15,-73.31],[-98.01,-73.03],[-102.41,-72.99],[-102.68,-73.32],[-100.02,-73.4],[-99.78,-73.72],[-102.41,-73.62],[-101.25,-74.49],[-98.56,-75.19],[-101.04,-75.42],[-101.71,-75.13],[-104.9,-75.12],[-106.62,-75.34],[-111.46,-75.13],[-110.3,-74.71],[-110.31,-74.37],[-111.81,-74.27],[-111.7,-74.79],[-113.93,-74.98],[-113.51,-74.09],[-114.79,-73.99],[-115.11,-74.46],[-118.34,-74.38],[-119.68,-74.65],[-123.89,-74.77],[-127.86,-74.72],[-129.79,-74.89],[-132.05,-74.77],[-133.47,-74.85],[-135.36,-74.69],[-136.55,-75.14],[-139.69,-75.21],[-141.51,-75.69],[-143.57,-75.56],[-146.38,-76.1],[-145.89,-76.42],[-148.32,-76.1],[-145.75,-76.75],[-145.97,-77.07],[-149.72,-77.8],[-151.72,-77.43],[-153.46,-77.42],[-154.81,-77.13],[-158.21,-77.16],[-158.5,-77.78],[-155.21,-78.96],[-152.09,-79.24],[-148.18,-79.78],[-148.32,-80.07],[-150.58,-80.35],[-148.12,-80.9],[-156.53,-81.16],[-153.96,-81.7],[-154.72,-81.94],[-153.01,-82.45],[-155.46,-82.98],[-157.68,-83.13],[-159.44,-83.54],[-163.11,-83.33],[-168.42,-83.23],[-167.55,-83.81],[-164.95,-83.81],[-163.57,-84.53],[-156.99,-84.81],[-157.13,-85.19],[-162.93,-84.9],[-171.7,-84.54],[-180,-84.35],[-180,-85.06],[-180,-85.76],[-180,-86.47],[-180,-87.18],[-180,-87.88],[-180,-88.59],[-180,-89.29],[-180,-89.58],[-180,-90],[180,-90],[180,-84.35],[179.4,-84.21],[168.11,-83.36],[167.23,-82.95],[160.91,-81.39],[160.48,-79.2],[164.63,-78.6],[166.21,-78.45],[164.43,-78.04],[162.76,-76.75],[162.82,-75.85],[161.68,-75.22],[162.53,-75.17],[163.17,-74.6],[165.3,-74.59],[164.78,-74.03],[167.62,-73.34],[169.55,-73.05],[170.16,-71.63],[168.17,-71.18],[167.57,-70.81],[164.4,-70.51],[163.35,-70.62],[162.67,-70.3],[161.42,-70.83],[161.04,-70.32],[160.21,-69.97],[159.78,-69.52],[158.16,-69.21],[157.48,-69.31],[155.52,-69.02],[154.2,-68.42],[153.08,-68.86],[151.56,-68.69],[151.07,-68.38],[148.46,-68.47],[146.8,-68.27],[146.83,-67.96],[145.98,-67.62],[143.94,-67.79],[144.62,-67.14],[143.45,-66.88],[139.9,-66.72],[137.75,-66.41],[135.35,-66.13],[134.97,-66.33],[133.44,-66.08],[131.83,-66.24],[130.95,-66.19],[129.74,-66.47],[129.24,-67.04],[127.54,-67.05],[126.66,-66.5],[125.87,-66.36],[124.6,-66.71],[123.97,-66.61],[122.18,-66.86],[121.49,-67.09],[119.13,-67.37],[118.14,-67.08],[116.71,-67.05],[114.03,-67.44],[113.99,-67.21],[115.27,-67.03],[115.31,-66.56],[114.34,-66.36],[113.1,-65.8],[110.91,-66.08],[110.62,-66.52],[109.46,-66.91],[108.16,-66.64],[103.95,-65.99],[102.67,-65.87],[101.47,-65.95],[100.89,-66.36],[99.37,-66.65],[98.26,-66.47],[95.54,-66.63],[94.84,-66.5],[93.96,-66.69],[92.07,-66.51],[89.7,-66.82],[87.98,-66.79],[85.71,-67.16],[84.49,-67.11],[83.3,-67.6],[82.02,-67.69],[79.29,-68.12],[78.73,-68.28],[77.82,-69.07],[75.89,-69.58],[75.42,-69.89],[73.94,-69.74],[72.82,-70.1],[71.9,-70.71],[71.28,-71.62],[69.55,-72.37],[68.42,-72.52],[67.97,-73.09],[66.89,-72.95],[67.43,-72],[68.04,-71.39],[68.87,-71.04],[69.25,-70.43],[67.27,-70.27],[68.18,-69.84],[69.08,-69.87],[68.91,-69.37],[69.63,-69.23],[69.53,-68.74],[69.98,-68.46],[69.42,-67.74],[68.33,-67.89],[63.7,-67.51],[62.69,-67.65],[60.48,-67.39],[59.25,-67.48],[57.63,-67.01],[57.19,-66.61],[55.71,-66.08],[53.67,-65.86],[51.88,-66.02],[50.33,-66.44],[50.61,-67.15],[49.25,-66.94],[48.71,-67.22],[48.65,-67.79],[47.12,-67.57],[44.99,-67.77],[42.82,-68.12],[39.86,-68.97],[39.71,-69.43],[38.86,-70.01],[37.56,-69.72],[35.22,-69.64],[34.19,-68.7],[33.12,-68.69],[32.57,-69.07],[32.99,-69.62],[32.62,-70],[30,-70.3],[27.21,-70.91],[25.97,-71.04],[24.76,-70.89],[23.8,-70.4],[22.98,-70.81],[21.7,-70.26],[21.07,-70.84],[19.27,-70.9],[19.2,-70.29],[18.12,-70.54],[15.81,-70.32],[13.82,-70.34],[12.93,-70.21],[11.7,-70.77],[9.14,-70.18],[8.52,-70.47],[5.11,-70.66],[2.61,-70.9],[0.83,-71.2],[-0.54,-71.71],[-0.9,-71.35],[-5.95,-71.34],[-5.94,-70.71],[-7.87,-70.94],[-7.71,-71.55],[-8.65,-71.67],[-9.23,-71.17],[-9.89,-71.03],[-10.83,-71.55],[-11.5,-72.41],[-14.32,-73.12],[-15.6,-73.1],[-16.52,-73.64],[-15.75,-73.95],[-15.67,-74.41],[-17.3,-74.33],[-19.49,-75.54],[-24.27,-75.77],[-28.93,-76.37],[-32.06,-77.16],[-34.08,-77.43],[-36.18,-78.47],[-36.24,-78.77],[-32.99,-79.23],[-30.32,-79.16],[-29.95,-79.6],[-25.26,-79.76],[-24.24,-80.06],[-29.33,-80.17],[-35.33,-80.65],[-37.21,-81.06],[-38.77,-80.88],[-41.43,-81.3],[-43.67,-82.27],[-48.36,-81.89],[-53.99,-82.2],[-57.35,-82.84],[-59.52,-83.46],[-61.59,-83.34],[-62.74,-82.53],[-65.91,-82.18],[-64.14,-81.87],[-64.75,-81.52],[-70.24,-80.86],[-75.24,-80.8],[-76.56,-79.9],[-76.5,-79.33],[-80.15,-79.27],[-83.26,-78.77],[-83.25,-78.36],[-80.29,-78.82],[-77.87,-78.75],[-77.43,-78.43],[-81.44,-77.89],[-80.6,-77.75],[-74.81,-78.18],[-72.85,-77.59],[-75.39,-77.47],[-76.25,-77.27],[-77.19,-76.63],[-75.27,-76.58],[-71.8,-76.75],[-70.1,-76.65],[-69.3,-76.35],[-66.37,-76.01],[-63.36,-75.45],[-63.92,-75],[-62.23,-74.51],[-61.01,-74.48],[-60.88,-73.61],[-61.41,-73.47],[-60.38,-73.01],[-60.72,-72.07],[-61.21,-71.56],[-61.02,-71.17],[-61.96,-70.9],[-61.96,-70.12],[-62.45,-69.58],[-63.46,-69.04],[-63.34,-68.81],[-64.9,-68.67],[-65.64,-68.13],[-65.44,-67.33],[-64.82,-67.31],[-64.69,-66.81],[-63.75,-66.28],[-61.88,-66.3],[-62.31,-65.84],[-62.15,-65.33],[-61.06,-64.98],[-59.96,-64.43],[-58.9,-64.39],[-58.26,-63.76],[-57.02,-63.37]]]},"properties":{"scalerank":0,"featurecla":"Land","min_zoom":0}},
{"type":"Feature","geometry":{"type":"Polygon","coordinates":[[[178.86,70.83],[180,70.99],[180,71.54],[178.89,71.23],[178.86,70.83]]]},"properties":{"scalerank":0,"featurecla":"Land","min_zoom":0.5}},
{"type":"Feature","geometry":{"type":"Polygon","coordinates":[[[17.98,59.33],[18.97,59.76],[18.56,60.25],[17.96,60.59],[17.25,60.7],[17.13,61.58],[17.42,61.74],[17.9,62.83],[20.76,63.87],[21.47,64.38],[21.14,64.81],[21.57,65.41],[23.69,65.83],[24.58,65.76],[25.35,65.48],[25.37,65.01],[24.56,64.8],[23.25,63.9],[22.24,63.44],[21.1,62.62],[21.26,61.99],[21.61,61.59],[21.44,60.6],[22.58,60.36],[22.79,60.08],[23.72,59.97],[27.24,60.54],[28.65,60.61],[29.15,60],[28.45,59.81],[27.89,59.41],[25.51,59.64],[24.38,59.47],[23.49,59.2],[23.77,58.36],[24.53,58.35],[24.3,57.78],[24.4,57.33],[23.65,56.97],[22.55,57.72],[21.73,57.57],[21.07,56.82],[21.06,55.81],[21.19,54.94],[19.97,54.92],[19.41,54.39],[18.67,54.43],[18.32,54.84],[16.56,54.55],[16.19,54.29],[14.72,54.02],[14.49,53.67],[13.87,53.85],[13.03,54.41],[12.58,54.47],[11.4,53.94],[10.21,54.41],[9.65,55.02],[9.59,55.49],[10.18,55.87],[10.54,57.45],[9.96,57.58],[9.55,57.23],[8.62,57.11],[8.16,56.61],[8.13,55.6],[8.62,55.42],[8.68,54.79],[8.96,54.54],[8.9,53.84],[8.54,53.56],[7.29,53.68],[6.82,53.44],[6.06,53.41],[4.68,52.81],[4.48,52.31],[3.95,51.81],[4.18,51.61],[3.74,51.6],[3.59,51.45],[1.58,50.74],[1.55,50.29],[1.25,50],[0.19,49.7],[-0.16,49.3],[-1.14,49.39],[-1.26,49.68],[-1.86,49.68],[-1.44,48.64],[-2.45,48.65],[-3.23,48.84],[-4.72,48.54],[-4.63,48.09],[-4.31,47.82],[-3.16,47.69],[-2.02,47.04],[-1.79,46.51],[-1.15,46.31],[-1.07,45.81],[-1.25,44.56],[-1.48,43.56],[-2.34,43.33],[-3.6,43.52],[-4.52,43.42],[-5.67,43.58],[-7.26,43.59],[-7.7,43.76],[-8.87,43.33],[-9.24,42.98],[-8.69,42.27],[-8.89,42.11],[-8.66,41.03],[-9.15,39.54],[-9.37,39.34],[-9.47,38.73],[-8.91,38.51],[-8.81,37.43],[-8.6,37.12],[-7.83,37.01],[-6.88,37.19],[-6.49,36.95],[-6.04,36.19],[-5.63,36.03],[-5.17,36.42],[-4.37,36.72],[-2.11,36.78],[-1.8,37.23],[-1.33,37.56],[-0.82,37.58],[-0.65,38.15],[0.2,38.76],[-0.2,39.06],[-0.33,39.52],[1.03,41.06],[2.08,41.29],[3.25,41.94],[3.05,42.92],[3.26,43.19],[4.05,43.59],[4.63,43.39],[6.12,43.07],[6.49,43.17],[7.18,43.66],[8.08,43.92],[8.77,44.42],[10.05,44.02],[10.71,42.94],[12.63,41.47],[13.09,41.24],[13.73,41.24],[14.1,40.83],[14.77,40.67],[14.95,40.24],[15.69,39.99],[16.2,38.76],[15.97,38.71],[15.72,37.94],[16.06,37.94],[16.55,38.41],[16.56,38.71],[17.17,39],[17.11,39.38],[16.53,39.86],[16.93,40.46],[17.87,40.28],[18.08,39.94],[18.49,40.1],[17.95,40.66],[17.1,41.06],[16.01,41.44],[15.96,41.94],[15.17,41.93],[14.01,42.69],[13.56,43.57],[12.4,44.22],[12.25,44.72],[12.52,44.97],[12.27,45.45],[13.03,45.64],[13.52,45.48],[13.97,44.84],[14.39,45.34],[14.85,45.08],[14.9,44.71],[15.27,44.38],[15.12,44.26],[15.94,43.66],[16.9,43.39],[17.82,42.8],[18.89,42.25],[19.58,41.79],[19.44,41.42],[19.4,40.28],[19.85,40.04],[20.3,39.33],[20.78,39.01],[21.11,38.38],[21.15,37.92],[21.57,37.54],[21.58,37.08],[22.08,37.03],[22.61,36.78],[23.07,36.77],[23.19,37.96],[23.97,38.28],[23.25,38.66],[22.97,39.03],[22.92,39.63],[22.59,40.04],[22.63,40.5],[23.31,40.22],[23.66,40.22],[24.38,40.91],[25.1,40.99],[25.86,40.84],[26.11,40.61],[27.26,40.69],[27.5,40.97],[28.17,41.08],[28.78,40.97],[29.06,41.23],[28.35,41.47],[27.98,42.05],[27.48,42.47],[27.89,42.75],[27.93,43.19],[28.56,43.5],[28.65,44.3],[29.05,44.76],[29.56,44.84],[29.73,45.34],[29.6,45.68],[30.22,45.87],[30.8,46.55],[31.97,46.71],[32.04,46.26],[32.48,46.08],[33.2,46.18],[33.66,45.95],[32.51,45.4],[33.56,45.1],[33.45,44.55],[33.91,44.39],[35.47,45.1],[36.39,45.07],[36.17,45.45],[35.56,45.31],[35.02,45.7],[34.85,46.19],[35.83,46.62],[37.34,46.92],[37.54,47.07],[38.48,47.18],[39.29,47.11],[37.97,46.62],[37.93,46],[37.65,45.38],[36.94,45.29],[37.41,44.74],[38.72,44.29],[39.87,43.47],[40.84,43.06],[41.49,42.66],[41.76,41.97],[41.41,41.42],[40.27,40.96],[39.43,41.11],[38.38,40.92],[36.51,41.26],[36.05,41.68],[35.3,41.73],[34.75,41.96],[33.38,42.02],[32.31,41.73],[31.25,41.11],[29.32,41.23],[29.36,40.81],[28.29,40.4],[27.48,40.32],[26.74,40.4],[26.18,39.99],[26.11,39.47],[26.68,39.29],[27.01,38.89],[26.76,38.71],[26.68,38.2],[27.23,37.98],[27.08,37.69],[27.35,37.02],[28.13,37.03],[29.04,36.69],[29.14,36.4],[29.69,36.16],[30.48,36.31],[30.64,36.87],[31.35,36.8],[32.02,36.54],[32.38,36.18],[32.79,36.04],[33.69,36.18],[34.6,36.78],[35.54,36.6],[35.96,36],[35.76,35.57],[35.94,35.22],[35.98,34.55],[35.65,34.25],[35.25,33.39],[34.68,31.9],[34.18,31.3],[33.67,31.13],[32.1,31.09],[31.19,31.59],[30.4,31.46],[29.59,31.01],[29.07,30.83],[28.51,31.05],[27.97,31.1],[27.25,31.38],[25.89,31.62],[25.23,31.53],[25.03,31.88],[23.29,32.21],[23.09,32.62],[22.19,32.92],[21.64,32.94],[20.62,32.58],[20.12,32.22],[19.93,31.82],[20.15,31.08],[19.71,30.49],[18.94,30.29],[18.19,30.78],[17.35,31.08],[16.12,31.26],[15.5,31.66],[15.18,32.39],[13.28,32.91],[12.28,32.86],[10.72,33.51],[10.16,33.85],[10.2,34.35],[10.53,34.54],[11.12,35.24],[11,35.63],[10.59,35.89],[10.53,36.32],[11.13,36.87],[10.57,36.88],[10.2,37.21],[9.69,37.34],[8.82,37],[7.91,36.86],[7.61,37],[6.93,36.92],[6.49,37.09],[6.06,36.86],[5.2,36.68],[4.76,36.9],[3.78,36.9],[2.97,36.78],[2.59,36.6],[1.26,36.52],[0.51,36.26],[0.05,35.9],[-0.92,35.67],[-1.67,35.18],[-2.02,35.09],[-2.84,35.13],[-3.69,35.28],[-4.33,35.16],[-5.11,35.47],[-5.4,35.93],[-5.92,35.79],[-6.35,34.78],[-6.9,33.97],[-8.3,33.37],[-9.25,32.57],[-9.35,32.09],[-9.81,31.42],[-9.88,30.72],[-9.67,30.11],[-10.49,29.06],[-11.43,28.38],[-11.99,28.13],[-12.95,27.91],[-13.18,27.66],[-13.58,26.74],[-14.41,26.25],[-14.79,25.4],[-15.04,24.55],[-15.59,24.07],[-16.21,23.1],[-16.51,22.33],[-16.93,21.9],[-16.88,21.09],[-16.62,20.63],[-16.21,20.23],[-16.28,19.79],[-16.51,19.36],[-16.21,19],[-16.08,18.52],[-16.08,17.55],[-16.54,16.29],[-16.54,15.84],[-17.15,14.92],[-17.17,14.64],[-16.59,13.69],[-16.82,13.34],[-16.71,12.35],[-16.14,11.92],[-15.96,11.96],[-15.82,11.76],[-15.5,11.72],[-15.39,11.22],[-14.78,10.93],[-14.43,10.25],[-13.7,9.85],[-13.27,9.17],[-13.18,8.58],[-12.88,7.86],[-12.51,7.67],[-12.49,7.39],[-11.93,7.18],[-10.79,6.31],[-10.28,6.08],[-9.13,5.05],[-8.26,4.59],[-7.43,4.38],[-6.85,4.67],[-5.56,5.09],[-4.04,5.23],[-2.4,4.93],[-2,4.76],[-1.64,4.98],[-0.8,5.23],[0.26,5.76],[0.95,5.81],[1.11,6.05],[1.82,6.26],[2.77,6.38],[4.13,6.41],[4.86,6.03],[5.23,5.48],[5.59,4.65],[6.08,4.29],[6.76,4.34],[7.15,4.51],[7.16,4.62],[7.28,4.55],[7.46,4.56],[7.64,4.53],[8.29,4.56],[8.43,4.75],[8.57,4.53],[8.76,4.58],[9,4.09],[9.43,3.92],[9.95,3.08],[9.81,1.93],[9.49,1.44],[9.63,0.78],[9.3,-0.35],[8.82,-0.71],[9.06,-1.3],[9.33,-1.53],[9.27,-1.83],[9.76,-2.52],[10.35,-3.01],[11.03,-3.83],[11.78,-4.57],[12.21,-5.47],[12.16,-5.63],[12.52,-6.59],[13.38,-8.37],[13.36,-8.69],[13,-9.05],[13.21,-9.7],[13.85,-11.05],[13.79,-11.81],[13.42,-12.52],[12.98,-12.78],[12.55,-13.44],[12.28,-14.64],[11.97,-15.63],[11.75,-15.83],[11.82,-16.7],[11.72,-17.47],[11.78,-18],[12.46,-18.93],[13.17,-20.18],[13.45,-20.92],[14.32,-22.19],[14.53,-22.7],[14.5,-24.2],[14.84,-25.03],[14.97,-26.32],[15.34,-27.39],[15.72,-27.97],[16.48,-28.64],[16.95,-29.4],[17.19,-30.1],[17.68,-31.02],[18.21,-31.74],[18.25,-32.65],[17.88,-32.96],[18.81,-34.11],[19.63,-34.75],[20.02,-34.79],[20.53,-34.46],[21.79,-34.37],[22.25,-34.07],[23.27,-34.08],[23.59,-33.99],[24.83,-34.17],[25,-33.97],[25.64,-34.01],[25.99,-33.71],[26.43,-33.76],[27.08,-33.52],[27.86,-33.05],[28.86,-32.29],[30.29,-30.97],[31.34,-29.38],[31.78,-28.94],[32.29,-28.62],[32.53,-28.2],[32.85,-27.08],[32.93,-26.25],[32.59,-26],[32.79,-25.64],[33.35,-25.26],[34.61,-24.82],[35.16,-24.54],[35.44,-24.17],[35.37,-23.8],[35.58,-22.96],[35.32,-22.4],[35.27,-21.65],[34.98,-20.81],[34.7,-20.4],[34.95,-19.81],[35.65,-19.16],[36.54,-18.52],[37.24,-17.74],[38.14,-17.24],[39.08,-16.97],[39.84,-16.44],[40.56,-15.47],[40.84,-14.79],[40.64,-14.39],[40.55,-13.46],[40.58,-12.64],[40.4,-11.33],[40.61,-10.66],[40.39,-10.35],[39.78,-9.91],[39.3,-8.44],[39.44,-8.01],[39.29,-7.52],[39.47,-6.88],[38.87,-6.33],[38.82,-5.88],[39.23,-4.67],[39.49,-4.48],[40.12,-3.25],[40.22,-2.69],[40.64,-2.54],[41,-1.95],[41.39,-1.87],[41.98,-0.97],[43.47,0.62],[44.33,1.39],[44.92,1.81],[46.05,2.48],[46.88,3.29],[47.98,4.5],[49.05,6.17],[49.35,6.99],[50.1,8.2],[50.83,9.43],[50.9,10.25],[51.14,10.66],[51.08,11.34],[51.25,11.83],[50.79,11.98],[50.11,11.53],[48.9,11.25],[48.67,11.32],[48.02,11.14],[47.4,11.17],[46.57,10.75],[45.82,10.84],[44.94,10.44],[44.39,10.43],[43.85,10.78],[43.44,11.35],[42.8,11.74],[43.41,12.19],[43.08,12.82],[42.8,12.86],[42.25,13.59],[41.66,13.98],[41.18,14.62],[40.2,15.01],[39.86,15.47],[39.51,15.53],[39.3,15.92],[39.14,16.73],[38.91,17.43],[38.57,18.07],[38.2,18.25],[37.47,18.82],[37.25,19.58],[37.15,21.1],[36.83,22.1],[36.23,22.63],[35.7,22.95],[35.52,23.44],[35.62,24.07],[35.19,24.48],[34.57,25.69],[33.96,26.65],[33.89,27.05],[33.55,27.61],[33.55,27.9],[32.9,28.57],[32.63,28.99],[33.08,29.07],[33.25,28.57],[33.76,28.05],[34.22,27.76],[34.62,28.15],[35.18,28.03],[36.25,26.59],[36.76,25.75],[37.15,25.29],[37.18,24.82],[37.54,24.29],[37.92,24.19],[38.46,23.71],[38.94,22.88],[39.1,22.39],[38.99,21.88],[39.09,21.31],[39.61,20.52],[40.76,19.76],[41.23,18.68],[41.75,17.89],[42.29,17.43],[42.7,16.74],[42.84,16.03],[42.72,15.65],[43.02,14.55],[43.09,14.01],[43.28,13.64],[43.23,13.27],[43.48,12.84],[43.93,12.62],[44.62,12.82],[45.04,12.82],[45.66,13.34],[46.79,13.47],[47.41,13.66],[47.99,14.05],[48.67,14.05],[49.35,14.64],[50.17,14.85],[50.53,15.04],[51.6,15.34],[52.22,15.66],[52.17,15.96],[52.58,16.47],[53.61,16.76],[54.07,17.01],[55.06,17.04],[55.48,17.84],[56.27,17.95],[56.55,18.17],[56.66,18.59],[57.18,18.9],[57.81,19.02],[57.72,19.61],[57.86,20.24],[58.47,20.41],[58.9,21.11],[59.37,21.5],[59.8,22.22],[58.58,23.64],[57.22,23.92],[56.64,24.47],[56.37,25.02],[56.43,26.33],[55.94,25.79],[54.75,24.81],[54.4,24.28],[53.89,24.08],[52.65,24.15],[51.91,23.99],[51.77,24.25],[51.31,24.34],[51.59,24.96],[51.54,25.9],[51,25.98],[50.56,25.09],[50.03,26.11],[50.21,26.31],[49.99,26.83],[49.41,27.18],[48.91,27.63],[48.18,28.98],[47.97,29.62],[47.98,30.01],[48.45,29.94],[48.92,30.12],[49.55,30.03],[49.98,30.21],[50.65,29.42],[50.68,29.15],[51.06,28.73],[51.28,28.13],[51.67,27.84],[52.48,27.62],[52.69,27.32],[53.71,26.73],[54.9,26.56],[55.65,26.98],[56.36,27.2],[56.98,26.91],[57.33,25.79],[57.8,25.65],[59.46,25.48],[61.41,25.1],[62.32,25.13],[62.57,25.25],[63.49,25.21],[63.72,25.39],[64.66,25.18],[64.78,25.31],[65.68,25.36],[66.43,25.58],[66.7,25.23],[66.7,24.86],[67.17,24.76],[67.31,24.17],[67.67,23.81],[68.04,23.85],[68.42,23.57],[68.64,23.19],[69.24,22.85],[69.66,22.76],[70.25,22.97],[70.18,22.57],[69.01,22.2],[70.13,21.09],[70.72,20.74],[71.02,20.74],[72.02,21.16],[72.25,21.53],[72.04,21.82],[72.33,22.27],[72.59,22.28],[72.54,21.7],[72.81,21.12],[72.88,20.56],[72.67,19.83],[72.87,18.68],[73.16,17.62],[73.34,16.46],[73.48,16.05],[73.93,15.4],[73.95,15.07],[74.38,14.49],[74.67,13.67],[74.77,13.08],[75.2,12.06],[75.72,11.36],[75.92,10.78],[76.35,9.92],[76.32,9.45],[76.55,8.9],[76.97,8.41],[77.52,8.08],[78.06,8.38],[78.19,8.89],[78.42,9.11],[78.98,9.27],[79,9.68],[79.39,10.31],[79.84,10.32],[79.85,11.2],[79.75,11.58],[79.86,11.99],[80.23,12.69],[80.34,13.36],[80.11,14.21],[80.05,15.07],[80.29,15.71],[80.65,15.9],[80.98,15.76],[81.24,16.26],[81.76,16.33],[82.26,16.56],[82.36,17.1],[83.2,17.61],[83.65,18.07],[84.1,18.29],[84.77,19.13],[85.58,19.69],[86.28,19.92],[86.75,20.31],[86.98,20.7],[86.86,21.24],[87.1,21.5],[87.95,21.83],[88.25,21.62],[89.05,21.65],[89.81,21.98],[90.16,21.82],[90.59,22.26],[90.44,22.75],[90.95,22.6],[91.48,22.8],[91.69,22.5],[92.01,21.68],[92.06,21.17],[93,20.07],[93.36,20.06],[94,19.44],[93.71,19.03],[94.07,18.89],[94.43,18.2],[94.59,17.57],[94.21,16.13],[94.59,16.29],[94.94,15.82],[95.39,15.72],[95.76,16.17],[96.62,16.56],[97.18,17.06],[97.38,16.52],[97.62,16.54],[97.81,14.86],[98.25,13.73],[98.58,13.16],[98.74,11.59],[98.68,10.99],[98.46,10.68],[98.56,9.84],[98.24,8.77],[98.24,8.42],[98.58,8.34],[99.72,7.11],[99.7,6.88],[100.12,6.44],[100.34,5.98],[100.35,5.59],[100.61,4.65],[100.72,3.97],[101.3,3.25],[101.35,3.01],[101.3,2.89],[102.73,1.86],[103.69,1.45],[104.29,1.48],[103.81,2.58],[103.44,2.93],[103.36,3.77],[103.47,4.39],[103.42,4.85],[102.98,5.52],[102.34,6.17],[101.8,6.47],[101.5,6.87],[101.02,6.86],[100.59,7.18],[100.28,8.27],[99.96,8.67],[99.72,9.31],[99.39,9.21],[99.16,9.73],[99.17,10.32],[99.49,10.89],[99.63,11.46],[99.99,12.17],[100.02,13.35],[100.66,13.52],[100.96,13.43],[100.86,12.71],[101.72,12.69],[102.76,12.01],[103.13,11.46],[103.15,10.91],[103.53,11.15],[103.72,10.89],[103.53,10.6],[104.26,10.54],[104.66,10.17],[105.03,10.07],[104.85,9.61],[104.82,8.8],[105.32,8.8],[105.5,9.09],[106.57,9.64],[106.81,10.43],[107.26,10.4],[108.27,10.93],[108.82,11.32],[109.2,11.72],[109.22,12.65],[109.42,12.96],[109.27,13.28],[109.3,13.86],[109.08,14.72],[108.82,15.38],[108.03,16.33],[107.18,16.9],[106.48,17.72],[106.5,17.95],[105.89,18.5],[105.62,18.97],[105.98,19.94],[106.52,20.29],[106.75,20.74],[106.68,20.96],[107.35,21.06],[107.41,21.28],[108.32,21.69],[109.93,21.48],[109.66,20.92],[110.12,20.26],[110.51,20.52],[110.19,21.04],[110.77,21.39],[111.6,21.56],[111.94,21.85],[112.59,21.78],[113.01,22.12],[113.9,22.43],[114.27,22.3],[114.65,22.76],[115.5,22.72],[116.47,22.95],[116.54,23.18],[118.06,24.25],[118.09,24.63],[118.56,24.58],[119.02,25.22],[119.54,25.59],[120.28,27.1],[121.1,28.29],[121.6,28.37],[121.72,29.26],[121.94,29.89],[121.16,30.3],[121,30.56],[121.88,30.92],[121.66,31.32],[121.06,31.72],[121.35,31.86],[121.4,32.37],[120.85,32.66],[120.87,33.02],[120.2,34.33],[119.58,34.58],[119.22,35.01],[120.05,35.86],[120.99,36.6],[121.93,36.96],[122.52,36.95],[122.6,37.43],[121.64,37.46],[120.75,37.83],[120.37,37.7],[119.45,37.12],[118.95,37.33],[119.09,37.7],[118.94,38.04],[118.01,38.18],[117.56,38.63],[117.78,39.13],[118.91,39.17],[119.59,39.9],[120.48,40.23],[121.17,40.9],[121.86,40.84],[122.28,40.54],[121.52,39.64],[121.79,39.4],[122.33,39.37],[123.35,39.76],[124.27,39.92],[125.36,39.53],[125.41,39.29],[125.07,38.56],[124.69,38.13],[125.19,38.04],[125.45,37.73],[125.94,37.87],[126.57,37.8],[126.87,36.98],[126.22,36.87],[126.55,36.48],[126.72,35.77],[126.29,35.15],[126.51,34.35],[127.71,34.95],[128.44,34.87],[128.51,35.1],[129.21,35.18],[129.56,35.95],[129.4,36.05],[129.47,36.74],[129.34,37.27],[128.62,38.18],[128.37,38.62],[127.79,39.08],[127.39,39.21],[127.57,39.78],[128.3,40.04],[129.71,40.86],[129.76,41.71],[130.07,42.05],[131.16,42.63],[131.72,43.2],[132.3,42.88],[133.16,42.7],[133.71,42.83],[135.13,43.53],[135.87,44.37],[136.14,44.49],[136.8,45.17],[137.69,45.82],[138.34,46.54],[138.59,47.06],[139.37,47.89],[140.17,48.52],[140.52,49.6],[140.48,50.55],[140.69,51.23],[141.49,52.18],[141.17,52.37],[141.4,53.18],[139.71,54.28],[138.7,54.32],[138.66,53.74],[137.33,53.54],[136.68,53.93],[136.8,54.62],[135.85,54.58],[135.26,54.94],[136.18,55.35],[137.69,56.14],[138.66,56.97],[140,57.69],[142.03,59],[143.19,59.37],[146.44,59.43],[147.51,59.27],[149.2,59.49],[149.64,59.77],[151.49,59.52],[151.99,59.16],[152.88,58.94],[153.36,59.21],[154.01,59.08],[155.17,59.36],[154.29,59.83],[154.97,60.38],[155.85,60.78],[157.47,61.8],[159.08,61.92],[160.77,60.75],[162.39,61.66],[163.01,61.79],[163.33,62.55],[164.26,62.7],[164.01,61.34],[163.71,60.92],[162,60.42],[161.75,60.15],[159.85,59.13],[159.04,58.42],[157.45,57.8],[156.73,57.15],[155.98,56.7],[155.55,55.35],[156.1,53.01],[156.36,52.51],[156.5,51.48],[156.75,50.97],[158.1,51.81],[158.46,52.3],[158.61,52.87],[159.9,53.38],[160.07,54.19],[160.77,54.54],[161.73,54.53],[162.11,54.75],[161.73,55.36],[162.08,56.09],[162.53,56.26],[163.34,56.23],[163.26,56.69],[162.8,56.81],[162.78,57.36],[161.96,58.08],[162.14,58.45],[163.27,59.3],[163.41,59.83],[163.78,60.04],[165.08,60.1],[166.35,60.48],[166.96,60.31],[168.14,60.57],[169.23,60.6],[169.98,60.07],[170.61,60.43],[172.39,61.06],[172.86,61.47],[174.51,61.82],[175.27,62.1],[177.35,62.59],[179.12,62.32],[179.57,62.69],[179.33,63.19],[178.71,63.52],[178.65,63.97],[177.43,64.44],[178.52,64.6],[180,65.07],[180,65.31],[180,68.98],[178.85,69.39],[176.92,69.65],[176.11,69.86],[173.28,69.82],[170.49,70.11],[171,69.05],[169.61,68.79],[169.31,69.08],[168.3,69.27],[167.63,69.74],[166.82,69.5],[162.38,69.65],[161.54,69.38],[159.83,69.78],[160.01,70.31],[159.35,70.79],[158.04,71.04],[155.9,71.1],[152.51,70.83],[150.6,71.52],[149.5,72.16],[148.4,72.31],[146.59,72.3],[145.49,72.54],[142.06,72.72],[139.6,72.5],[139.7,71.7],[137.32,71.36],[135.88,71.63],[134.1,71.38],[132.56,71.9],[131.56,70.9],[129.76,71.12],[128.36,72.09],[129.41,72.32],[128.89,73.19],[127.74,73.48],[125.62,73.52],[124.39,73.75],[123.31,73.53],[123.16,72.95],[119.75,72.98],[118.43,73.25],[118.45,73.59],[115.34,73.7],[114.06,73.58],[112.15,73.71],[110.26,74.02],[109.86,73.47],[107.75,73.17],[107.27,73.62],[108.2,73.69],[109.84,74.32],[111.87,74.74],[113.61,75.29],[113.87,75.86],[112.62,76.38],[111.11,76.72],[108.03,76.72],[107.43,76.93],[104.91,77.17],[105.89,77.49],[104.01,77.73],[100.99,76.99],[100.32,76.48],[96.88,75.93],[94.58,76.15],[93.55,75.85],[90.18,75.59],[87.67,75.13],[86.65,74.68],[86.59,73.89],[83.54,73.67],[80.58,73.57],[80.83,72.49],[82.18,72.24],[82.99,71.75],[81.51,71.75],[79.42,72.38],[78.48,72.39],[76.03,71.91],[75.74,72.3],[73.67,71.85],[73.09,71.44],[74.31,70.65],[73.56,69.71],[73.78,69.2],[74.81,69.09],[76,69.24],[76.46,68.98],[74.58,68.75],[74.39,68.42],[74.77,67.77],[73.79,67],[72.42,66.56],[71.92,66.25],[70.34,66.34],[69.19,66.58],[69.01,66.79],[69.88,66.85],[70.94,66.55],[71.55,66.76],[73.15,67.87],[73.55,68.57],[72.53,69.08],[72.73,70.82],[71.91,71.55],[72.62,72.08],[72.81,72.69],[71.5,72.91],[69.65,72.9],[69.04,72.67],[68.27,71.68],[66.92,71.28],[67.28,70.74],[67.06,69.69],[68.01,69.48],[68.54,68.97],[68.5,68.35],[63.36,69.68],[61.02,69.85],[60.17,69.59],[60.93,68.99],[59.9,68.42],[58.92,69],[57.13,68.55],[56.04,68.65],[53.97,68.23],[53.8,69],[52.55,68.59],[50.84,68.35],[48.88,67.73],[47.87,67.58],[47.71,67.05],[45.99,66.85],[44.94,67.48],[45.53,67.76],[46.69,67.85],[45.89,68.48],[44.05,68.55],[44.23,68],[43.78,67.25],[44.49,66.67],[44.1,66.24],[42.21,66.52],[41.48,66.12],[39.82,65.6],[40.28,65],[39.76,64.58],[38.01,64.88],[36.88,65.17],[36.53,64.85],[38.07,64.03],[37.44,63.81],[36.36,64],[34.87,64.56],[34.41,65.4],[34.79,65.86],[33.57,66.32],[32.46,66.92],[34.82,66.61],[35.51,66.4],[38.4,66.06],[39.29,66.13],[40.52,66.45],[41.19,66.83],[40.97,67.71],[40.38,67.83],[35.86,69.19],[33.68,69.31],[32.38,69.48],[29.6,69.98],[30.94,70.27],[29.1,70.86],[27.6,71.09],[24.42,70.7],[23.05,70.1],[22.68,70.37],[21.4,70.17],[21.16,69.89],[20.07,69.88],[19.2,69.75],[18.99,69.56],[18.29,69.48],[18.1,69.16],[16.65,68.63],[16.06,68.2],[14.8,67.81],[14.75,67.5],[13.1,66.54],[12.98,66.02],[12.27,65.57],[12.16,65.18],[11.35,64.91],[9.71,63.86],[9.7,63.62],[8.4,63.54],[8.1,63.09],[7.01,62.96],[5.53,62.31],[4.93,61.71],[5.05,60.71],[5.24,60.57],[5.13,59.23],[5.85,59.35],[5.71,58.52],[7,58.02],[8.17,58.15],[9.62,58.95],[10.18,59.01],[10.64,59.39],[11.2,59.08],[11.27,58.48],[11.73,57.72],[12.42,56.91],[12.88,56.62],[12.59,56.14],[13.32,55.35],[14.34,55.53],[14.22,55.83],[14.78,56.16],[16,56.22],[16.53,57.07],[16.65,58.43],[18.29,59.11],[17.98,59.33]],[[50.68,46.94],[51.18,47.11],[52.19,46.84],[52.92,46.95],[53.17,46.67],[53.14,46.19],[52.77,45.57],[53.08,45.31],[52.53,45.4],[51.42,45.36],[50.86,44.63],[50.83,44.19],[51.3,43.48],[51.84,42.91],[52.6,42.76],[52.46,42.1],[52.61,41.53],[53.16,42.09],[53.85,42.09],[54.09,41.52],[54.59,41.19],[54.71,40.89],[53.87,40.65],[53.15,40.82],[52.73,40.4],[52.99,39.99],[53.47,39.67],[53.12,39.43],[53.87,38.95],[53.82,37.93],[54.02,36.95],[52.19,36.62],[51.12,36.74],[50.53,37.01],[50.13,37.41],[49.47,37.5],[48.96,37.89],[48.85,38.82],[49.36,39.35],[49.32,39.61],[49.78,40.58],[48.23,42.18],[47.46,43.04],[47.51,43.51],[47.23,44.19],[46.75,44.42],[47.52,45.6],[48.16,45.74],[49.08,46.19],[49.35,46.52],[50,46.63],[50.68,46.94]]]},"properties":{"scalerank":0,"featurecla":"Land","min_zoom":0}},
{"type":"Feature","geometry":{"type":"Polygon","coordinates":[[[145.88,43.46],[145.89,43.42],[145.94,43.43],[145.93,43.46],[145.88,43.46]]]},"properties":{"scalerank":0,"featurecla":"Land","min_zoom":4}},
{"type":"Feature","geometry":{"type":"Polygon","coordinates":[[[146.36,43.63],[146.31,43.65],[146.29,43.63],[146.36,43.63]]]},"properties":{"scalerank":0,"featurecla":"Land","min_zoom":4}},
{"type":"Feature","geometry":{"type":"Polygon","coordinates":[[[146.05,43.41],[146.09,43.43],[146.09,43.45],[146.03,43.42],[146.05,43.41]]]},"properties":{"scalerank":0,"featurecla":"Land","min_zoom":4}},
{"type":"Feature","geometry":{"type":"Polygon","coordinates":[[[-159.74,-21.25],[-159.77,-21.19],[-159.83,-21.2],[-159.84,-21.24],[-159.74,-21.25]]]},"properties":{"scalerank":0,"featurecla":"Land","min_zoom":4}},
{"type":"Feature","geometry":{"type":"Polygon","coordinates":[[[-172.48,-8.58],[-172.49,-8.56],[-172.5,-8.55],[-172.48,-8.58]]]},"properties":{"scalerank":0,"featurecla":"Land","min_zoom":4}},
{"type":"Feature","geometry":{"type":"Polygon","coordinates":[[[-171.19,-9.36],[-171.19,-9.34],[-171.2,-9.34],[-171.19,-9.36]]]},"properties":{"scalerank":0,"featurecla":"Land","min_zoom":4}},
{"type":"Feature","geometry":{"type":"Polygon","coordinates":[[[-172.21,-4.51],[-172.21,-4.49],[-172.23,-4.51],[-172.21,-4.51]]]},"properties":{"scalerank":0,"featurecla":"Land","min_zoom":4}},
{"type":"Feature","geometry":{"type":"Polygon","coordinates":[[[-171.7,-2.77],[-171.66,-2.8],[-171.64,-2.83],[-171.64,-2.85],[-171.68,-2.82],[-171.67,-2.84],[-171.65,-2.86],[-171.63,-2.85],[-171.64,-2.81],[-171.66,-2.79],[-171.7,-2.77]]]},"properties":{"scalerank":0,"featurecla":"Land","min_zoom":4}},
{"type":"Feature","geometry":{"type":"Polygon","coordinates":[[[-171.09,-3.14],[-171.08,-3.12],[-171.09,-3.12],[-171.1,-3.14],[-171.09,-3.14]]]},"properties":{"scalerank":0,"featurecla":"Land","min_zoom":4}},
{"type":"Feature","geometry":{"type":"Polygon","coordinates":[[[-171.23,-4.46],[-171.24,-4.44],[-171.25,-4.44],[-171.26,-4.46],[-171.23,-4.46]]]},"properties":{"scalerank":0,"featurecla":"Land","min_zoom":4}},
{"type":"Feature","geometry":{"type":"Polygon","coordinates":[[[-174.51,-4.68],[-174.53,-4.66],[-174.53,-4.67],[-174.5,-4.69],[-174.51,-4.68]]]},"properties":{"scalerank":0,"featurecla":"Land","min_zoom":4}},
{"type":"Feature","geometry":{"type":"Polygon","coordinates":[[[-154.96,-4.09],[-154.95,-4.03],[-155.02,-4.05],[-154.96,-4.09]]]},"properties":{"scalerank":0,"featurecla":"Land","min_zoom":4}},
{"type":"Feature","geometry":{"type":"Polygon","coordinates":[[[-151.78,-11.44],[-151.8,-11.39],[-151.82,-11.41],[-151.81,-11.45],[-151.78,-11.44]]]},"properties":{"scalerank":0,"featurecla":"Land","min_zoom":4}},
{"type":"Feature","geometry":{"type":"Polygon","coordinates":[[[-155.86,-5.63],[-155.87,-5.61],[-155.93,-5.61],[-155.91,-5.63],[-155.86,-5.63]]]},"properties":{"scalerank":0,"featurecla":"Land","min_zoom":4}},
{"type":"Feature","geometry":{"type":"Polygon","coordinates":[[[-178.54,-19.17],[-178.57,-19.14],[-178.6,-19.15],[-178.55,-19.17],[-178.54,-19.17]]]},"properties":{"scalerank":0,"featurecla":"Land","min_zoom":4}},
{"type":"Feature","geometry":{"type":"Polygon","coordinates":[[[-179.8,-18.94],[-179.83,-18.92],[-179.86,-18.94],[-179.8,-18.97],[-179.8,-18.94]]]},"properties":{"scalerank":0,"featurecla":"Land","min_zoom":4}},
{"type":"Feature","geometry":{"type":"Polygon","coordinates":[[[-178.71,-20.67],[-178.72,-20.65],[-178.73,-20.65],[-178.72,-20.67],[-178.71,-20.67]]]},"properties":{"scalerank":0,"featurecla":"Land","min_zoom":4}},
{"type":"Feature","geometry":{"type":"Polygon","coordinates":[[[-78.8,-33.65],[-78.89,-33.58],[-78.98,-33.67],[-78.8,-33.65]]]},"properties":{"scalerank":0,"featurecla":"Land","min_zoom":3}},
{"type":"Feature","geometry":{"type":"Polygon","coordinates":[[[-14.36,-7.97],[-14.3,-7.94],[-14.38,-7.88],[-14.41,-7.94],[-14.36,-7.97]]]},"properties":{"scalerank":0,"featurecla":"Land","min_zoom":4}},
{"type":"Feature","geometry":{"type":"Polygon","coordinates":[[[72.78,11.2],[72.79,11.22],[72.8,11.26],[72.78,11.24],[72.77,11.21],[72.78,11.2]]]},"properties":{"scalerank":0,"featurecla":"Land","min_zoom":4}},
{"type":"Feature","geometry":{"type":"Polygon","coordinates":[[[73.07,8.27],[73.08,8.29],[73.08,8.31],[73.06,8.27],[73.07,8.27]]]},"properties":{"scalerank":0,"featurecla":"Land","min_zoom":4}},
{"type":"Feature","geometry":{"type":"Polygon","coordinates":[[[73.42,3.23],[73.44,3.27],[73.4,3.29],[73.38,3.25],[73.42,3.23]]]},"properties":{"scalerank":0,"featurecla":"Land","min_zoom":4}},
{"type":"Feature","geometry":{"type":"Polygon","coordinates":[[[73.51,4.16],[73.53,4.24],[73.5,4.23],[73.47,4.17],[73.51,4.16]]]},"properties":{"scalerank":0,"featurecla":"Land","min_zoom":4}},
{"type":"Feature","geometry":{"type":"Polygon","coordinates":[[[131.17,3.03],[131.17,3.06],[131.14,3.04],[131.17,3.03]]]},"properties":{"scalerank":0,"featurecla":"Land","min_zoom":4}},
{"type":"Feature","geometry":{"type":"Polygon","coordinates":[[[151.65,7.35],[151.63,7.39],[151.6,7.36],[151.65,7.35]]]},"properties":{"scalerank":0,"featurecla":"Land","min_zoom":4}},
{"type":"Feature","geometry":{"type":"Polygon","coordinates":[[[151.88,7.43],[151.91,7.45],[151.87,7.47],[151.88,7.43]]]},"properties":{"scalerank":0,"featurecla":"Land","min_zoom":4}},
{"type":"Feature","geometry":{"type":"Polygon","coordinates":[[[166.89,11.15],[166.89,11.17],[166.86,11.17],[166.86,11.15],[166.89,11.15]]]},"properties":{"scalerank":0,"featurecla":"Land","min_zoom":4}},
{"type":"Feature","geometry":{"type":"Polygon","coordinates":[[[177.12,-12.51],[177.12,-12.48],[177.07,-12.48],[177.08,-12.52],[177.12,-12.51]]]},"properties":{"scalerank":0,"featurecla":"Land","min_zoom":4}},
{"type":"Feature","geometry":{"type":"Polygon","coordinates":[[[174.63,-21.7],[174.6,-21.67],[174.59,-21.7],[174.63,-21.7]]]},"properties":{"scalerank":0,"featurecla":"Land","min_zoom":4}},
{"type":"Feature","geometry":{"type":"Polygon","coordinates":[[[179.21,-8.52],[179.21,-8.49],[179.2,-8.49],[179.2,-8.51],[179.21,-8.52]]]},"properties":{"scalerank":0,"featurecla":"Land","min_zoom":4}},
{"type":"Feature","geometry":{"type":"Polygon","coordinates":[[[178.69,-7.48],[178.69,-7.47],[178.67,-7.48],[178.69,-7.49],[178.69,-7.48]]]},"properties":{"scalerank":0,"featurecla":"Land","min_zoom":4}},
{"type":"Feature","geometry":{"type":"Polygon","coordinates":[[[178.39,-8.05],[178.37,-8.06],[178.38,-8.07],[178.39,-8.05]]]},"properties":{"scalerank":0,"featurecla":"Land","min_zoom":4}},
{"type":"Feature","geometry":{"type":"Polygon","coordinates":[[[169.55,-0.87],[169.54,-0.85],[169.52,-0.87],[169.55,-0.87]]]},"properties":{"scalerank":0,"featurecla":"Land","min_zoom":4}},
{"type":"Feature","geometry":{"type":"Polygon","coordinates":[[[-128.29,-24.4],[-128.3,-24.33],[-128.35,-24.34],[-128.32,-24.4],[-128.29,-24.4]]]},"properties":{"scalerank":0,"featurecla":"Land","min_zoom":4}},
{"type":"Feature","geometry":{"type":"Polygon","coordinates":[[[-166.11,66.23],[-165.94,66.28],[-166.03,66.28],[-166.15,66.24],[-166.11,66.23]]]},"properties":{"scalerank":0,"featurecla":"Land","min_zoom":4}},
{"type":"Feature","geometry":{"type":"Polygon","coordinates":[[[-86.71,21.24],[-86.74,21.28],[-86.75,21.28],[-86.74,21.23],[-86.71,21.24]]]},"properties":{"scalerank":0,"featurecla":"Land","min_zoom":4}},
{"type":"Feature","geometry":{"type":"Polygon","coordinates":[[[54.47,24.44],[54.4,24.51],[54.36,24.44],[54.47,24.44]]]},"properties":{"scalerank":0,"featurecla":"Land","min_zoom":4}},
{"type":"Feature","geometry":{"type":"Polygon","coordinates":[[[-81.78,24.54],[-81.74,24.55],[-81.77,24.58],[-81.78,24.54]]]},"properties":{"scalerank":0,"featurecla":"Land","min_zoom":4}},
{"type":"Feature","geometry":{"type":"Polygon","coordinates":[[[124.74,37.98],[124.66,37.97],[124.7,37.92],[124.74,37.98]]]},"properties":{"scalerank":0,"featurecla":"Land","min_zoom":4}}
]}